#include "rtcm_sample.h"


uint8_t base_rtcm_sample[]=
{
    0xD3,0x00,0x13,0x3E,0xDD,0x07,0x03,0xBA,0xEF,0x51,0x98,0x00,0x8A,0x37,0x02,0xD2,
    0x9D,0x09,0x7B,0xA5,0xD7,0x80,0xC0,0xF7,0xAC,0xD3,0x00,0xEA,0x43,0x5D,0x07,0x46,
    0x19,0x50,0x02,0x00,0x20,0x05,0x15,0x29,0x86,0x00,0x00,0x00,0x00,0x20,0x00,0x01,
    0x00,0x57,0x5D,0xF6,0x8A,0xAC,0x9C,0x84,0x86,0x96,0x92,0xA2,0xA6,0x94,0xA0,0x00,
    0x00,0x00,0x00,0x00,0x15,0xBB,0xB2,0xAF,0xD8,0x91,0x66,0x2D,0x58,0x5A,0x04,0xB1,
    0x9A,0xDD,0x01,0xEC,0x0D,0x10,0x4D,0xE0,0x2D,0xFD,0xA9,0xED,0xF0,0x32,0x7E,0xFC,
    0xFA,0x52,0x0C,0xA0,0x1B,0xE4,0x69,0xD8,0x24,0x91,0x99,0xEC,0xA5,0xA3,0x04,0x1B,
    0x72,0x26,0x2B,0x38,0x81,0x3E,0xC4,0x13,0xF3,0xDF,0x27,0x17,0x9E,0x72,0x1A,0x3D,
    0x87,0xAF,0x94,0x5B,0xAE,0x65,0x93,0x9C,0xA3,0xB1,0xEA,0x3B,0xBE,0x61,0x92,0xD4,
    0x10,0x00,0x00,0x1E,0x6A,0x5E,0xBE,0xF6,0x55,0xFF,0x2C,0x25,0x60,0xE7,0x3C,0x40,
    0x5D,0xDB,0xC0,0xB5,0x30,0x5F,0xF8,0x6B,0xFE,0x75,0x54,0x5E,0xFA,0x72,0x1E,0xC3,
    0x91,0x5F,0x22,0xE0,0x9E,0x48,0x76,0xC0,0xE5,0x66,0x81,0x5B,0x77,0xD3,0xD0,0x01,
    0x3E,0xD8,0x13,0x2C,0x99,0x10,0xD8,0x14,0x0B,0xC5,0x60,0x24,0x2C,0xDC,0xC9,0x25,
    0x58,0x08,0x00,0x17,0x83,0xA1,0x58,0x5C,0x18,0x05,0xE1,0x60,0x60,0x16,0x84,0x61,
    0x50,0x40,0x13,0x05,0xC1,0x50,0x5A,0x02,0xEA,0x3F,0xAB,0x8D,0x91,0x1A,0x1E,0x2A,
    0x07,0x72,0x8F,0xB9,0xCF,0x4F,0xBD,0x41,0x7C,0xF1,0x79,0x34,0xFA,0x7B,0xF4,0x24,
    0x48,0xB1,0x1E,0xC2,0x1F,0xE0,0x2D,0x88,0xD1,0xD3,0x00,0xDC,0x44,0x9D,0x07,0x46,
    0x19,0x50,0x02,0x00,0x20,0x0C,0x78,0x10,0x00,0x08,0x00,0x00,0x00,0x20,0x00,0x01,
    0x00,0x7F,0xFF,0xA7,0x2F,0xA8,0x28,0xA5,0xAC,0x2F,0x29,0x00,0x00,0x00,0x00,0x5F,
    0x45,0x9D,0x8F,0xBF,0x3E,0x8B,0x5D,0xA5,0x3F,0x01,0x65,0xEF,0x67,0xD8,0xA0,0xB5,
    0x00,0xCC,0x0F,0xC8,0x40,0xFF,0x43,0x8B,0xC6,0x68,0xC3,0x0C,0x70,0x27,0x57,0x28,
    0x99,0x7C,0x40,0xB7,0xC7,0x65,0x1D,0x93,0xD9,0xD7,0xD4,0x81,0xD6,0xA0,0x0B,0x19,
    0x73,0xE1,0x5F,0x41,0x21,0x84,0xBD,0x20,0x4A,0x98,0x15,0x03,0xF9,0x50,0x9C,0x40,
    0x00,0x00,0x07,0x37,0x9C,0xC0,0x00,0x00,0x40,0x00,0x00,0x40,0x00,0x00,0x02,0xEA,
    0xDD,0x40,0x00,0x00,0x09,0xA8,0x2C,0x40,0x00,0x00,0x00,0xED,0x40,0x40,0x00,0x00,
    0x7D,0x80,0xAE,0xC0,0x00,0x00,0x01,0xFC,0xAA,0x40,0x00,0x00,0x06,0x09,0x23,0x80,
    0x16,0x00,0x00,0x00,0x00,0x16,0x00,0x01,0x60,0x00,0x16,0x00,0x01,0x43,0x00,0x0B,
    0x10,0x00,0xD4,0x00,0x00,0x54,0x19,0x02,0xA0,0xC8,0x5A,0x17,0x85,0xA1,0x80,0x50,
    0x16,0x84,0xE1,0x50,0x3E,0x11,0x05,0x81,0x88,0x7C,0x12,0x04,0x57,0xBE,0x47,0xDD,
    0xE8,0x43,0x01,0x44,0xDD,0x12,0xFD,0x21,0x06,0x04,0x17,0x9A,0x44,0x48,0xB5,0x5F,
    0x7E,0xD0,0x20,0x64,0x9F,0x8C,0x31,0x80,0x05,0xAE,0x20,0xD3,0x01,0xB5,0x46,0x7D,
    0x07,0x46,0x18,0x75,0x42,0x00,0x20,0x03,0xE6,0x80,0xFA,0xC3,0x50,0x00,0x00,0x20,
    0x00,0x01,0x00,0x55,0x55,0x7F,0xFF,0xFF,0xC0,0xC4,0xBC,0x42,0xC3,0x3C,0xA8,0xC0,
    0x2A,0xAB,0xAC,0xA5,0xA5,0xAB,0x2B,0x26,0x3C,0x3F,0x25,0x2C,0x80,0x00,0x00,0x00,
    0x00,0x00,0x00,0x00,0x00,0x00,0x74,0xEC,0x91,0xA7,0x0D,0xFA,0xF7,0xC2,0x83,0x5D,
    0xC4,0xCF,0xE8,0x56,0xF3,0x57,0xF9,0x5A,0xD4,0x87,0x11,0x14,0xFC,0xCA,0xA3,0xFD,
    0x8C,0x08,0xCF,0xF7,0xBF,0x70,0x02,0x81,0xFD,0x28,0x3B,0x1F,0x67,0xFD,0xC5,0xEF,
    0xB8,0x0C,0x7F,0xC4,0x03,0x5D,0xEF,0x4F,0xC4,0x40,0x9F,0xFF,0xC9,0xF6,0xD7,0xED,
    0xA1,0x4A,0xF8,0x31,0x3E,0x0A,0x73,0x1A,0xF3,0x96,0xCD,0x9B,0x81,0xA4,0x8F,0x35,
    0xB1,0x8C,0x04,0x76,0x18,0x99,0xE5,0x91,0xE6,0x41,0x88,0x8F,0xA2,0x11,0x04,0x6B,
    0x78,0x78,0x57,0x39,0x7E,0x68,0xE9,0xEE,0x75,0x43,0x9A,0x55,0x19,0x92,0x9D,0xF7,
    0x19,0xC7,0x60,0xAD,0x96,0x86,0xA1,0x5F,0x7A,0xF2,0x61,0xFF,0x6C,0x2A,0x79,0x88,
    0x1F,0x79,0xA8,0x6B,0x34,0x9E,0x9C,0x7E,0xE1,0x1C,0xA6,0x1C,0x71,0xE6,0x16,0x9E,
    0xD3,0xD3,0xFD,0xE7,0xED,0x40,0x00,0x00,0x06,0xA8,0x8B,0x7B,0x79,0x0E,0xFF,0xEA,
    0x81,0xFC,0xC2,0x2C,0x84,0x35,0xF1,0x78,0x89,0xB7,0x79,0x49,0xE2,0xFA,0x24,0xA6,
    0x83,0xF8,0xA1,0x84,0xD8,0xBF,0x40,0x00,0x00,0x7D,0xAA,0x88,0x7A,0x6E,0x21,0xFB,
    0x48,0x4F,0x86,0xA0,0x5C,0x89,0x3E,0xDB,0x7D,0x5C,0x01,0x7E,0x51,0x78,0x84,0xCB,
    0x4E,0x06,0x28,0x7A,0xFC,0xAE,0x31,0xC0,0x00,0x00,0x7E,0x45,0xC1,0x7F,0xC3,0x97,
    0x7B,0x11,0x91,0x7D,0x34,0x55,0x78,0x79,0x05,0x7C,0x6F,0xFE,0xC0,0x00,0x00,0x40,
    0x00,0x00,0x42,0x20,0x04,0x6B,0x04,0xB6,0xD2,0x85,0x0A,0xD8,0x41,0x91,0x3B,0x90,
    0xD9,0x00,0x0B,0x4C,0x91,0x2A,0xCD,0x76,0x03,0x80,0xED,0xB2,0x8D,0x94,0xC0,0x00,
    0x4D,0x34,0xF4,0x73,0x2E,0xC8,0x13,0x30,0x00,0x00,0x20,0x04,0x00,0x01,0x54,0x0E,
    0x05,0x21,0x30,0x46,0x16,0x05,0x41,0x58,0x56,0x16,0x84,0xA1,0x40,0x30,0x0F,0x85,
    0xE1,0x80,0x5E,0x17,0x04,0x81,0x30,0x4A,0x11,0x85,0xE1,0x98,0x5E,0x18,0x85,0x41,
    0x70,0x5A,0x19,0x82,0x60,0x60,0x72,0x64,0x13,0xFC,0x48,0x57,0xA4,0x10,0xE6,0x4F,
    0xBF,0x1F,0x47,0x49,0x4F,0x8E,0xA5,0x1E,0x92,0x0A,0x1C,0x02,0xD0,0xF6,0xB2,0xD7,
    0x22,0xA6,0x85,0x65,0x78,0xEB,0xF0,0xE1,0xC5,0x2B,0xA3,0x68,0x42,0xEF,0xFF,0xE4,
    0xBA,0x86,0x48,0x76,0x5E,0xED,0x3E,0x10,0x88,0x17,0x50,0x97,0xD1,0x22,0x62,0x60,
    0x60,0x00,0x00,0xCC,0xD7,0x53,0xD3,0x00,0x60,0x45,0xDD,0x07,0x46,0x19,0x50,0x00,
    0x00,0x20,0x19,0x00,0x00,0x00,0x00,0x00,0x00,0x00,0x20,0x00,0x01,0x00,0x7E,0xF9,
    0x04,0xFA,0x00,0x1E,0xC6,0x2E,0xBE,0xFF,0xB6,0x00,0xB0,0x00,0x01,0x7B,0xFF,0x00,
    0x00,0x06,0x7F,0x16,0x69,0x93,0x1E,0x43,0xC9,0xE4,0xA1,0xC0,0x5C,0x8D,0xF0,0x00,
    0x00,0x01,0xDA,0xBE,0x82,0x35,0x16,0xFF,0xA0,0xE0,0x3F,0xCC,0x7C,0x15,0x23,0x4F,
    0x4E,0x52,0xF3,0xED,0x80,0x05,0xA1,0x30,0x54,0x18,0x84,0xC1,0x88,0x7E,0xDF,0x80,
    0x01,0xD2,0x43,0x9F,0xF0,0x96,0x01,0x1F,0x00,0x98,0x52,0xF0,0xD3,0x00,0x3F,0x41,
    0x64,0xD3,0x68,0x68,0x6B,0x0C,0xB1,0x31,0x00,0x00,0x2F,0xA7,0xF6,0x91,0x4D,0xAC,
    0x00,0xDC,0x98,0x4E,0x1F,0x92,0xC8,0xCC,0x00,0x74,0x00,0xB7,0x47,0xF0,0x23,0x7A,
    0xA8,0x13,0x74,0x3D,0x31,0x00,0x00,0x2A,0x57,0xDD,0xB9,0x20,0x00,0xC2,0x74,0x80,
    0xD7,0x61,0xEC,0x6C,0x46,0x31,0xFB,0x1F,0xFC,0x0B,0x5F,0xCB,0xF1,0x00,0x85,0xFD,
    0x09,0xD3,0x00,0x3D,0x3F,0xB3,0x4D,0xA0,0x40,0x57,0x2C,0x48,0x12,0x00,0x00,0x2E,
    0x45,0xF8,0x18,0x2C,0xFE,0x9C,0x33,0x6B,0x07,0x67,0xA3,0x13,0xFE,0xA5,0x03,0x9A,
    0x2C,0x4B,0x0B,0xD1,0xA1,0x0D,0x4C,0xDB,0x48,0x12,0xFF,0xF2,0xAC,0x76,0x6B,0x87,
    0x00,0x22,0x27,0x80,0xD8,0xA9,0x22,0xCF,0x24,0xFD,0xDE,0xA1,0xFF,0xA6,0x29,0xE8,
    0x00,0xFE,0x94,0x0E,0xD3,0x00,0x3D,0x3F,0xB1,0x4D,0xA0,0x43,0xE2,0x6F,0x48,0x12,
    0x00,0xFF,0xF3,0xEE,0xD2,0x70,0x6F,0xFE,0x69,0x2D,0x5B,0x27,0x19,0x5B,0xB3,0xFE,
    0xB3,0x03,0x13,0x5C,0x6F,0x15,0xD3,0xA1,0x0D,0x79,0xEE,0x48,0x12,0xFF,0xC8,0x7A,
    0x4E,0x9C,0xDE,0xFF,0xCE,0x27,0x62,0x6D,0x1D,0x17,0x51,0x2F,0x40,0xC5,0xC5,0xFF,
    0xAA,0x09,0xE8,0x00,0x2D,0x20,0x8D,0xD3,0x00,0x3D,0x41,0x43,0x48,0x12,0x00,0x00,
    0x09,0x00,0xD9,0xD1,0x96,0xFC,0x5C,0x82,0xA7,0x1D,0xE4,0x0E,0xAB,0x71,0x3C,0x99,
    0x26,0x50,0x28,0x11,0x83,0x2B,0xB9,0x09,0x41,0x20,0x4B,0xF8,0xF5,0x18,0x21,0x3E,
    0x7C,0x04,0x74,0x73,0x9D,0x4C,0x00,0x0E,0xEB,0x03,0xB4,0xBC,0xBF,0xFF,0x70,0xFB,
    0xCD,0xF8,0xDA,0x10,0x00,0x06,0x50,0x3C,0xFC,0x4A,0xD3,0x00,0x3D,0x3F,0xB4,0x8D,
    0xA0,0x7D,0x2B,0xE6,0x48,0x12,0x00,0xFF,0x7C,0xD7,0xC0,0xE0,0xE6,0xF2,0xED,0x2A,
    0xE1,0xC4,0xA4,0x5F,0x57,0xF4,0x8F,0x01,0xB1,0x77,0x1B,0x11,0x73,0xA1,0x0D,0x65,
    0x76,0x48,0x12,0xFF,0xD2,0x52,0x44,0xDF,0x31,0xFF,0xE5,0x27,0xAD,0x27,0x83,0x1C,
    0x4A,0x7F,0x3E,0xAD,0x6B,0xFF,0xAA,0x83,0xEE,0x00,0xCF,0x44,0x0B,0xD3,0x00,0x13,
    0x3E,0xDD,0x07,0x03,0xBA,0xEF,0x51,0x96,0x40,0x8A,0x37,0x02,0xD4,0x00,0x09,0x7B,
    0xA5,0xD8,0xCC,0x09,0x29,0x90,0xD3,0x00,0xEA,0x43,0x5D,0x07,0x46,0x19,0x5F,0xA2,
    0x00,0x20,0x05,0x15,0x29,0x86,0x00,0x00,0x00,0x00,0x20,0x00,0x01,0x00,0x57,0x5D,
    0xF6,0x8A,0xAC,0x9C,0x84,0x86,0x96,0x92,0xA2,0xA6,0x94,0xA0,0x00,0x00,0x00,0x00,
    0x00,0x15,0xC3,0xB6,0xB0,0xD8,0x91,0x5E,0x29,0x58,0xD9,0xC4,0x99,0x9C,0xDD,0x81,
    0xEC,0x0D,0x10,0x4D,0xE0,0x2D,0xFD,0xA9,0xED,0xF0,0x32,0x7E,0xFC,0xFA,0x52,0x0C,
    0xA0,0x1B,0xE1,0xD6,0x73,0x93,0x41,0xFB,0xF8,0x4D,0xC3,0xC6,0x40,0x7A,0x12,0x23,
    0xCC,0x61,0x9C,0xB6,0x1A,0x11,0x45,0x25,0xC7,0xD9,0x57,0x5D,0xD8,0xD0,0x33,0x04,
    0xA3,0xED,0x3D,0xF4,0x89,0x9F,0xDB,0x85,0xFE,0xD9,0x00,0xEF,0x0A,0xF0,0x00,0x00,
    0x1E,0xED,0x67,0xFF,0x79,0x63,0x40,0x6A,0x5D,0x00,0xCB,0x48,0x80,0x76,0x7E,0x00,
    0xCD,0xCD,0xC1,0x77,0xAF,0x7F,0x5C,0x48,0x3F,0xE1,0x5B,0xE0,0xD3,0x31,0x81,0x32,
    0x86,0x3F,0xCD,0x0B,0x1F,0xF1,0xD8,0xA0,0x67,0xE6,0xD3,0xD0,0x01,0x3E,0xD8,0x13,
    0x2C,0x99,0x10,0xD8,0x14,0x0B,0xC5,0x60,0x24,0xAC,0xE4,0xC9,0x25,0x58,0x08,0x00,
    0x17,0x83,0x61,0x58,0x5C,0x18,0x05,0xC1,0x60,0x62,0x16,0x84,0xA1,0x50,0x44,0x13,
    0x85,0xC1,0x50,0x5A,0x02,0x88,0x87,0x17,0x8C,0x8B,0x19,0x3C,0x33,0xBF,0x85,0xFF,
    0xA9,0x6F,0x29,0x9C,0xA0,0x3D,0xEB,0xF7,0x41,0xEE,0x87,0xE7,0xD4,0x48,0x69,0x36,
    0x02,0x42,0x20,0xB6,0x04,0x90,0xD3,0x00,0xDC,0x44,0x9D,0x07,0x46,0x19,0x5F,0xA2,
    0x00,0x20,0x0C,0x78,0x10,0x00,0x08,0x00,0x00,0x00,0x20,0x00,0x01,0x00,0x7F,0xFF,
    0xA7,0x2F,0xA8,0x28,0xA5,0xAC,0x2F,0x29,0x00,0x00,0x00,0x00,0x5F,0x65,0x8D,0x8D,
    0xC0,0x3E,0x8B,0x6D,0xA9,0x3E,0x81,0x65,0xEF,0x67,0xD8,0xA0,0xB5,0x00,0xCC,0x0F,
    0xC8,0x40,0xFF,0x43,0xF2,0xAD,0xB7,0x30,0xC5,0x7B,0xC0,0xD7,0xE1,0xD3,0xF7,0x52,
    0x8F,0x79,0x2E,0xEC,0xA3,0x6E,0xC8,0x7F,0x98,0x32,0x99,0x6F,0xEE,0x62,0x3F,0x96,
    0x28,0x4D,0x75,0xED,0x0F,0x60,0xB3,0x02,0x73,0x98,0x2B,0x01,0x40,0x00,0x00,0x00,
    0xEE,0x27,0xC0,0x00,0x00,0x40,0x00,0x00,0x40,0x00,0x00,0x01,0xB2,0xC4,0xC0,0x00,
    0x00,0x7D,0x6A,0x1F,0xC0,0x00,0x00,0x06,0x80,0x11,0x40,0x00,0x00,0x79,0x1D,0x5A,
    0xC0,0x00,0x00,0x7E,0x54,0x2D,0x40,0x00,0x00,0x01,0x72,0xA7,0x80,0x16,0x00,0x00,
    0x00,0x00,0x16,0x00,0x01,0x60,0x00,0x16,0x00,0x01,0x43,0x00,0x0B,0x18,0x00,0xD4,
    0x00,0x00,0x54,0x18,0x82,0x80,0xC0,0x5A,0x17,0x85,0xA1,0x78,0x50,0x16,0x84,0xE1,
    0x50,0x3E,0x11,0x05,0x61,0x88,0x7B,0xB5,0x04,0x37,0xBD,0x4F,0x74,0xE0,0x34,0x91,
    0x36,0xBC,0xEA,0x3D,0x49,0x05,0x84,0x16,0xB8,0x3B,0x14,0xAB,0xD7,0x56,0x8F,0x75,
    0xA4,0x4C,0xCB,0xF9,0x00,0xB4,0xD6,0xA2,0xD3,0x01,0x9C,0x46,0x7D,0x07,0x46,0x18,
    0x84,0xE2,0x00,0x20,0x03,0xE6,0x80,0xFA,0xC3,0x40,0x00,0x00,0x20,0x00,0x01,0x00,
    0x55,0x55,0x7F,0xFF,0xFF,0x03,0x12,0xF1,0x0B,0x0C,0xF2,0xA3,0x00,0xAA,0xAE,0xB2,
    0x96,0x96,0xAC,0xAC,0x98,0xF0,0xFC,0x94,0x00,0x00,0x00,0x00,0x00,0x00,0x00,0x00,
    0x00,0x1D,0x33,0x24,0x69,0xC3,0x5E,0xC5,0xEE,0xA1,0xD7,0x31,0x2B,0xF6,0x15,0xBC,
    0xB6,0x0E,0x52,0xB4,0xA1,0xE4,0x45,0x3D,0x32,0x7D,0x8C,0x08,0xD7,0xF7,0xBF,0x70,
    0x02,0x81,0xFD,0x28,0x3B,0x1F,0x67,0xFD,0xC5,0xEF,0xB8,0x0C,0x7F,0xC4,0x03,0x5D,
    0xEF,0x4F,0xC4,0x40,0x9F,0xFF,0xC9,0xF6,0xD7,0xED,0xBC,0xD9,0x50,0x79,0x27,0x43,
    0x15,0xEB,0xB7,0x22,0x21,0xF1,0x7E,0x7D,0x23,0x1C,0xC3,0xAC,0x7B,0xB4,0xD9,0xC4,
    0x51,0x96,0x63,0x67,0x74,0x2E,0x79,0x58,0x63,0x89,0x20,0x25,0x37,0x43,0xAF,0x84,
    0x34,0x5B,0x3E,0x0E,0x25,0xDC,0x3D,0x20,0x81,0xDA,0x03,0xAF,0x3B,0x7F,0x13,0xB5,
    0x76,0xBE,0x05,0x83,0xF2,0x1D,0x5C,0xD6,0x5B,0xC5,0x69,0x1A,0xB4,0x63,0xA5,0xD1,
    0xE0,0x3E,0x98,0x06,0x74,0x5F,0x2D,0x18,0x90,0x00,0x00,0x00,0xC0,0x08,0x5E,0xEC,
    0xA5,0x20,0x5A,0x09,0xE1,0xF0,0xCE,0x9F,0x7E,0xE6,0xC1,0xF8,0x02,0x5E,0x6A,0x67,
    0xBE,0xA1,0x1A,0x21,0xDE,0x9C,0x82,0x16,0xA2,0x50,0x00,0x00,0x00,0xC5,0xAD,0x00,
    0xF7,0xB0,0x61,0x2E,0x3A,0x3F,0x86,0x48,0x20,0x2D,0xE6,0x80,0x05,0x73,0x00,0x42,
    0xC7,0x9E,0xA9,0xA2,0x9F,0x00,0xF3,0x5F,0x87,0xBF,0xD0,0x00,0x00,0x1F,0x2D,0x56,
    0x5F,0x8C,0xCB,0x3E,0xBF,0x23,0x5F,0x47,0xD2,0x60,0x1B,0xB8,0x21,0x19,0x79,0x70,
    0x88,0x01,0x1A,0xC1,0x2D,0xB4,0xA1,0x42,0xB6,0x30,0x64,0x4E,0xE4,0x36,0x40,0x02,
    0xD5,0x24,0x4A,0xB3,0x5D,0x80,0xE0,0x3B,0x6C,0xAB,0x65,0x30,0x00,0x13,0x4D,0x3D,
    0x1C,0xCB,0xB2,0x04,0xCC,0x80,0x10,0x00,0x05,0x20,0xD8,0x52,0x12,0x84,0x81,0x68,
    0x52,0x15,0x85,0x61,0x68,0x4C,0x14,0x03,0x01,0x00,0x5E,0x18,0x05,0xE1,0x70,0x44,
    0x13,0x04,0xA1,0x20,0x5E,0x19,0x05,0xE1,0x88,0x54,0x17,0x05,0xA1,0x98,0x6F,0xEB,
    0xDD,0xEC,0x3E,0x77,0x9C,0x58,0xD6,0xDF,0x8F,0x5F,0x09,0x48,0xD2,0x8F,0xAA,0x1F,
    0xF5,0xFA,0x3F,0xF0,0x30,0x48,0xD2,0x99,0x03,0x07,0x46,0x4E,0x79,0x6E,0xF2,0x41,
    0xCF,0x53,0x8D,0xCF,0xDB,0x4F,0x91,0x84,0x9B,0x05,0x09,0x73,0x63,0xE7,0xD4,0x08,
    0x9C,0x04,0xA8,0x88,0x11,0x14,0x40,0x48,0xD2,0xE3,0xD3,0x00,0x60,0x45,0xDD,0x07,
    0x46,0x19,0x5F,0xA0,0x00,0x20,0x19,0x00,0x00,0x00,0x00,0x00,0x00,0x00,0x20,0x00,
    0x01,0x00,0x7E,0xF9,0x04,0xFA,0x00,0x1E,0xC6,0x2E,0xBE,0xFF,0xB6,0x00,0xB0,0x00,
    0x1F,0x64,0x31,0x00,0x00,0x07,0xB4,0x00,0x7C,0x39,0xBE,0x30,0x17,0xE4,0x83,0xDF,
    0xD9,0xC3,0x10,0x00,0x00,0x02,0x25,0x5E,0xC2,0x7F,0xBA,0x7F,0xA0,0x64,0x1F,0xCB,
    0xFF,0xD5,0x23,0x4F,0x4E,0x52,0xF3,0xED,0x80,0x05,0xA1,0x30,0x54,0x18,0x84,0xC1,
    0x80,0x7D,0x59,0x80,0x01,0xC2,0x43,0x8A,0x48,0x4E,0x30,0xC8,0x80,0xC2,0x67,0x43,
    0xD3,0x00,0x3D,0x3F,0xB7,0x8D,0xA0,0x7C,0x97,0x05,0x48,0x11,0x00,0x00,0x16,0xBD,
    0x01,0xF4,0x05,0xFD,0xE1,0x38,0x90,0x9F,0x2C,0x19,0x19,0xFD,0x8E,0x03,0x5A,0xF7,
    0x11,0x14,0x8C,0xA1,0x0C,0xA9,0xE3,0x48,0x11,0x00,0x16,0xD1,0xD7,0x95,0x30,0xFF,
    0xC6,0x26,0x1A,0x54,0x73,0x16,0x5B,0x97,0x25,0xDB,0xC0,0xFF,0xA6,0x81,0x08,0x00,
    0x16,0x3D,0x0B,0xD3,0x00,0x40,0x41,0x24,0x07,0x1C,0x1C,0x25,0x85,0x1C,0xC4,0x00,
    0x3F,0xC2,0x2E,0x05,0xB6,0xCA,0x07,0xB7,0xFC,0x1E,0xBA,0x95,0x27,0x36,0xBB,0xED,
    0xFD,0x81,0x8D,0x2E,0xFA,0x0C,0x11,0xF9,0x5D,0xC1,0xED,0x08,0xE6,0x20,0x00,0x03,
    0x09,0xE9,0xD1,0xF4,0x01,0xB7,0x27,0x25,0x56,0x80,0xF8,0xE2,0xA9,0x01,0xDC,0x6A,
    0x7F,0xFA,0xDA,0xFE,0x50,0xBC,0xC1,0x0D,0x4A,0xD3,0x00,0x3D,0x3F,0xB5,0x0D,0xA1,
    0x43,0xA7,0x49,0x48,0x12,0x00,0xFF,0xEE,0x38,0x1C,0x18,0x49,0xFC,0x99,0x31,0x41,
    0xDE,0xFA,0x10,0x55,0xFC,0xFA,0x02,0x11,0xA1,0x59,0x15,0x79,0xA1,0x0C,0x86,0xA6,
    0x48,0x12,0x00,0x4A,0x75,0x4F,0x03,0x43,0xFF,0xDF,0x26,0xAB,0xC3,0x0E,0x16,0x27,
    0x8A,0x98,0xF3,0x1F,0xFF,0xA8,0x52,0xEE,0x00,0x5C,0x15,0xAC,0xD3,0x00,0x3D,0x3F,
    0xB7,0x4D,0xA0,0x7D,0xC7,0x11,0x48,0x11,0x00,0xFF,0xF6,0xB0,0xFF,0x44,0x11,0xFF,
    0xB9,0x30,0xB3,0x19,0x05,0x46,0xAB,0xFF,0x31,0x01,0x53,0xB1,0xD7,0x04,0x63,0xA1,
    0x0E,0x06,0xFE,0x48,0x11,0xFF,0xF1,0x29,0xEC,0xB8,0x77,0xFF,0xDE,0x27,0xC6,0x03,
    0x6C,0x2B,0x36,0x62,0xC8,0xF6,0xD7,0xFF,0xA5,0x3F,0xEA,0x00,0x68,0x04,0xF8,0xD3,
    0x00,0x3D,0x3F,0xB3,0xCD,0xA0,0x43,0x78,0x32,0x48,0x12,0x00,0x00,0x1F,0x06,0x63,
    0x64,0x32,0x00,0x76,0x3C,0xCE,0xEF,0x89,0x92,0x6B,0x00,0xC7,0x07,0xA9,0x15,0x6F,
    0x0B,0x5D,0xA1,0x0D,0xD1,0x18,0x48,0x12,0xFF,0xD0,0xA1,0x13,0xCD,0xFE,0x00,0x58,
    0x25,0xFD,0xC8,0x8B,0x20,0xF6,0x31,0x0B,0x5B,0x05,0xFF,0x9F,0x9B,0xE9,0x00,0x85,
    0x32,0x67,0x24,0x50,0x41,0x49,0x52,0x30,0x30,0x31,0x2C,0x30,0x30,0x30,0x2C,0x34,
    0x2A,0x33,0x46,0x0D,0x0A,0xD3,0x00,0x13,0x3E,0xDD,0x07,0x03,0xBA,0xEF,0x51,0x95,
    0x0F,0x8A,0x37,0x02,0xD5,0x00,0x09,0x7B,0xA5,0xD9,0x80,0x18,0x26,0x5F,0xD3,0x00,
    0xEA,0x43,0x5D,0x07,0x46,0x19,0x6F,0x42,0x00,0x20,0x05,0x15,0x29,0x86,0x00,0x00,
    0x00,0x00,0x20,0x00,0x01,0x00,0x57,0x5D,0xF6,0x8A,0xAC,0x9C,0x84,0x86,0x96,0x92,
    0xA2,0xA6,0x94,0xA0,0x00,0x00,0x00,0x00,0x00,0x15,0xCB,0xB8,0xB1,0xD8,0x91,0x56,
    0x25,0x59,0xD9,0x84,0x89,0x9E,0xDE,0x01,0xEC,0x0D,0x10,0x4D,0xE0,0x2D,0xFD,0xA9,
    0xED,0xF0,0x32,0x7E,0xFC,0xFA,0x52,0x0C,0xA0,0x1B,0xFF,0x53,0x22,0x00,0x8A,0x7E,
    0x05,0x25,0xE4,0x93,0xC5,0x6A,0x48,0x1C,0x9A,0x62,0x02,0xEC,0x20,0x45,0xFB,0x1D,
    0xDA,0x12,0x11,0x61,0x74,0x91,0xB5,0x96,0x1C,0x2B,0x12,0x55,0x52,0xDC,0x14,0x7B,
    0xC1,0xFA,0xE0,0x4B,0x78,0x50,0x00,0x00,0x1F,0x70,0xAA,0xDF,0xFC,0x9F,0xC1,0xA9,
    0x06,0xA0,0xAF,0xB5,0x00,0x8F,0x48,0x80,0xE6,0x98,0xBE,0xF7,0x1F,0x00,0x43,0x39,
    0xE0,0xC8,0x51,0xDE,0xE2,0xC9,0x1F,0x42,0x22,0x81,0x52,0x02,0x7E,0xFE,0xAB,0x1F,
    0x74,0xB7,0x13,0xD0,0x01,0x3E,0xD8,0x13,0x2C,0x99,0x10,0xD8,0x14,0x0B,0xC5,0x60,
    0x25,0x2C,0xE4,0xC9,0x25,0x58,0x08,0x00,0x17,0x83,0x61,0x58,0x5C,0x18,0x05,0xC1,
    0x60,0x62,0x16,0x84,0xA1,0x48,0x42,0x13,0x05,0xA1,0x50,0x5A,0x02,0x30,0xBF,0x82,
    0x09,0xB1,0x10,0xC6,0x32,0x2B,0x73,0x07,0x54,0x2E,0x95,0xFC,0x47,0xF9,0xC5,0xF1,
    0x22,0xEF,0xC5,0xCD,0xE0,0x41,0x61,0x18,0x22,0x0F,0x80,0x21,0xA2,0x3A,0xD3,0x00,
    0xDC,0x44,0x9D,0x07,0x46,0x19,0x6F,0x42,0x00,0x20,0x0C,0x78,0x10,0x00,0x08,0x00,
    0x00,0x00,0x20,0x00,0x01,0x00,0x7F,0xFF,0xA7,0x2F,0xA8,0x28,0xA5,0xAC,0x2F,0x29,
    0x00,0x00,0x00,0x00,0x5F,0x65,0x7D,0x8B,0xC0,0xBE,0xAB,0x75,0xAD,0x3E,0x01,0x65,
    0xEF,0x67,0xD8,0xA0,0xB5,0x00,0xCC,0x0F,0xC8,0x40,0xFF,0x43,0x99,0x9D,0xB1,0x9E,
    0x2E,0x87,0x75,0x90,0x9B,0x5A,0x72,0x8E,0x4F,0x2B,0x25,0x7B,0xDB,0xE7,0xB9,0x29,
    0x6E,0x5C,0xA6,0xD4,0xF0,0x10,0xC1,0xD1,0x0F,0xE4,0x67,0x2A,0x7E,0x76,0x5F,0x70,
    0x1A,0xCF,0x05,0x73,0xC0,0x00,0x00,0x0A,0xA5,0x8B,0xC0,0x00,0x00,0x40,0x00,0x00,
    0x40,0x00,0x00,0x00,0x7B,0x90,0xC0,0x00,0x00,0x01,0x2C,0xFC,0xC0,0x00,0x00,0x7C,
    0x14,0x0C,0x40,0x00,0x00,0x04,0xBA,0x9C,0xC0,0x00,0x00,0x7A,0xAB,0xFF,0xC0,0x00,
    0x00,0x7C,0xDC,0xE2,0x00,0x16,0x00,0x00,0x00,0x00,0x16,0x00,0x01,0x60,0x00,0x16,
    0x00,0x01,0x43,0x00,0x0B,0x20,0x00,0xD4,0x00,0x00,0x54,0x18,0x82,0xA0,0xC0,0x5A,
    0x17,0x85,0xA1,0x78,0x50,0x16,0x84,0xE1,0x50,0x40,0x10,0x85,0x81,0x88,0x78,0xD4,
    0xFB,0xC1,0xDA,0x7F,0x75,0x08,0x07,0xF0,0xBB,0x7C,0x34,0xFB,0x5C,0x03,0x6B,0x0F,
    0xC6,0x2F,0x68,0x86,0xF7,0x0B,0xDE,0xBE,0x63,0x74,0x49,0xDB,0x80,0xC3,0x74,0xC3,
    0xD3,0x01,0x9C,0x46,0x7D,0x07,0x46,0x18,0x94,0x82,0x00,0x20,0x03,0xE6,0x80,0xFA,
    0xC3,0x40,0x00,0x00,0x20,0x00,0x01,0x00,0x55,0x55,0x7F,0xFF,0xFF,0x03,0x12,0xF1,
    0x0B,0x0C,0xF2,0xA3,0x00,0xAA,0xAE,0xB2,0x96,0x96,0xAC,0xAC,0x98,0xF0,0xFC,0x94,
    0x00,0x00,0x00,0x00,0x00,0x00,0x00,0x00,0x00,0x1D,0x2B,0x26,0x69,0xC3,0x3E,0xCD,
    0xEE,0xA2,0x57,0x11,0x23,0xF4,0x16,0x3C,0xB6,0x16,0x4E,0xB3,0xA2,0x04,0x45,0x3B,
    0x32,0x7D,0x8A,0x08,0xCF,0xF7,0xBF,0x70,0x02,0x81,0xFD,0x28,0x3B,0x1F,0x67,0xFD,
    0xC5,0xEF,0xB8,0x0C,0x7F,0xC4,0x03,0x5D,0xEF,0x4F,0xC4,0x40,0x9F,0xFF,0xC9,0xF6,
    0xD7,0xED,0xBB,0xA2,0xE0,0x6E,0xFD,0xBF,0x6E,0x2F,0xBA,0x83,0x23,0x73,0x3A,0x2C,
    0xD1,0x66,0x84,0xBC,0x71,0x61,0xFA,0x26,0x15,0x9C,0x77,0xFA,0xFD,0x61,0xB1,0x7A,
    0x38,0xF2,0x31,0x7C,0x06,0xBD,0x22,0xCF,0xCB,0x7C,0x65,0x85,0xC2,0x53,0xE2,0x03,
    0x42,0x1E,0x2F,0x55,0xA1,0x55,0xDC,0x13,0x31,0x7F,0x74,0xB0,0x09,0x43,0x1B,0x46,
    0x43,0xAC,0x5F,0xBA,0x9A,0xDB,0xA4,0x87,0xB8,0x34,0x8D,0x85,0xD3,0x7E,0xE0,0x45,
    0x30,0x00,0x00,0x1F,0xD5,0xF4,0xBE,0xFB,0x10,0xE0,0xB9,0x70,0x00,0xB1,0x0F,0xA1,
    0xF0,0x61,0x61,0xCD,0xAB,0x7E,0x82,0xA0,0x3E,0xB9,0x51,0x1E,0xBF,0x0A,0x9E,0xF7,
    0x0F,0x90,0x00,0x00,0x1E,0x21,0x1F,0xBF,0x54,0x3B,0xFF,0x8A,0xC6,0x21,0x64,0xC4,
    0x82,0x0C,0x61,0x20,0xB4,0x0C,0xE0,0xF1,0x65,0x00,0x20,0x91,0xC0,0x77,0xE8,0xFF,
    0xE4,0x15,0xD0,0x00,0x00,0x1E,0xC9,0x43,0xFF,0x28,0xB7,0xBE,0xBA,0x00,0x1F,0x42,
    0xAD,0x3E,0x19,0x62,0xBF,0x17,0x25,0xD0,0x88,0x01,0x1A,0xC1,0x2D,0xB4,0xA1,0x42,
    0xB6,0x30,0x64,0x4E,0xE4,0x36,0x40,0x02,0xD7,0x24,0x4A,0xB3,0x5D,0x80,0xE0,0x3B,
    0x6C,0xAB,0x65,0x30,0x00,0x13,0x4D,0x3D,0x1C,0xCB,0xB2,0x04,0xCC,0x80,0x10,0x00,
    0x05,0x20,0xD0,0x52,0x12,0x84,0x41,0x68,0x52,0x15,0x85,0x61,0x68,0x4C,0x14,0x03,
    0x01,0x00,0x5E,0x17,0x85,0xE1,0x68,0x48,0x13,0x04,0x81,0x18,0x60,0x19,0x05,0xE1,
    0x80,0x54,0x17,0x05,0xA1,0x90,0x12,0x23,0x07,0xFE,0x21,0x13,0x75,0xA0,0x69,0x8E,
    0xD4,0x1C,0xF3,0x86,0xA7,0x0D,0xD3,0x19,0xC3,0xDA,0xDF,0xB3,0x37,0x9C,0x72,0x7E,
    0xC2,0xB0,0x85,0x52,0xF6,0x90,0xEB,0x4F,0xB3,0xFF,0x78,0x17,0x9D,0xDF,0x52,0xC3,
    0x64,0x43,0xC3,0x6F,0x86,0xDB,0x99,0xF9,0x47,0xE5,0xD8,0x52,0x80,0x8C,0xE0,0x27,
    0x6E,0x08,0xD3,0x00,0x60,0x45,0xDD,0x07,0x46,0x19,0x6F,0x40,0x00,0x20,0x19,0x00,
    0x00,0x00,0x00,0x00,0x00,0x00,0x20,0x00,0x01,0x00,0x7E,0xF9,0x04,0xFA,0x00,0x1E,
    0xC6,0x30,0xBE,0xFF,0xB6,0x00,0xB0,0x00,0x1D,0x60,0x21,0x00,0x00,0x18,0xD5,0x1F,
    0x8E,0xE0,0x1E,0x21,0x41,0xE4,0x71,0x3F,0x57,0x0D,0x90,0x00,0x00,0x1E,0x70,0x03,
    0x5E,0xCA,0x56,0xDF,0x9F,0xF0,0xDF,0xCB,0x89,0xB5,0x23,0x4F,0x4E,0x52,0xF3,0xED,
    0x80,0x05,0xA1,0x38,0x54,0x18,0x84,0xC1,0x80,0x78,0x80,0x80,0x01,0xB8,0xD7,0x56,
    0x50,0x20,0x80,0x04,0xC0,0xD0,0xB0,0x4D,0xD3,0x00,0x3D,0x3F,0xB5,0xCD,0xA0,0x46,
    0x61,0x2D,0x48,0x12,0x00,0x00,0x20,0x04,0x55,0xD4,0x2D,0xFE,0xCB,0x2A,0x69,0x9A,
    0x14,0x3C,0x6D,0xFF,0x12,0x01,0xA8,0x86,0xF6,0x15,0xF9,0xA1,0x0D,0x49,0x99,0x48,
    0x12,0xFF,0xFF,0x7A,0xFE,0x8B,0x27,0x00,0x22,0x27,0xB4,0x38,0xFB,0x17,0x3C,0x81,
    0x8C,0xA7,0x8C,0xFF,0xAC,0x88,0xEE,0x00,0x94,0x02,0x4E,0xD3,0x00,0x40,0x41,0x21,
    0xC7,0x1C,0x00,0xBD,0x05,0x1C,0xC4,0x00,0x3F,0x01,0x6C,0xE9,0xAF,0x91,0x01,0x10,
    0x0C,0x28,0x62,0x1C,0x0E,0x5F,0x62,0x4A,0xC8,0x80,0xB3,0xBA,0x11,0x79,0x2C,0xD9,
    0x5D,0xDA,0x35,0x88,0xE6,0x20,0x06,0x88,0x4A,0x83,0x2A,0x03,0xFF,0x7C,0x23,0x43,
    0x97,0x82,0x18,0x6C,0x23,0x47,0x65,0x0D,0xFF,0xF8,0xC4,0x09,0x70,0x20,0xAF,0x56,
    0x4E,0xD3,0x00,0x3D,0x3F,0xB2,0xCD,0xA0,0x7C,0xD0,0x0E,0x48,0x11,0x00,0xFF,0x7C,
    0xE1,0x31,0x38,0x0E,0xF3,0xB6,0x2E,0x23,0x00,0x0D,0x0E,0x26,0xF4,0xF1,0x00,0x75,
    0xBC,0x47,0x0F,0x29,0xA1,0x0E,0x1D,0x09,0x48,0x11,0x00,0x11,0x53,0x91,0x36,0x4B,
    0x00,0x11,0x27,0x55,0x19,0xBB,0x1E,0x7A,0x8A,0x49,0xC0,0x31,0xFF,0xA8,0x0A,0xED,
    0x00,0xE2,0xAA,0xBF,0xD3,0x00,0x3D,0x41,0x47,0x48,0x12,0x00,0x00,0x00,0x00,0x01,
    0xC5,0x97,0x4A,0x88,0x00,0x00,0xE1,0x16,0xF0,0x2F,0x9B,0x1C,0x00,0x34,0x5F,0x80,
    0x7E,0x03,0x2B,0xAE,0xD5,0xBD,0x20,0x4B,0xF2,0x43,0x6B,0xC7,0x56,0xEF,0xF5,0x00,
    0x00,0x1A,0x64,0xD7,0x1D,0xA2,0xD0,0xB7,0xB5,0x24,0x00,0x2F,0x1C,0x00,0x08,0xDA,
    0x10,0x3D,0x06,0x50,0xBE,0xF7,0xF4,0xD3,0x00,0x3D,0x3F,0xB1,0xCD,0xA0,0x7B,0x6B,
    0x2A,0x46,0x50,0x00,0xFF,0xA7,0x14,0x03,0xF8,0x2A,0xFD,0xFD,0x34,0x5A,0x78,0x3B,
    0x0D,0xF1,0xFE,0x05,0x08,0xEA,0x61,0xBA,0x15,0x1F,0xA1,0x0D,0xF6,0xB5,0x46,0x50,
    0x00,0x03,0xD1,0x9B,0x3F,0x24,0xFF,0x78,0x26,0xB5,0x6D,0xD2,0x16,0x76,0xA6,0xCB,
    0x38,0x50,0xFF,0xAB,0x25,0xE8,0x00,0xDF,0x2F,0x00,0xD3,0x00,0x13,0x3E,0xDD,0x07,
    0x03,0xBA,0xEF,0x51,0x94,0xC2,0x8A,0x37,0x02,0xD5,0xD7,0x09,0x7B,0xA5,0xDA,0x40,
    0xDD,0x80,0xF3,0xD3,0x00,0xEA,0x43,0x5D,0x07,0x46,0x19,0x7E,0xE2,0x00,0x20,0x05,
    0x15,0x29,0x86,0x00,0x00,0x00,0x00,0x20,0x00,0x01,0x00,0x57,0x5D,0xF6,0x8A,0xAC,
    0x9C,0x84,0x86,0x96,0x92,0xA2,0xA6,0x94,0xA0,0x00,0x00,0x00,0x00,0x00,0x15,0xD3,
    0xBA,0xB2,0xD8,0xB1,0x4E,0x21,0x5A,0x59,0x44,0x71,0xA2,0xDE,0x81,0xEC,0x0D,0x18,
    0x4D,0xE0,0x2D,0xFD,0xA9,0xED,0xF0,0x32,0x7E,0xFC,0xFA,0x52,0x0C,0xA0,0x1C,0x1C,
    0xC8,0xB0,0x6F,0x35,0x80,0x20,0x18,0x05,0x83,0xBA,0x6E,0x38,0x16,0x4A,0x22,0x66,
    0x66,0x26,0x9C,0xC1,0x18,0x90,0x4B,0x6A,0xE5,0x11,0xF8,0x3A,0xFD,0x24,0x6B,0x4D,
    0xB6,0xD6,0xD8,0x4D,0xA1,0x85,0x6A,0x5F,0xA8,0x8A,0xD0,0x00,0x00,0x1F,0xF4,0x85,
    0xC0,0x80,0x7D,0x9E,0xE8,0x93,0x80,0x94,0xF8,0xE0,0xA8,0xB1,0x81,0x00,0x03,0x60,
    0x77,0x27,0x01,0x2A,0xA5,0x01,0xAF,0xC9,0xA0,0xF2,0xC2,0x61,0x52,0x28,0xDE,0xD7,
    0xC4,0xFE,0x0C,0x54,0x5E,0x82,0x60,0xB3,0xD0,0x01,0x3E,0xD8,0x13,0x2C,0x99,0x10,
    0xD8,0x14,0x0B,0xC5,0x60,0x25,0xAC,0xEC,0xC9,0x25,0x58,0x08,0x00,0x17,0x83,0x81,
    0x60,0x5C,0x18,0x05,0xC1,0x60,0x62,0x17,0x04,0x81,0x48,0x40,0x13,0x05,0xA1,0x58,
    0x5A,0x02,0xD0,0x7D,0x16,0x8C,0xB4,0x18,0x16,0x4B,0xFF,0x9A,0xDF,0x74,0x7E,0xFE,
    0xFC,0x89,0x39,0x4B,0xF4,0x0A,0xF0,0xDD,0xD3,0x7C,0x59,0x7F,0x06,0xBD,0xF7,0x00,
    0x44,0x16,0x2F,0xD3,0x00,0xDC,0x44,0x9D,0x07,0x46,0x19,0x7E,0xE2,0x00,0x20,0x0C,
    0x78,0x10,0x00,0x08,0x00,0x00,0x00,0x20,0x00,0x01,0x00,0x7F,0xFF,0xA7,0x2F,0xA8,
    0x28,0xA5,0xAC,0x2F,0x29,0x00,0x00,0x00,0x00,0x5F,0x85,0x6D,0x89,0xC1,0x3E,0xAB,
    0x85,0xAF,0x3D,0x01,0x65,0xEF,0x5F,0xD8,0xA0,0xB5,0x00,0xCC,0x0F,0xC8,0x40,0xFF,
    0x43,0x80,0xA3,0xE8,0x0D,0x1B,0x93,0x48,0x61,0x55,0xB8,0xED,0xB1,0x66,0xDD,0xB4,
    0x8B,0x01,0x98,0xAA,0x6B,0x04,0xBB,0x30,0x3A,0xAA,0x7F,0x43,0xDF,0xF7,0xF5,0x18,
    0x98,0x91,0x8C,0xB4,0x1D,0xCE,0x71,0xE0,0xAE,0x40,0x00,0x00,0x04,0x5F,0xD1,0x40,
    0x00,0x00,0x40,0x00,0x00,0x40,0x00,0x00,0x7F,0x47,0x2F,0xC0,0x00,0x00,0x04,0xF2,
    0xAA,0x40,0x00,0x00,0x01,0xAB,0x00,0x40,0x00,0x00,0x00,0x5A,0x56,0x40,0x00,0x00,
    0x07,0x05,0xDF,0xC0,0x00,0x00,0x08,0x49,0xA8,0x00,0x16,0x00,0x00,0x00,0x00,0x16,
    0x00,0x01,0x60,0x00,0x16,0x00,0x01,0x43,0x00,0x0B,0x28,0x00,0xD4,0x80,0x00,0x54,
    0x18,0x82,0xA0,0xC8,0x5A,0x17,0x85,0xA1,0x78,0x52,0x16,0x84,0xE1,0x50,0x3E,0x10,
    0x85,0x61,0x88,0x7C,0x80,0x09,0x1C,0x1C,0x50,0xC4,0x60,0x47,0x01,0x54,0xBD,0x31,
    0x7D,0x60,0x87,0xC5,0x1A,0xDE,0x39,0x94,0x9E,0x37,0x1E,0x8F,0x70,0x24,0x36,0x8B,
    0x7F,0x80,0xB4,0x00,0x7F,0xD3,0x01,0x9C,0x46,0x7D,0x07,0x46,0x18,0xA4,0x22,0x00,
    0x20,0x03,0xE6,0x80,0xFA,0xC3,0x40,0x00,0x00,0x20,0x00,0x01,0x00,0x55,0x55,0x7F,
    0xFF,0xFF,0x03,0x12,0xF1,0x0B,0x0C,0xF2,0xA3,0x00,0xAA,0xAE,0xB2,0x96,0x96,0xAC,
    0xAC,0x98,0xF0,0xFC,0x94,0x00,0x00,0x00,0x00,0x00,0x00,0x00,0x00,0x00,0x1D,0x23,
    0x28,0x69,0xC3,0x1E,0xD5,0xEE,0xA3,0x56,0xF1,0x1B,0xF0,0x16,0x3C,0x96,0x26,0x4A,
    0xB2,0xA2,0x24,0x45,0x39,0x31,0xFD,0x8A,0x08,0xCF,0xF7,0xBF,0x70,0x02,0x81,0xFD,
    0x28,0x3B,0x1F,0x67,0xFD,0xC5,0xEF,0xB8,0x0C,0x7F,0xC4,0x03,0x5D,0xEF,0x4F,0xC4,
    0x40,0x9F,0xFF,0xC9,0xF6,0xD7,0xED,0xBA,0x6A,0x70,0x65,0xE0,0xDB,0xC4,0xEF,0xBD,
    0xFA,0xC4,0xF0,0x0B,0xDD,0x3E,0x60,0x4C,0xD6,0x67,0x9E,0xFA,0x88,0x49,0xA2,0xA2,
    0xFE,0x7F,0xAF,0xE9,0xB2,0xBE,0x61,0x4F,0xD3,0x08,0x26,0x97,0x46,0x62,0xCF,0x9D,
    0x03,0xAD,0xCB,0xAD,0x26,0x01,0x1C,0x5B,0x39,0xC7,0x20,0xE2,0x70,0xF7,0x20,0xE1,
    0xA2,0x20,0x7B,0x79,0xBA,0x83,0x93,0x74,0xDA,0x7B,0xAB,0xA3,0x67,0x80,0x2F,0x16,
    0x05,0x60,0xBE,0x93,0xF4,0x90,0x00,0x00,0x1E,0xEC,0x55,0x3F,0x09,0xF6,0x21,0x19,
    0x3F,0x1F,0x71,0xC3,0xA0,0x62,0x5A,0xC1,0xA3,0xD8,0x5E,0x9B,0x8E,0xFE,0xD2,0x40,
    0x7F,0x9F,0xE7,0x7F,0xD7,0xF3,0xB0,0x00,0x00,0x1F,0x7D,0x64,0x41,0xB1,0xA3,0xA1,
    0xE8,0x2A,0x9F,0x44,0x02,0x9F,0xEB,0xA0,0x01,0x63,0x53,0x21,0xA0,0xAC,0xC1,0x98,
    0x11,0x21,0xEF,0x6D,0x60,0x40,0xFE,0x30,0x00,0x00,0x1E,0x65,0xAB,0x5E,0xC5,0x20,
    0xDE,0xB5,0x60,0x1F,0x3E,0x0E,0x60,0x17,0xB6,0xE1,0x15,0x7B,0xD0,0x88,0x01,0x1A,
    0xC1,0x2D,0xB4,0xA1,0x42,0xB6,0x30,0x64,0x4E,0xE4,0x36,0x60,0x02,0xD9,0x24,0x4A,
    0xB3,0x5D,0x80,0xE0,0xBB,0x8C,0xB3,0x67,0x30,0x00,0x13,0x4D,0x3D,0x1C,0xCB,0xB2,
    0x04,0xCC,0x80,0x10,0x00,0x05,0x40,0xD8,0x52,0x12,0x84,0x61,0x68,0x52,0x15,0x85,
    0x61,0x68,0x4A,0x14,0x02,0xC1,0x00,0x5E,0x17,0x85,0xE1,0x70,0x46,0x13,0x04,0xA1,
    0x18,0x60,0x19,0x05,0xE1,0x88,0x54,0x17,0x05,0xA1,0x98,0x13,0x28,0x15,0x92,0x2B,
    0x33,0x71,0xD0,0x82,0x1E,0xE4,0x9E,0x35,0x46,0x2B,0x12,0xD7,0x23,0x59,0xDC,0xFB,
    0xC4,0x70,0x43,0xA3,0x24,0x84,0x51,0x47,0xB8,0x7C,0x12,0xF4,0xE5,0xC8,0x1F,0x92,
    0x6F,0xA6,0x6F,0xAF,0xE4,0x05,0x04,0x9E,0xF1,0x89,0xDF,0x23,0xFF,0x57,0xFA,0x08,
    0x8A,0xF1,0x01,0xE0,0x52,0xC6,0x19,0xD3,0x00,0x60,0x45,0xDD,0x07,0x46,0x19,0x7E,
    0xE0,0x00,0x20,0x19,0x00,0x00,0x00,0x00,0x00,0x00,0x00,0x20,0x00,0x01,0x00,0x7E,
    0xF9,0x04,0xFA,0x00,0x1E,0xC6,0x30,0xBE,0xFF,0xB6,0x00,0xB0,0x00,0x1B,0x62,0x9B,
    0x00,0x00,0x1A,0x05,0x91,0xA1,0x8D,0x5E,0x32,0x97,0xE4,0x75,0x1E,0xD4,0xDB,0x50,
    0x00,0x00,0x1E,0xBB,0x0C,0x9F,0x15,0x62,0x1F,0x9F,0xEC,0x1F,0xCB,0x8D,0xF5,0x23,
    0x4F,0x4E,0x52,0xF3,0xED,0x80,0x05,0xA1,0x30,0x54,0x18,0x84,0xC1,0x88,0x79,0x85,
    0x80,0x01,0xB5,0x0B,0x61,0x7F,0xD1,0xF0,0x49,0x80,0xE3,0x07,0x7C,0xD3,0x00,0x3D,
    0x3F,0xB6,0x0D,0xA0,0x7C,0x7E,0x17,0x48,0x12,0x00,0xFF,0x8D,0xE2,0x97,0x00,0x17,
    0xFE,0xC8,0x39,0x94,0xCA,0x05,0xF0,0x62,0xFF,0x37,0x07,0x23,0x89,0x64,0x12,0x2F,
    0xA1,0x0D,0x2B,0xD6,0x48,0x12,0x00,0xB6,0xCD,0xE5,0x69,0xCA,0x00,0x4A,0x26,0x09,
    0xB5,0x0D,0x18,0x42,0x24,0x8B,0x2F,0x64,0xFF,0xA6,0x0E,0x06,0x00,0xA7,0x8C,0xF7,
    0xD3,0x00,0x3F,0x41,0x62,0xD3,0x68,0x66,0x6B,0xED,0x41,0x2F,0xC0,0x00,0x3B,0x66,
    0x09,0x15,0x09,0xFB,0xB7,0x10,0x6B,0x54,0xAE,0x21,0xBC,0xE7,0xC4,0xC4,0x01,0x27,
    0x7C,0x3C,0x3F,0xAE,0xA8,0x13,0x53,0x71,0x2F,0xC0,0x01,0x65,0x00,0x47,0x14,0x5F,
    0xFF,0x92,0x89,0x78,0xAD,0xE1,0x8D,0x62,0xBA,0xE5,0xE7,0xCF,0xFC,0x53,0xFF,0x23,
    0xC3,0x00,0xAC,0xA6,0xB1,0xD3,0x00,0x40,0x41,0x27,0x07,0x1C,0x1D,0xBA,0x85,0x1C,
    0xC4,0x00,0x00,0x12,0xBC,0x0F,0x15,0x85,0x0F,0xDA,0x40,0x56,0x21,0xE6,0x2B,0x2A,
    0x47,0xEF,0x50,0x80,0x05,0x4F,0x8B,0x82,0xE9,0xD4,0xA2,0xA1,0xBE,0xA8,0xE6,0x2F,
    0xFF,0x88,0xE6,0xFD,0x44,0x4F,0xFF,0xFD,0x27,0x35,0xF5,0x12,0x13,0x38,0x5D,0xD9,
    0xE8,0x27,0x3F,0xEC,0x8C,0xFD,0xCF,0x70,0xEA,0x02,0x59,0xD3,0x00,0x40,0x41,0x2A,
    0x47,0x1C,0x03,0x46,0x85,0x1C,0xC4,0x00,0x00,0x23,0xB4,0x87,0x31,0x86,0x08,0x07,
    0x28,0x50,0x34,0xA2,0x44,0xBA,0xFA,0x03,0x47,0x80,0x69,0x39,0x8C,0x87,0x95,0xF4,
    0xA2,0x9D,0xF0,0x88,0xE6,0x20,0x01,0x7E,0x39,0xD2,0x60,0x98,0x00,0x50,0x27,0x94,
    0xB8,0xB8,0x0D,0xBF,0xF1,0xE1,0x6B,0x89,0xBF,0xED,0xC6,0x71,0x8C,0x60,0xCD,0x84,
    0xE4,0xD3,0x00,0x3F,0x41,0x69,0x13,0x68,0x68,0x6B,0xEE,0x15,0x31,0x00,0x3F,0xFC,
    0xE3,0xFF,0xB5,0x7D,0x97,0xB7,0x74,0x68,0x44,0x80,0xC4,0x6F,0x43,0xC6,0xF8,0x00,
    0x76,0xA1,0x80,0x40,0x06,0xA8,0x13,0x6B,0x65,0x31,0x0F,0xFF,0x44,0xFF,0x12,0x81,
    0x0F,0xFE,0xF2,0x8B,0x81,0x3F,0xF1,0x8C,0xF1,0xE7,0xFC,0x7E,0x7F,0xFC,0x5E,0x00,
    0x6C,0x1F,0x00,0x3C,0x9A,0xFD,0xD3,0x00,0x13,0x3E,0xDD,0x07,0x03,0xBA,0xEF,0x51,
    0x94,0x91,0x8A,0x37,0x02,0xD6,0x80,0x09,0x7B,0xA5,0xDA,0x40,0xB2,0xD4,0x21,0xD3,
    0x00,0xEA,0x43,0x5D,0x07,0x46,0x19,0x8E,0x82,0x00,0x20,0x05,0x15,0x29,0x86,0x00,
    0x00,0x00,0x00,0x20,0x00,0x01,0x00,0x57,0x5D,0xF6,0x8A,0xAC,0x9C,0x84,0x86,0x96,
    0x92,0xA2,0xA6,0x94,0xA0,0x00,0x00,0x00,0x00,0x00,0x15,0xDB,0xBE,0xB3,0xD8,0xB1,
    0x46,0x1D,0x5A,0xD9,0x24,0x61,0xA4,0xDE,0x81,0xEA,0x0D,0x10,0x4D,0xC0,0x2D,0x7D,
    0xA5,0xED,0xE0,0x32,0x3E,0xFB,0xFA,0x4E,0x0C,0x98,0x1B,0xDA,0x33,0x33,0xDC,0xAB,
    0x22,0x20,0xA0,0x25,0xD6,0x5F,0x5E,0x90,0x0F,0x31,0xC2,0xC3,0x78,0x2C,0x5A,0x67,
    0x15,0xE5,0x83,0xB9,0xD8,0xA5,0x8D,0xBD,0x23,0x5C,0xA1,0xF2,0x17,0x8A,0xC4,0x7C,
    0x76,0x48,0x34,0x9F,0x03,0x35,0xF0,0x00,0x00,0x00,0x75,0xFB,0x61,0x01,0xF0,0x40,
    0x25,0xFC,0xC0,0x78,0x05,0xA0,0xBF,0xAF,0x41,0x17,0x05,0x41,0xF4,0xBD,0x9E,0x0F,
    0x87,0x7E,0x94,0xAE,0x3F,0x00,0x23,0x7F,0x5F,0x8B,0x80,0x5B,0x4C,0x61,0x17,0xC7,
    0x61,0x8D,0xD2,0xF3,0xD0,0x01,0x3E,0xD8,0x13,0x2C,0x99,0x10,0xD8,0x14,0x0B,0xC5,
    0x60,0x26,0x2C,0xEC,0xC9,0x25,0x58,0x08,0x00,0x17,0x83,0x61,0x58,0x5E,0x18,0x05,
    0xE1,0x60,0x62,0x17,0x04,0x81,0x50,0x42,0x13,0x85,0xC1,0x58,0x5C,0x1F,0x95,0xFE,
    0x9C,0x02,0xC1,0x01,0x1C,0x28,0x28,0x83,0xC9,0x1E,0xB2,0x7D,0x63,0x32,0x47,0x5B,
    0x0E,0x7C,0x11,0x54,0x3A,0x3C,0x15,0xB8,0xE0,0x91,0xA5,0xC0,0xB2,0xCC,0x3C,0xD3,
    0x00,0xDC,0x44,0x9D,0x07,0x46,0x19,0x8E,0x82,0x00,0x20,0x0C,0x78,0x10,0x00,0x08,
    0x00,0x00,0x00,0x20,0x00,0x01,0x00,0x7F,0xFF,0xA7,0x2F,0xA8,0x28,0xA5,0xAC,0x2F,
    0x29,0x00,0x00,0x00,0x00,0x5F,0xA5,0x5D,0x87,0xC1,0xBE,0xAB,0x95,0xB3,0x3C,0x81,
    0x63,0xEF,0x57,0xD8,0x80,0xB4,0x80,0xCA,0x0F,0xC0,0x40,0xDF,0x43,0x67,0x3A,0x9E,
    0x78,0xD8,0x1E,0xDA,0x82,0x0D,0x06,0x68,0xB9,0xEE,0x8D,0xEE,0x9A,0x01,0x01,0x99,
    0x48,0x1B,0x08,0xE9,0x9D,0xEF,0xED,0xA3,0x7E,0xDD,0x72,0x09,0xF1,0xE0,0xA0,0x45,
    0x8B,0x51,0x08,0xB9,0x74,0x40,0x00,0x00,0x7E,0x10,0x7C,0xC0,0x00,0x00,0x40,0x00,
    0x00,0x40,0x00,0x00,0x7E,0x09,0x48,0x40,0x00,0x00,0x08,0xAE,0xE0,0xC0,0x00,0x00,
    0x07,0x38,0xB1,0x40,0x00,0x00,0x7B,0xF0,0x4D,0xC0,0x00,0x00,0x03,0x55,0x50,0x40,
    0x00,0x00,0x03,0xAC,0xCD,0x00,0x16,0x00,0x00,0x00,0x00,0x16,0x00,0x01,0x60,0x00,
    0x16,0x00,0x01,0x43,0x00,0x0B,0x30,0x00,0xD4,0x80,0x00,0x54,0x19,0x02,0xA0,0xD0,
    0x58,0x17,0x85,0xA1,0x80,0x50,0x17,0x04,0xE1,0x58,0x3E,0x11,0x85,0x81,0x90,0x79,
    0x5C,0xEF,0x1E,0x0E,0x70,0x64,0x90,0x11,0x1F,0xFD,0x3C,0x6E,0x78,0x03,0x85,0x9D,
    0x07,0xAE,0x2A,0x1C,0x48,0x56,0xD6,0xAD,0x7B,0xE3,0x69,0xC6,0x21,0x80,0x01,0xA3,
    0xD6,0xD3,0x01,0x92,0x46,0x7D,0x07,0x46,0x18,0xB3,0xC2,0x00,0x20,0x03,0xE6,0x80,
    0xFA,0xC3,0x40,0x00,0x00,0x20,0x00,0x01,0x00,0x55,0x55,0x7B,0xFF,0xFF,0x03,0x12,
    0xF1,0x0B,0x0C,0xF2,0xA3,0x00,0xAA,0xAE,0xB2,0x96,0x96,0xAC,0xAC,0x98,0xF0,0xFC,
    0x94,0x00,0x00,0x00,0x00,0x00,0x00,0x00,0x00,0x00,0x1D,0x1B,0x2A,0x69,0xC2,0xFE,
    0xDD,0xEE,0xA4,0x56,0xD1,0x13,0xEC,0x16,0x3C,0x96,0x2E,0x48,0xB2,0x22,0x44,0x45,
    0x37,0x31,0xFD,0x88,0x08,0xC7,0xF7,0x9F,0x6F,0x02,0x7F,0xFD,0x18,0x3A,0xDF,0x67,
    0x7D,0xC3,0xEF,0xA8,0x0C,0x5F,0xC3,0x83,0x5B,0xEF,0x3F,0xC4,0x20,0x9F,0x7F,0xC5,
    0xF6,0xCF,0xED,0x99,0x28,0xE6,0x5C,0x42,0x18,0x14,0xC9,0xC0,0x3C,0xE6,0x62,0x0B,
    0x8D,0x12,0x1A,0x09,0xE2,0x5C,0xAA,0x3A,0xDC,0xC1,0xA8,0x50,0x01,0xFB,0x16,0x21,
    0x55,0xA2,0x98,0x7C,0x00,0x3A,0x1F,0x98,0xD4,0x47,0x45,0x84,0x2D,0xEF,0x8B,0x3D,
    0x78,0x66,0xD5,0xCF,0x0B,0xBC,0xE0,0x44,0x24,0x8A,0x63,0x75,0x53,0x82,0x66,0x77,
    0x9E,0xCD,0xA5,0x5D,0x3A,0x17,0xF3,0x81,0xBA,0x58,0x45,0x89,0xE4,0x51,0x99,0x00,
    0x00,0x01,0xE0,0x01,0xB5,0xF1,0x64,0x76,0x17,0x66,0xF9,0xE2,0xFD,0xDB,0xED,0x1C,
    0x8E,0x17,0x77,0xA9,0xEB,0x22,0x5B,0xEE,0x8D,0xC2,0x07,0xE3,0x1C,0x0B,0x63,0xCF,
    0x00,0x00,0x00,0x00,0xCD,0x2E,0x04,0x35,0xB0,0x12,0x0F,0x28,0x1C,0x89,0x41,0xE1,
    0x03,0x75,0xE4,0xD9,0x05,0xF0,0xD0,0xD9,0xF6,0x46,0x9C,0x09,0xB7,0x0F,0x00,0x00,
    0x01,0xDF,0xF7,0xCB,0xE5,0xEF,0x55,0xEA,0xE3,0xAD,0xF3,0x6E,0xD5,0xE1,0x3A,0x5F,
    0xF1,0x16,0xA1,0x08,0x80,0x11,0xAC,0x12,0xDB,0xCA,0x14,0x2B,0x63,0x06,0x44,0xEE,
    0x43,0x66,0x00,0x49,0x12,0xAC,0xD7,0x60,0x38,0x2E,0xE3,0x2C,0xD9,0xCC,0x00,0x04,
    0xD3,0x4F,0x47,0x32,0xEC,0x81,0x33,0x20,0x00,0x00,0x02,0x90,0x6C,0x29,0x09,0x02,
    0x20,0xB4,0x2A,0x0A,0xC2,0xB0,0xB8,0x26,0x0A,0x42,0x10,0xBC,0x30,0x0B,0x82,0xF0,
    0x8C,0x27,0x09,0x42,0x40,0xBC,0x33,0x0B,0xC3,0x10,0xA8,0x2F,0x0B,0x03,0x30,0x0A,
    0x8A,0x33,0x7B,0xE7,0x28,0x76,0x3F,0x67,0x03,0xB4,0x48,0xBE,0x80,0x71,0x0B,0xE6,
    0x1D,0x48,0x7B,0x39,0x30,0x12,0x39,0xA1,0x98,0x03,0x7C,0x6F,0xAE,0xE3,0x34,0x36,
    0xC8,0x72,0x0E,0xEF,0xED,0xC7,0xA0,0xCB,0xC2,0x62,0x08,0xB8,0x13,0x47,0xC3,0xC7,
    0x95,0x17,0xB4,0xAF,0xAA,0x80,0xBF,0x59,0xDD,0xD3,0x00,0x60,0x45,0xDD,0x07,0x46,
    0x19,0x8E,0x80,0x00,0x20,0x19,0x00,0x00,0x00,0x00,0x00,0x00,0x00,0x20,0x00,0x01,
    0x00,0x7E,0xF9,0x04,0xFA,0x00,0x1E,0xC6,0x30,0xBE,0xFF,0xB2,0x00,0xA7,0xFF,0xF9,
    0x50,0xC5,0x00,0x00,0x1B,0x23,0x67,0xB3,0x95,0x9E,0x1E,0x45,0xE3,0xD4,0x1E,0x50,
    0x21,0x50,0x00,0x00,0x1F,0x03,0x79,0xFF,0x5D,0xD0,0xBF,0x9D,0x5E,0xDF,0xC8,0xFF,
    0x35,0x23,0x51,0x4E,0x52,0xF3,0xED,0x80,0x05,0xA1,0x30,0x54,0x19,0x04,0xA1,0x90,
    0x11,0xAF,0x80,0x00,0x17,0xA0,0x2E,0xFF,0x52,0x8E,0xB5,0xA0,0xED,0x21,0xEC,0xD3,
    0x00,0x3F,0x41,0x62,0x93,0x68,0x68,0x6B,0xED,0xF9,0x31,0x00,0x3F,0xFE,0x77,0xFD,
    0xC8,0x9B,0xAB,0xB5,0x48,0x68,0xE8,0xA1,0x98,0xF2,0xD3,0xC3,0x38,0x00,0xD2,0x16,
    0x68,0x34,0xA2,0xA8,0x13,0xA3,0x7D,0x31,0x00,0x00,0x44,0xFD,0xE0,0x7F,0x50,0x00,
    0x72,0x8B,0x6A,0x6B,0x51,0xBF,0xB4,0x64,0x3E,0x9C,0xCF,0xFC,0x4D,0x00,0x04,0x04,
    0x00,0x2C,0x35,0x7E,0xD3,0x00,0x40,0x41,0x21,0x87,0x1C,0x1C,0x28,0x85,0x1C,0xC4,
    0x00,0x00,0x1D,0x10,0xE8,0xA6,0x9A,0x07,0xB6,0xBA,0x20,0xC0,0xCA,0x09,0x22,0x05,
    0xED,0x96,0x80,0xF7,0xDF,0x9B,0x0C,0x3F,0x99,0x5C,0xF5,0x79,0x68,0xE6,0x20,0x00,
    0x8B,0x0A,0xF5,0xA5,0xD4,0x01,0xDD,0x26,0x86,0xA4,0x67,0xF8,0x12,0xE1,0xCC,0x6F,
    0xB4,0x3F,0xFA,0xB5,0x45,0x9F,0xC8,0xF5,0xFA,0x43,0xD3,0x00,0x40,0x41,0x28,0x47,
    0x1C,0x03,0x09,0x05,0x1C,0xC4,0x00,0x3F,0xE6,0x64,0x8A,0xA7,0x0E,0x08,0x09,0xE6,
    0x50,0x34,0x87,0x2C,0x62,0x26,0x03,0xEB,0x80,0x20,0xE2,0x64,0x07,0xCE,0x74,0xA2,
    0x9E,0xFF,0x48,0xE6,0x2F,0xFF,0x8A,0x39,0x41,0xC8,0x40,0x00,0x07,0x27,0xA1,0x06,
    0x1B,0x0D,0x83,0xFD,0x19,0x30,0xD1,0x3F,0xED,0xB1,0x64,0x39,0x0C,0x0F,0xFB,0x7D,
    0xD3,0x00,0x40,0x41,0x26,0x07,0x1C,0x1E,0xAD,0x05,0x1C,0xC4,0x00,0x00,0xBE,0x4E,
    0x07,0xF6,0x56,0x08,0x18,0x7E,0x58,0xC7,0xE9,0x32,0x4B,0x42,0x0A,0x87,0x80,0x1C,
    0x4F,0x6B,0x8C,0x0A,0xB4,0xA2,0xA6,0x0E,0xA8,0xE6,0x2F,0xFF,0xDF,0x90,0x0F,0x44,
    0x1C,0x00,0x0F,0x26,0x89,0x29,0x94,0x07,0xD0,0xC4,0x44,0x8A,0xAF,0x7F,0xED,0x8D,
    0x42,0xF0,0xBC,0xE3,0x65,0xB9,0xD3,0x00,0x3F,0x41,0x62,0x53,0x68,0x68,0x6B,0x08,
    0xFD,0x31,0x00,0x3F,0xF8,0xB7,0xFF,0xCB,0xEE,0x87,0xFD,0x04,0x96,0x10,0x83,0x6F,
    0x32,0x6B,0xFE,0x2C,0x00,0xCF,0x32,0x8C,0x25,0xEE,0xA8,0x13,0x4A,0x11,0x31,0x0F,
    0xFF,0xDA,0x54,0x86,0x16,0xBF,0xFF,0x62,0x74,0xB4,0x81,0x41,0xEC,0x9E,0x80,0xBC,
    0x7D,0x8F,0xFC,0x15,0x90,0x1C,0x08,0x00,0xF9,0x39,0x0E,0xD3,0x00,0x13,0x3E,0xDD,
    0x07,0x03,0xBA,0xEF,0x51,0x93,0x98,0x8A,0x37,0x02,0xD6,0x4C,0x09,0x7B,0xA5,0xDA,
    0x80,0x16,0x0B,0x10,0xD3,0x00,0xEA,0x43,0x5D,0x07,0x46,0x19,0x9E,0x22,0x00,0x20,
    0x05,0x15,0x29,0x86,0x00,0x00,0x00,0x00,0x20,0x00,0x01,0x00,0x57,0x5D,0xF6,0x8A,
    0xAC,0x9C,0x84,0x86,0x96,0x92,0xA2,0xA6,0x94,0xA0,0x00,0x00,0x00,0x00,0x00,0x15,
    0xDB,0xC0,0xB4,0xD8,0xB1,0x3E,0x19,0x5B,0xD8,0xE4,0x49,0xA6,0xDF,0x01,0xEA,0x0D,
    0x10,0x4D,0xC0,0x2D,0xFD,0xA7,0xED,0xE8,0x32,0x5E,0xFC,0x7A,0x50,0x0C,0x98,0x1B,
    0xE7,0x98,0x14,0x49,0xC6,0xA4,0x43,0x8E,0x46,0xA1,0xA4,0x56,0x76,0x08,0xDC,0x43,
    0x27,0xDA,0x32,0x88,0xFD,0x11,0xFD,0xBD,0x92,0xFC,0x3E,0x7A,0x40,0x89,0x64,0xDC,
    0x7A,0x79,0x1D,0x20,0xA0,0xC8,0x0B,0x8B,0x02,0x5F,0x75,0x90,0x00,0x00,0x00,0xF8,
    0xFD,0xE1,0x84,0xF4,0x81,0x65,0x36,0xC0,0x5C,0xD6,0xC0,0xD8,0x39,0xC1,0x2F,0x92,
    0x1F,0x73,0xDB,0xDE,0xF5,0xDB,0xBF,0x7A,0xFF,0x01,0x0E,0xD7,0x81,0x6E,0x3A,0xA1,
    0xE0,0x8F,0x20,0x24,0xFC,0xE0,0x9B,0x0A,0xB3,0xD0,0x01,0x3E,0xD8,0x13,0x2C,0x99,
    0x10,0xD8,0x14,0x0B,0xC5,0x60,0x26,0xAC,0xF4,0xC9,0x25,0x58,0x08,0x00,0x17,0x83,
    0x61,0x58,0x5C,0x17,0x85,0xC1,0x60,0x62,0x17,0x04,0xA1,0x50,0x3E,0x13,0x85,0xC1,
    0x50,0x5C,0x03,0x65,0x37,0x14,0x8F,0x03,0x1E,0x99,0xD0,0xCB,0xD1,0x1F,0xA1,0x6F,
    0x72,0xFC,0xDE,0x7A,0xB3,0xF3,0xE6,0xE3,0xA5,0xC8,0x58,0x97,0x7F,0x63,0x7E,0xFC,
    0x00,0x81,0xB3,0x78,0xD3,0x00,0xDC,0x44,0x9D,0x07,0x46,0x19,0x9E,0x22,0x00,0x20,
    0x0C,0x78,0x10,0x00,0x08,0x00,0x00,0x00,0x20,0x00,0x01,0x00,0x7F,0xFF,0xA7,0x2F,
    0xA8,0x28,0xA5,0xAC,0x2F,0x29,0x00,0x00,0x00,0x00,0x5F,0xA5,0x55,0x85,0xC2,0xBE,
    0xCB,0x9D,0xB7,0x3C,0x01,0x63,0xEF,0x57,0xD8,0x80,0xB4,0x80,0xCA,0x0F,0xC0,0x40,
    0xDF,0x43,0x0E,0x16,0x88,0xE6,0x97,0x6A,0x6B,0x96,0xC5,0x8A,0xE3,0xD1,0xF6,0x3F,
    0xEC,0xE8,0xEA,0xDE,0x89,0xF8,0xF1,0x3D,0x37,0x03,0x08,0x9C,0x18,0x79,0xC4,0xA3,
    0x7B,0x5D,0xB7,0xB5,0x5C,0xF8,0xE4,0x2F,0x93,0xEE,0x40,0x00,0x00,0x07,0xC7,0xB2,
    0xC0,0x00,0x00,0x40,0x00,0x00,0x40,0x00,0x00,0x7C,0xD1,0xD1,0x40,0x00,0x00,0x7C,
    0x71,0x8F,0xC0,0x00,0x00,0x7C,0xCD,0x00,0xC0,0x00,0x00,0x07,0x8C,0x5B,0xC0,0x00,
    0x00,0x7F,0xAA,0x65,0x40,0x00,0x00,0x7F,0x16,0x14,0x80,0x16,0x00,0x00,0x00,0x00,
    0x16,0x00,0x01,0x60,0x00,0x16,0x00,0x01,0x43,0x00,0x0B,0x38,0x00,0xD4,0x80,0x00,
    0x54,0x19,0x02,0x60,0xC8,0x58,0x17,0x85,0x81,0x78,0x50,0x17,0x05,0x01,0x50,0x42,
    0x11,0x05,0x61,0x90,0x7D,0x0D,0x0C,0x96,0x3E,0x84,0xE4,0x90,0x46,0x31,0xD4,0xFD,
    0x48,0xFF,0x62,0x09,0x93,0x26,0xAA,0x33,0xE0,0xB8,0x2E,0xD3,0x3F,0x6B,0x83,0xFB,
    0x8C,0xBE,0x80,0x1F,0xD1,0x12,0xD3,0x01,0x92,0x46,0x7D,0x07,0x46,0x18,0xC3,0x62,
    0x00,0x20,0x03,0xE6,0x80,0xFA,0xC3,0x40,0x00,0x00,0x20,0x00,0x01,0x00,0x55,0x55,
    0x7B,0xFF,0xFF,0x03,0x12,0xF1,0x0B,0x0C,0xF2,0xA3,0x00,0xAA,0xAE,0xB2,0x96,0x96,
    0xAC,0xAC,0x98,0xF0,0xFC,0x94,0x00,0x00,0x00,0x00,0x00,0x00,0x00,0x00,0x00,0x1D,
    0x0B,0x2C,0x69,0x42,0xDE,0xE5,0xEC,0xA4,0xD6,0xB1,0x0B,0xE8,0x16,0xBC,0x96,0x3E,
    0x44,0xB1,0x22,0x64,0x3D,0x35,0x31,0x7D,0x88,0x08,0xC7,0xF7,0x9F,0x6F,0x82,0x7F,
    0xFD,0x20,0x3A,0xFF,0x67,0x7D,0xC5,0xEF,0xB0,0x0C,0x7F,0xC4,0x03,0x5B,0xEF,0x47,
    0xC4,0x20,0x9F,0x7F,0xC7,0xF6,0xCF,0xED,0x87,0xF0,0xA0,0x52,0x1A,0x44,0x6F,0x99,
    0xC2,0xF7,0xC7,0xD5,0xBC,0x3D,0x2B,0xA3,0xCA,0x94,0x51,0xC8,0xBB,0x39,0x05,0xAE,
    0x62,0x65,0x79,0xA8,0x59,0x4E,0x58,0x08,0x81,0x96,0xFF,0x59,0x0C,0x3F,0xBE,0x9E,
    0x3B,0xA8,0xD7,0xB6,0xDA,0x1B,0x1F,0xA4,0x2D,0x1A,0x62,0xBA,0x1A,0x3B,0xA2,0x44,
    0xE3,0xA6,0x69,0x53,0x46,0x0B,0xE5,0xA3,0xE9,0xBA,0x01,0xB6,0x00,0xA6,0x20,0x3B,
    0x5A,0x1F,0x7B,0x0B,0x00,0x00,0x00,0x11,0x54,0x73,0xF2,0x40,0x7A,0x1D,0x4F,0xDC,
    0x0E,0xF5,0xAC,0x14,0x29,0xF2,0x14,0xC9,0x67,0xEC,0xA6,0x45,0xF0,0x11,0x96,0x15,
    0xDD,0x2A,0x19,0x5E,0x03,0x00,0x00,0x01,0xE6,0x9C,0xA9,0xEA,0x05,0x3B,0xEF,0xF9,
    0x2B,0xFA,0x73,0x25,0xEB,0xEA,0x63,0xEF,0xC0,0x70,0x08,0x38,0xC2,0x0D,0xAE,0x96,
    0x0F,0x76,0x6D,0x00,0x00,0x00,0x19,0xAB,0xA0,0x1F,0xA2,0xFF,0xEA,0x89,0x3D,0xF3,
    0x14,0x56,0x01,0x12,0xBC,0x10,0xEF,0x01,0x08,0x80,0x11,0xAC,0x12,0xDB,0xCA,0x14,
    0x2B,0x65,0x06,0x44,0xEE,0x43,0x66,0x00,0x49,0x12,0xAC,0xD7,0x60,0x38,0x2E,0xE3,
    0x2E,0xD9,0xCC,0x00,0x04,0xD3,0x4F,0x47,0x32,0xEC,0x81,0x33,0x20,0x00,0x00,0x02,
    0x90,0x70,0x29,0x09,0x42,0x30,0xB4,0x29,0x0A,0xC2,0xB0,0xB8,0x25,0x0A,0x42,0x10,
    0xB8,0x30,0x0B,0x82,0xE0,0x8C,0x26,0x09,0x02,0x40,0xC0,0x33,0x0B,0x83,0x10,0xA8,
    0x2F,0x0B,0x43,0x30,0x23,0xBE,0x27,0x84,0x47,0xF6,0xD6,0xB0,0xEA,0x3D,0x16,0xFB,
    0x44,0x0E,0x0C,0xDB,0xF7,0xBD,0x7F,0xB7,0x87,0x6E,0x8F,0x3B,0x9C,0x3A,0x78,0x73,
    0xFF,0xC6,0x01,0x6F,0xDC,0xEB,0xAF,0x6F,0xA9,0x4F,0x93,0x44,0x52,0x02,0xCA,0xEE,
    0x41,0xDD,0x57,0xFA,0x30,0x01,0xE0,0xC6,0x31,0x75,0xE0,0x0F,0x9F,0x27,0xD3,0x00,
    0x60,0x45,0xDD,0x07,0x46,0x19,0x9E,0x20,0x00,0x20,0x19,0x00,0x00,0x00,0x00,0x00,
    0x00,0x00,0x20,0x00,0x01,0x00,0x7E,0xF9,0x04,0xFA,0x00,0x1E,0xBE,0x30,0xBE,0xFF,
    0xB4,0x00,0xA7,0xFF,0xE7,0x4D,0xCD,0x00,0x00,0x1C,0x54,0x41,0xC6,0x16,0xBE,0x23,
    0x91,0xE3,0x8C,0x61,0xCC,0xDE,0x70,0x00,0x00,0x1F,0x4D,0x43,0x1F,0xA7,0x97,0xDF,
    0x9C,0x34,0x7F,0xC7,0xD2,0xD5,0x23,0x51,0x4E,0x52,0xF3,0xED,0x80,0x05,0xA1,0x38,
    0x56,0x19,0x04,0xC1,0x88,0x79,0x5F,0x80,0x00,0x48,0xA4,0x8F,0xB8,0x0E,0xD0,0x2C,
    0xA0,0x33,0x40,0x9C,0xD3,0x00,0x40,0x41,0x29,0x87,0x1C,0x01,0x66,0x05,0x1C,0xC4,
    0x00,0x00,0x0B,0x2C,0x0B,0x25,0x21,0x0F,0x76,0xE6,0x0A,0x19,0x7D,0xCA,0x36,0xDD,
    0xD9,0x06,0x00,0x75,0xE9,0x8F,0x17,0xB0,0xF9,0x5D,0xD6,0xEF,0x88,0xE6,0x2F,0xF9,
    0x29,0xAA,0xE1,0x6B,0x97,0xFD,0x08,0x28,0x9F,0x46,0x2C,0xE5,0x63,0xA2,0xEC,0x01,
    0x72,0xFF,0xFB,0xD5,0x01,0xE0,0x78,0x9D,0xA7,0x4C,0xD3,0x00,0x40,0x41,0x22,0x87,
    0x1C,0x00,0xEC,0x05,0x1C,0xC4,0x00,0x3F,0xD0,0xFE,0xF4,0xC8,0x20,0x00,0xFF,0x04,
    0x29,0x89,0xEF,0x60,0x9C,0xF8,0x46,0xAF,0x82,0x55,0x86,0xFB,0xF9,0xC5,0xD9,0x5D,
    0x02,0x52,0x68,0xE6,0x20,0x07,0x60,0x49,0x8C,0x6E,0x6B,0xFF,0x73,0x23,0x5A,0x18,
    0x53,0x17,0x83,0x66,0xC0,0x67,0xC3,0x3F,0xF8,0xB6,0x84,0x10,0x74,0xE3,0x33,0x51,
    0xD3,0x00,0x40,0x41,0x27,0x87,0x1C,0x1D,0xF6,0x85,0x1C,0xC4,0x00,0x3F,0xFE,0x64,
    0xFF,0xD7,0xA2,0x0F,0xD9,0xAC,0x58,0xC4,0x1F,0xE1,0xA6,0xBF,0xF0,0x72,0x00,0x21,
    0x61,0xD1,0x81,0xE9,0x14,0xA2,0x9D,0x83,0x28,0xE6,0x20,0x00,0x4C,0xE0,0xAD,0x62,
    0x80,0x00,0x7C,0x27,0x24,0x2E,0xB0,0x14,0x22,0x07,0xA5,0x44,0x90,0xBF,0xEC,0x2A,
    0x7A,0x7E,0x9C,0xA1,0xE7,0xB1,0xD3,0x00,0x40,0x41,0x28,0x07,0x1C,0x03,0x6F,0x05,
    0x1C,0xC4,0x00,0x00,0x13,0xB3,0xB8,0x06,0xB1,0x08,0x06,0xEC,0x50,0xD8,0x36,0x6C,
    0xF6,0x72,0x03,0xB4,0x80,0x27,0xDA,0x78,0x07,0xC1,0xF4,0xA2,0x9E,0x20,0xC8,0xE6,
    0x20,0x00,0x56,0x39,0x47,0x2A,0x13,0xFF,0xE3,0x27,0xA0,0xAF,0x70,0x0D,0x71,0x37,
    0x26,0x2F,0x65,0x7F,0xED,0x9B,0x7B,0x8E,0xE0,0x01,0x29,0x2D,0xD3,0x00,0x40,0x41,
    0x26,0x87,0x1C,0x1E,0x73,0x85,0x1C,0xC4,0x00,0x3F,0xE8,0xEA,0xEE,0x5D,0x52,0x08,
    0x13,0xAA,0x58,0x70,0x1E,0x5E,0xA4,0x16,0x08,0x1A,0x80,0x2F,0x18,0xD4,0x0C,0x2F,
    0xF4,0xA2,0xA0,0x20,0x88,0xE6,0x2F,0xFF,0xF7,0x8C,0x36,0xAC,0xD7,0xFF,0xEF,0x26,
    0x98,0xB5,0x99,0x07,0x90,0x05,0x1D,0xE9,0x1F,0xFF,0xED,0x8D,0x3D,0x7F,0x5C,0xF7,
    0x94,0xC8,0xD3,0x00,0x13,0x3E,0xDD,0x07,0x03,0xBA,0xEF,0x51,0x92,0x45,0x8A,0x37,
    0x02,0xD7,0x40,0x09,0x7B,0xA5,0xDA,0xDE,0xFB,0xD5,0x60,0xD3,0x00,0xEA,0x43,0x5D,
    0x07,0x46,0x19,0xAD,0xC2,0x00,0x20,0x05,0x15,0x29,0x86,0x00,0x00,0x00,0x00,0x20,
    0x00,0x01,0x00,0x57,0x5D,0xF6,0x8A,0xAC,0x9C,0x84,0x86,0x96,0x92,0xA2,0xA6,0x94,
    0xA0,0x00,0x00,0x00,0x00,0x00,0x15,0xE3,0xC4,0xB5,0xD8,0xD1,0x36,0x15,0x5C,0x58,
    0xA4,0x39,0xAA,0xDF,0x81,0xEC,0x0D,0x10,0x4D,0xE0,0x2D,0xFD,0xA9,0xED,0xF0,0x32,
    0x5E,0xFC,0x7A,0x50,0x0C,0xA0,0x1C,0x05,0x29,0x3D,0xB6,0xFF,0x06,0x5D,0xCA,0x68,
    0x22,0x79,0x61,0x7E,0x02,0xC6,0xE3,0x94,0x22,0x39,0x74,0x83,0x18,0xEB,0xF8,0x11,
    0xBF,0xE4,0xB1,0xC6,0x37,0x1D,0x23,0x8F,0xDA,0xF3,0x7C,0xE8,0x9B,0xCF,0xC1,0xC1,
    0xBE,0xDD,0x30,0x00,0x00,0x01,0x7F,0x24,0x22,0x0B,0x18,0x1E,0xA7,0xDD,0x60,0x45,
    0x03,0xC0,0xF3,0xED,0xC1,0x4B,0x3E,0x40,0xF6,0x1B,0xBF,0xDF,0x27,0xC0,0x64,0x4D,
    0x7F,0x20,0x70,0xFF,0x7F,0xD3,0x5F,0x69,0x24,0x5F,0x35,0x8E,0x9F,0xAB,0x96,0xD3,
    0xD0,0x01,0x3E,0xD8,0x13,0x2C,0x99,0x10,0xD8,0x14,0x0B,0xC5,0x60,0x27,0x2C,0xF4,
    0xC9,0x25,0x58,0x08,0x00,0x17,0x83,0x61,0x58,0x5A,0x17,0x85,0xC1,0x60,0x60,0x17,
    0x04,0x61,0x48,0x40,0x13,0x05,0xA1,0x58,0x5A,0x1F,0xBE,0x84,0xBC,0x00,0xE6,0xFE,
    0xC6,0x3E,0x83,0x7B,0xF6,0xD7,0x4D,0x69,0xE2,0xDC,0x46,0xAE,0x09,0x8C,0x0D,0x9C,
    0x18,0xE4,0x2A,0x9E,0xD8,0xDD,0x2F,0x40,0x5A,0xC8,0xEC,0xD3,0x00,0xDC,0x44,0x9D,
    0x07,0x46,0x19,0xAD,0xC2,0x00,0x20,0x0C,0x78,0x10,0x00,0x08,0x00,0x00,0x00,0x20,
    0x00,0x01,0x00,0x7F,0xFF,0xA7,0x2F,0xA8,0x28,0xA5,0xAC,0x2F,0x29,0x00,0x00,0x00,
    0x00,0x5F,0xC5,0x45,0x81,0xC3,0x3E,0xCB,0xAD,0xBB,0x3B,0x81,0x65,0xEF,0x5F,0xD8,
    0xA0,0xB4,0x80,0xCC,0x0F,0xC8,0x40,0xDF,0x43,0xF5,0x3B,0x1F,0x57,0xC7,0x76,0x27,
    0x0F,0x81,0x8F,0x9F,0x0F,0x81,0xF5,0x1D,0x78,0x0B,0xBF,0x7D,0xEB,0x87,0xA5,0x98,
    0x6B,0x63,0x8A,0xD6,0x28,0xAE,0xB8,0xEC,0xE4,0x46,0xCD,0x67,0xE6,0xCD,0x9E,0x71,
    0x8B,0x40,0x00,0x00,0x01,0x8B,0x8A,0xC0,0x00,0x00,0x40,0x00,0x00,0x40,0x00,0x00,
    0x0B,0xA7,0x1A,0x40,0x00,0x00,0x00,0x40,0xFA,0x40,0x00,0x00,0x02,0x6E,0x3F,0xC0,
    0x00,0x00,0x03,0x34,0xE0,0xC0,0x00,0x00,0x7C,0x0B,0x4A,0xC0,0x00,0x00,0x7A,0x8B,
    0xEE,0x80,0x16,0x00,0x00,0x00,0x00,0x16,0x00,0x01,0x60,0x00,0x16,0x00,0x01,0x43,
    0x00,0x0B,0x40,0x00,0xD4,0x80,0x00,0x54,0x18,0x82,0xC0,0xB8,0x58,0x17,0x85,0xA1,
    0x78,0x50,0x16,0x85,0x01,0x50,0x3E,0x11,0x05,0x81,0x88,0x6E,0x2D,0xEE,0x48,0x15,
    0xC4,0x10,0x77,0x5C,0x1F,0xE3,0xE3,0x71,0x4B,0x56,0xFB,0xE2,0x09,0xE1,0xF4,0xF8,
    0x3B,0xF0,0x44,0x31,0xBF,0x80,0x3D,0x05,0x2B,0x00,0x54,0x41,0xEF,0xD3,0x01,0x92,
    0x46,0x7D,0x07,0x46,0x18,0xD3,0x02,0x00,0x20,0x03,0xE6,0x80,0xFA,0xC3,0x40,0x00,
    0x00,0x20,0x00,0x01,0x00,0x55,0x55,0x7B,0xFF,0xFF,0x03,0x12,0xF1,0x0B,0x0C,0xF2,
    0xA3,0x00,0xAA,0xAE,0xB2,0x96,0x96,0xAC,0xAC,0x98,0xF0,0xFC,0x94,0x00,0x00,0x00,
    0x00,0x00,0x00,0x00,0x00,0x00,0x1D,0x03,0x2E,0x69,0x42,0xBE,0xF5,0xEC,0xA5,0xD6,
    0x91,0x03,0xE6,0x16,0xBC,0x76,0x46,0x40,0xB0,0xA2,0x84,0x3D,0x33,0x31,0x7D,0x8A,
    0x08,0xCF,0xF7,0xBF,0x6F,0x82,0x81,0xFD,0x20,0x3A,0xFF,0x67,0xFD,0xC5,0xEF,0xB0,
    0x0C,0x7F,0xC4,0x03,0x5D,0xEF,0x47,0xC4,0x40,0x9F,0xFF,0xC7,0xF6,0xD7,0xED,0xA6,
    0xC9,0x88,0x49,0x4B,0xC0,0xD0,0x9F,0xC7,0x27,0x59,0x5B,0x1B,0xED,0xC7,0xDD,0xA1,
    0x18,0x48,0x38,0xBB,0xA9,0xA3,0xB5,0x39,0x99,0x05,0x81,0x91,0xDC,0xFD,0x86,0x08,
    0x2E,0xA4,0xC2,0x8D,0x6C,0x36,0xC7,0x43,0x30,0x0D,0xE2,0x5C,0xDD,0xE4,0x45,0x8B,
    0xB7,0x38,0x9E,0x0C,0x53,0xB9,0xC6,0x5E,0x08,0x50,0xAE,0xE4,0x84,0xCD,0xA3,0x0C,
    0x59,0xF6,0xCD,0x80,0x81,0xD8,0x3D,0xF6,0x1A,0xD4,0xD3,0x00,0x00,0x00,0x02,0xD6,
    0xAB,0xF3,0x4C,0x3D,0xE3,0x67,0xA7,0xFB,0x1D,0x3B,0xFB,0x67,0xA6,0x12,0x4B,0x89,
    0xEE,0x5E,0x03,0xF1,0xC9,0x09,0xE4,0x07,0x5B,0xE7,0x87,0xF1,0xF9,0x14,0xBE,0x0C,
    0xA1,0xC8,0x10,0x0A,0x1C,0x0E,0x17,0x7A,0x18,0x91,0x2D,0xF7,0x04,0x8F,0xFA,0xDA,
    0x17,0xDF,0xD2,0x15,0xE5,0x47,0xDC,0x15,0x67,0x47,0x00,0x00,0x00,0x13,0x8F,0x2A,
    0x19,0x86,0x65,0xEA,0x5F,0x83,0xF2,0xEA,0x75,0xE1,0x1D,0xA7,0xF0,0xF9,0xBB,0x08,
    0x80,0x11,0xAC,0x12,0xDB,0xCA,0x14,0x2B,0x65,0x06,0x44,0xEE,0x43,0x66,0x74,0x49,
    0x12,0xAC,0xD7,0x60,0x38,0x2E,0xE3,0x2E,0xD9,0xCC,0x00,0x04,0xD3,0x4F,0x47,0x32,
    0xEC,0x81,0x33,0x20,0x00,0x00,0x02,0x90,0x70,0x2A,0x09,0x42,0x30,0xB4,0x2A,0x0A,
    0xC2,0xB0,0xB4,0x25,0x09,0xC2,0x00,0xBC,0x30,0x0B,0xC2,0xD0,0x8C,0x26,0x09,0x42,
    0x30,0xC0,0x32,0x0B,0xC3,0x00,0xA8,0x2E,0x0B,0x43,0x20,0x07,0x56,0x15,0xB3,0xB2,
    0x48,0x4C,0x9E,0x73,0xE2,0xEE,0x06,0xB3,0x7C,0x58,0x11,0xAC,0x1E,0xA4,0x7A,0x70,
    0xCE,0xF2,0x5C,0xE2,0xF1,0x05,0x8A,0x73,0x90,0xE4,0xA2,0x44,0x50,0x6E,0xBE,0xCE,
    0x0D,0xAE,0x80,0x65,0xBC,0x0B,0x04,0x1E,0x08,0xA3,0xBF,0x63,0x76,0x97,0xE2,0xDF,
    0x85,0x00,0x6C,0x5F,0x6C,0xD3,0x00,0x60,0x45,0xDD,0x07,0x46,0x19,0xAD,0xC0,0x00,
    0x20,0x19,0x00,0x00,0x00,0x00,0x00,0x00,0x00,0x20,0x00,0x01,0x00,0x7E,0xF9,0x04,
    0xFA,0x00,0x1E,0xBE,0x30,0xBE,0xFF,0xB4,0x00,0xA8,0x00,0x05,0x4B,0x69,0x00,0x00,
    0x1D,0x82,0x85,0xD9,0x4C,0xFE,0x36,0x61,0xE4,0x05,0xE1,0x4C,0xA7,0x70,0x00,0x00,
    0x1F,0x99,0xFC,0x1F,0xF4,0x4C,0xDF,0x9E,0x01,0xFF,0xC9,0xA1,0x95,0x23,0x51,0x4E,
    0x52,0xF3,0xED,0x80,0x05,0xA1,0x38,0x54,0x18,0x84,0xC1,0x80,0x10,0xD7,0x80,0x00,
    0x02,0x5B,0xFB,0x5F,0x15,0x4D,0xFF,0x60,0x18,0xDE,0x08,0xD3,0x00,0x40,0x41,0x22,
    0x47,0x1C,0x1C,0x00,0x15,0x1C,0xC4,0x00,0x3F,0x39,0x54,0x46,0x45,0x9E,0x07,0xC2,
    0x4A,0x1F,0x70,0x7B,0x98,0x7F,0xE9,0xF0,0x8B,0x02,0xD5,0x46,0xD5,0x8D,0x84,0xB9,
    0x5D,0x01,0x20,0x48,0xE6,0x20,0x00,0x8F,0x12,0x27,0x4A,0x3C,0x01,0x13,0x26,0xB8,
    0x81,0xD9,0xF5,0xA8,0x68,0x88,0x88,0x83,0x3F,0xFA,0xD6,0x04,0xA0,0x9C,0xE3,0xF1,
    0x81,0xD3,0x00,0x40,0x41,0x26,0x47,0x1C,0x1E,0xCC,0x85,0x1C,0xC4,0x00,0x00,0x22,
    0xBC,0x13,0x47,0x1D,0x08,0x17,0xDC,0x58,0x43,0xA0,0xEA,0xF1,0x4E,0x0A,0x3C,0x00,
    0x1A,0x2B,0x8E,0x0B,0x72,0x94,0xA2,0xA1,0x49,0xE8,0xE6,0x2F,0xFF,0xEF,0x8C,0x1D,
    0xDD,0xD8,0x00,0x16,0x26,0x98,0x2D,0xD7,0x08,0x82,0x84,0xD8,0xFF,0xDF,0x7F,0xED,
    0x8D,0x00,0xF0,0x3C,0x7B,0x0D,0x69,0xD3,0x00,0x40,0x41,0x2A,0x87,0x1C,0x03,0x4D,
    0x05,0x1C,0xC4,0x00,0x00,0x42,0xFD,0xAA,0xC6,0x72,0x08,0x07,0x68,0x50,0x53,0x0C,
    0x7D,0xB7,0x08,0x02,0xF2,0x00,0x5E,0x70,0xEE,0x87,0xD9,0x14,0xA2,0x9F,0x59,0xC8,
    0xE6,0x2F,0xFF,0xCE,0x39,0xEA,0x26,0xBC,0x00,0x3C,0x27,0x95,0x0D,0x9E,0x0D,0x36,
    0xB4,0x91,0x49,0xC4,0x3F,0xED,0xA0,0xAC,0x1B,0x04,0xAA,0x29,0x41,0xD3,0x00,0x40,
    0x41,0x26,0xC7,0x1C,0x1D,0xD5,0x05,0x1C,0xC4,0x00,0x00,0x18,0xFC,0x14,0x4F,0x3E,
    0x0F,0xD7,0x66,0x55,0x94,0x2E,0x55,0x04,0xBF,0xEF,0x18,0x80,0x30,0x2D,0x24,0x02,
    0xC0,0x54,0xA2,0x9E,0xA2,0x28,0xE6,0x2F,0xFE,0xAC,0xE7,0x06,0x6D,0xB8,0x00,0x41,
    0x27,0x37,0x37,0x8C,0x13,0x64,0x0D,0x62,0xF0,0x13,0x3F,0xEC,0x73,0xFD,0xDF,0x74,
    0x89,0x48,0x4F,0xD3,0x00,0x3F,0x41,0x61,0x13,0x68,0x68,0x6B,0x09,0xE5,0x31,0x00,
    0x3F,0xFB,0x5B,0xFF,0x68,0x7F,0x23,0xFF,0x18,0x9B,0xCD,0x74,0xF9,0xEF,0xDB,0xFD,
    0xFC,0x00,0xB8,0xD6,0x74,0x25,0xEE,0xA8,0x13,0xC0,0x2D,0x31,0x00,0x01,0x8A,0x55,
    0x99,0xB4,0xCF,0xFF,0x62,0x70,0xDB,0xFA,0x51,0xE4,0x0C,0xB4,0x8D,0xCE,0x4F,0xFC,
    0x03,0xEF,0xD3,0xF2,0x00,0x9A,0xDC,0xB3,0x24,0x50,0x41,0x49,0x52,0x30,0x30,0x31,
    0x2C,0x30,0x30,0x30,0x2C,0x34,0x2A,0x33,0x46,0x0D,0x0A,0xD3,0x00,0x13,0x3E,0xDD,
    0x07,0x03,0xBA,0xEF,0x51,0x90,0xC0,0x8A,0x37,0x02,0xD9,0x1A,0x09,0x7B,0xA5,0xDC,
    0x00,0x9F,0x08,0x87,0xD3,0x00,0xEA,0x43,0x5D,0x07,0x46,0x19,0xBD,0x62,0x00,0x20,
    0x05,0x15,0x29,0x86,0x00,0x00,0x00,0x00,0x20,0x00,0x01,0x00,0x57,0x5D,0xF6,0x8A,
    0xAC,0x9C,0x84,0x86,0x96,0x92,0xA2,0xA6,0x94,0xA0,0x00,0x00,0x00,0x00,0x00,0x15,
    0xEB,0xC6,0xB7,0x58,0xD1,0x2E,0x11,0x5D,0x58,0x64,0x21,0xAC,0xE0,0x01,0xEE,0x0D,
    0x10,0x4E,0x00,0x2E,0x7D,0xA9,0xED,0xF0,0x32,0x7E,0xFC,0xFA,0x52,0x0C,0xA8,0x1C,
    0x02,0xA0,0x22,0x24,0x0A,0x38,0x6A,0x77,0x89,0x8D,0x5E,0x66,0x49,0xFC,0xB3,0x24,
    0x00,0x84,0x40,0x46,0x79,0x3E,0x3A,0x32,0xE0,0x23,0x88,0x12,0x4C,0xD0,0xC5,0x68,
    0xC8,0x3D,0xE8,0x99,0x1B,0x49,0x93,0xD7,0x01,0x1D,0xD8,0x70,0x00,0x00,0x1E,0x04,
    0xE4,0xFE,0x90,0xD6,0x1F,0xEA,0x5A,0x60,0x2C,0xF6,0x21,0x0F,0x2F,0x01,0x66,0x82,
    0x3E,0x77,0xEA,0xC0,0xC7,0xEB,0x81,0x4D,0x0F,0xA1,0x31,0x6A,0x41,0x90,0xD4,0x80,
    0xF1,0x7D,0xDE,0x45,0xE7,0x9E,0xBB,0xF3,0x93,0xD0,0x01,0x3E,0xD8,0x13,0x2C,0x99,
    0x10,0xD8,0x14,0x0B,0xC5,0x60,0x27,0xAC,0xFC,0xC9,0x25,0x58,0x08,0x00,0x17,0x83,
    0x61,0x58,0x5A,0x18,0x05,0xE1,0x68,0x62,0x17,0x04,0x81,0x48,0x40,0x13,0x05,0xA1,
    0x50,0x5A,0x1B,0xA4,0xC6,0xBE,0xF0,0xFE,0xDF,0xE6,0x0C,0xAC,0x4C,0xF0,0x49,0xC0,
    0x5D,0xBE,0xC2,0x7D,0x3C,0xF8,0x39,0xEF,0xC9,0xD3,0x97,0xC3,0x30,0x3B,0x80,0x8F,
    0xC0,0xE7,0xA8,0xD0,0xD3,0x00,0xDC,0x44,0x9D,0x07,0x46,0x19,0xBD,0x62,0x00,0x20,
    0x0C,0x78,0x10,0x00,0x08,0x00,0x00,0x00,0x20,0x00,0x01,0x00,0x7F,0xFF,0xA7,0x2F,
    0xA8,0x28,0xA5,0xAC,0x2F,0x29,0x00,0x00,0x00,0x00,0x5F,0xC5,0x35,0x7F,0xC3,0xBE,
    0xCB,0xBD,0xBD,0x3A,0x81,0x65,0xEF,0x67,0xD8,0xA0,0xB5,0x00,0xCC,0x0F,0xC8,0x40,
    0xFF,0x44,0x1C,0x44,0xC1,0xC8,0x22,0x81,0xD8,0x20,0x3C,0xD0,0x9A,0x50,0x61,0xA9,
    0xF6,0x87,0x2B,0x18,0x71,0xC5,0x9E,0x0E,0x61,0xD3,0x48,0xF9,0x88,0x87,0x98,0x38,
    0x9E,0x79,0xE1,0xE5,0x6A,0x14,0x81,0xB9,0x4E,0xA2,0x40,0x00,0x00,0x0B,0x4E,0x15,
    0xC0,0x00,0x00,0x40,0x00,0x00,0x40,0x00,0x00,0x0A,0x7A,0xE7,0x40,0x00,0x00,0x04,
    0x0E,0xFF,0x40,0x00,0x00,0x08,0x0E,0x59,0x40,0x00,0x00,0x7E,0xDB,0xAB,0x40,0x00,
    0x00,0x08,0x6A,0x27,0x40,0x00,0x00,0x06,0x00,0x1D,0x80,0x16,0x00,0x00,0x00,0x00,
    0x16,0x00,0x01,0x60,0x00,0x16,0x00,0x01,0x43,0x00,0x0B,0x48,0x00,0xD5,0x00,0x00,
    0x54,0x18,0x82,0xC0,0xB0,0x5A,0x17,0x05,0xA1,0x78,0x50,0x16,0x85,0x01,0x48,0x3E,
    0x10,0x85,0x61,0x88,0x04,0x9C,0x20,0x8B,0xC6,0x04,0x1A,0x48,0xC8,0x32,0xE3,0xDF,
    0x4C,0xC4,0x5F,0x92,0x1A,0x3C,0x22,0x48,0xCC,0xF8,0xF7,0x13,0xCF,0x89,0x1B,0xE1,
    0xBD,0x72,0x80,0x46,0x12,0x39,0xD3,0x01,0xA1,0x46,0x7D,0x07,0x46,0x18,0xE2,0xA2,
    0x00,0x20,0x03,0xE6,0x80,0xFA,0xC3,0x50,0x00,0x00,0x20,0x00,0x01,0x00,0x55,0x55,
    0x7B,0xFF,0xFF,0x40,0xC4,0xBC,0x42,0xC3,0x3C,0xA8,0xC0,0x2A,0xAB,0xAC,0xA5,0xA5,
    0xAB,0x2B,0x26,0x3C,0x3F,0x25,0x2C,0x80,0x00,0x00,0x00,0x00,0x00,0x00,0x00,0x00,
    0x00,0x73,0xEC,0xC1,0xA5,0x0A,0x7B,0xF7,0xB2,0x99,0x59,0xC3,0xEF,0x88,0x5A,0xF1,
    0xD9,0x58,0xF2,0xBE,0x8A,0x90,0xF4,0xC4,0xC2,0xAB,0x7D,0x8C,0x08,0xD7,0xF7,0xBF,
    0x70,0x02,0x81,0xFD,0x28,0x3B,0x1F,0x68,0x7D,0xC7,0xEF,0xB8,0x0C,0x9F,0xC4,0x83,
    0x5D,0xEF,0x4F,0xC4,0x40,0xA0,0x7F,0xC9,0xF6,0xD7,0xED,0xC1,0x4A,0x96,0x7E,0x78,
    0xFE,0xBF,0xF4,0xC7,0xEF,0x2B,0xAC,0x6B,0x8C,0x16,0x79,0x86,0x9D,0xC5,0x78,0xF8,
    0xF3,0xF0,0x71,0x46,0xF0,0x1A,0xF2,0x4C,0x9F,0x29,0x09,0x0C,0x09,0xD7,0x19,0xEB,
    0x70,0x33,0xFE,0xBD,0xBC,0x6A,0xDA,0x80,0x3A,0x63,0x02,0xA4,0xF7,0xA9,0xB4,0x7A,
    0x03,0x79,0xAE,0x70,0x1F,0x58,0x48,0xE0,0x40,0x8B,0xED,0x76,0x88,0x63,0xE7,0xA9,
    0x27,0xFF,0xC6,0x80,0xFC,0xD9,0xAB,0xC5,0x05,0x89,0x73,0x40,0x00,0x00,0x7D,0x13,
    0xE1,0x7D,0x13,0xBB,0x7A,0x5D,0x61,0xF9,0xCE,0xC1,0x88,0xA7,0x2D,0x03,0xF1,0x53,
    0x7C,0x04,0x09,0x7C,0xDE,0xDB,0x7C,0x89,0xC2,0xFD,0x69,0xF5,0x03,0xC0,0x6C,0xFC,
    0xA8,0xE4,0xFD,0x82,0xFB,0xFB,0x0C,0x2D,0xFD,0xAA,0xA2,0x80,0x85,0xF5,0x01,0x7B,
    0x5F,0xFD,0xD8,0x97,0x7F,0x36,0x10,0x06,0xD4,0x26,0xC0,0x00,0x00,0x03,0x5A,0x5C,
    0x04,0xD8,0x35,0x7A,0x8B,0x59,0xFC,0xAE,0x2B,0x80,0x48,0x7C,0x04,0x3F,0x90,0xC0,
    0x00,0x00,0x42,0x20,0x04,0x6B,0x04,0xB6,0xF2,0x85,0x0A,0xD9,0x41,0x91,0x3B,0x92,
    0xDA,0x1F,0x12,0x44,0xAB,0x35,0xD8,0x0E,0x0B,0xB8,0xCC,0x36,0x93,0x00,0x01,0x34,
    0xD3,0xD1,0xCC,0xBB,0x20,0x4C,0xC0,0x02,0x00,0x00,0x00,0x34,0x83,0x61,0x48,0x4A,
    0x11,0x85,0xA1,0x50,0x56,0x15,0x85,0xA1,0x28,0x4E,0x10,0x85,0xE1,0x80,0x5E,0x16,
    0x84,0x61,0x38,0x4A,0x11,0x86,0x01,0x90,0x5E,0x18,0x85,0x41,0x70,0x5A,0x19,0x02,
    0x61,0xC3,0x4F,0x66,0xF8,0xD7,0xCE,0x6D,0xA2,0x75,0x3D,0x6E,0x7D,0x0C,0xDA,0xF7,
    0xE3,0xF3,0xC7,0xD7,0xBF,0x4F,0x7F,0x61,0x9F,0x3F,0x74,0xFD,0x87,0x16,0x8A,0x2C,
    0x48,0x01,0xD7,0xE6,0x60,0x02,0xC0,0xCC,0x39,0x1D,0xE6,0xCB,0xE6,0x83,0xD0,0x7C,
    0x28,0x78,0x67,0x1D,0xAA,0x9B,0x5E,0x09,0x82,0x80,0xDF,0x56,0xF8,0xD3,0x00,0x60,
    0x45,0xDD,0x07,0x46,0x19,0xBD,0x60,0x00,0x20,0x19,0x00,0x00,0x00,0x00,0x00,0x00,
    0x00,0x20,0x00,0x01,0x00,0x7E,0xF9,0x04,0xFA,0x00,0x1E,0xBE,0x30,0xBE,0xFF,0xB6,
    0x00,0xB0,0x00,0x03,0x53,0xDF,0x00,0x00,0x1E,0xAD,0x77,0xEC,0x59,0xDE,0x38,0xB3,
    0xE4,0x61,0xA0,0xCB,0xE6,0x30,0x00,0x00,0x1F,0xE6,0x14,0xC0,0x40,0x69,0x1F,0x9F,
    0x43,0x3F,0xCA,0xDF,0xF5,0x23,0x51,0x4E,0x52,0xF3,0xED,0x80,0x05,0xA1,0x38,0x54,
    0x18,0x84,0xC1,0x88,0x00,0xEE,0x80,0x01,0xC2,0xBF,0x70,0xB8,0x67,0xF0,0xC3,0x00,
    0x4E,0xA4,0xA7,0xD3,0x00,0x40,0x41,0x23,0x87,0x1C,0x03,0x0E,0x85,0x1C,0xC4,0x00,
    0x00,0xFF,0x63,0x35,0x78,0x7E,0x00,0x08,0xDC,0x50,0xE8,0xAF,0x25,0x32,0x50,0x03,
    0x54,0x80,0x59,0x07,0xE2,0x07,0xEC,0x94,0xA2,0xA0,0x67,0x28,0xE6,0x20,0x00,0x36,
    0x3A,0x26,0xD6,0xAC,0x00,0x2F,0x27,0x92,0x26,0x1C,0x0D,0x3C,0x3C,0x3A,0x1D,0x79,
    0x7F,0xED,0x98,0x84,0xC0,0x58,0x4F,0x9C,0xE8,0xD3,0x00,0x40,0x41,0x23,0x47,0x1C,
    0x02,0x0E,0x05,0x1C,0xC4,0x00,0x00,0x22,0x23,0x26,0xCA,0x02,0x07,0x63,0x2E,0x04,
    0xBB,0x36,0xE9,0xB1,0xD5,0xD4,0xE0,0x81,0x22,0xE0,0x64,0x99,0x69,0x79,0x5D,0xCB,
    0x36,0xC8,0xE6,0x2F,0xEE,0x25,0xAA,0xDE,0x35,0x53,0xFF,0xBB,0x29,0xB6,0x98,0x27,
    0xE2,0x56,0x27,0x77,0x1C,0x5B,0x7F,0xFC,0x36,0x7A,0x20,0x74,0xB9,0x5E,0xD6,0xD3,
    0x00,0x3F,0x41,0x63,0x13,0x68,0x68,0x6B,0xEF,0xC5,0x31,0x00,0x3F,0xF7,0xBB,0xFD,
    0xA0,0xA9,0xDF,0xB7,0xC8,0x6A,0xE1,0x82,0xEF,0xB7,0x7B,0xC6,0x7C,0x00,0xEA,0xA5,
    0xFC,0x32,0xCE,0xA8,0x13,0xCD,0xC9,0x31,0x00,0x00,0x45,0x00,0x45,0x96,0x00,0x00,
    0x12,0x89,0x7A,0x86,0x11,0xC2,0xC1,0xD9,0x32,0x12,0x9F,0xFC,0x46,0x7F,0x53,0xD4,
    0x00,0xC5,0xE1,0xFB,0xD3,0x00,0x40,0x41,0x22,0x07,0x1C,0x01,0xC2,0x85,0x1C,0xC4,
    0x00,0x3F,0xD0,0x2C,0x3C,0x42,0x6C,0x07,0x71,0x1C,0x03,0x71,0x8B,0x9A,0x84,0x7B,
    0xD7,0xFD,0x80,0x95,0x58,0xB3,0x18,0x6B,0xF9,0x5D,0xB5,0xB4,0xC8,0xE6,0x2F,0xF1,
    0x21,0xAF,0x63,0xB3,0xB7,0xFD,0xC0,0x2B,0x45,0x1E,0xE1,0xE5,0x5D,0x9E,0xEB,0xD7,
    0x94,0x7F,0xFC,0x5C,0x07,0x3F,0xEC,0xAB,0x96,0x7A,0xD3,0x00,0x40,0x41,0x2A,0xC7,
    0x1C,0x1D,0xEF,0x05,0x1C,0xC4,0x00,0x00,0x07,0xEC,0x03,0x6C,0x63,0x0F,0xDF,0xFA,
    0x59,0xA6,0xDA,0x23,0x32,0x73,0xF2,0x31,0x80,0x24,0xC8,0x13,0x81,0x7C,0xD4,0xA2,
    0x9E,0xB9,0x28,0xE6,0x2F,0xFE,0xD4,0xE0,0xDA,0x1C,0x5B,0xFF,0xA6,0x26,0xF1,0x6E,
    0xBB,0x14,0x6E,0x08,0x68,0x10,0xEF,0x7F,0xEC,0x2B,0x3E,0x7F,0x9C,0x5D,0x22,0x0C,
    0xD3,0x00,0x13,0x3E,0xDD,0x07,0x03,0xBA,0xEF,0x51,0x8F,0x4C,0x8A,0x37,0x02,0xDB,
    0x0E,0x09,0x7B,0xA5,0xDC,0x40,0xA2,0x16,0xAB,0xD3,0x00,0xEA,0x43,0x5D,0x07,0x46,
    0x19,0xCD,0x02,0x00,0x20,0x05,0x15,0x29,0x86,0x00,0x00,0x00,0x00,0x20,0x00,0x01,
    0x00,0x57,0x5D,0xF6,0x8A,0xAC,0x9C,0x84,0x86,0x96,0x92,0xA2,0xA6,0x94,0xA0,0x00,
    0x00,0x00,0x00,0x00,0x15,0xF3,0xCA,0xB8,0x58,0xD1,0x26,0x0D,0x5D,0xD8,0x24,0x11,
    0xB0,0xE0,0x01,0xEE,0x0D,0x10,0x4E,0x00,0x2E,0x7D,0xA9,0xED,0xF0,0x32,0x7E,0xFC,
    0xFA,0x52,0x0C,0xA8,0x1C,0x00,0x06,0x47,0x91,0x1A,0x9A,0x78,0xEF,0xAA,0x8C,0x23,
    0x66,0xC5,0xF7,0x25,0xA4,0x68,0x5A,0x46,0xB8,0x3F,0x42,0xE8,0x6C,0x06,0x47,0x23,
    0xBD,0xCD,0xF9,0x7D,0xA5,0x91,0x9F,0x5C,0x45,0x60,0xD8,0x57,0x97,0xC0,0x7B,0x50,
    0x10,0x00,0x00,0x1E,0x89,0x11,0xDF,0x15,0x04,0x21,0x2B,0x8B,0x00,0x13,0x8D,0x21,
    0x28,0xE0,0x81,0x80,0x34,0x5F,0xF8,0x20,0xE1,0xAE,0xF7,0x02,0x34,0x20,0xFF,0x40,
    0x9A,0x7F,0xA0,0x0C,0x5E,0x78,0x71,0xA1,0x54,0xE6,0xA1,0xCA,0xEE,0x33,0xD0,0x01,
    0x3E,0xD8,0x13,0x2C,0x99,0x10,0xD8,0x14,0x0B,0xC5,0x60,0x28,0x0C,0xFC,0xC9,0x25,
    0x58,0x08,0x00,0x17,0x83,0x61,0x58,0x5C,0x17,0x85,0xE1,0x68,0x62,0x17,0x04,0x81,
    0x48,0x42,0x13,0x05,0xA1,0x50,0x5A,0x1B,0x84,0x09,0xB6,0xF0,0x7E,0xDC,0xF2,0x12,
    0x88,0x50,0xC0,0x1A,0x20,0x22,0x7E,0x82,0x7B,0x01,0x75,0x3D,0xDF,0xEF,0xC4,0xA3,
    0xCB,0x08,0x5B,0x30,0x78,0xC0,0x3B,0x5A,0x01,0xD3,0x00,0xDC,0x44,0x9D,0x07,0x46,
    0x19,0xCD,0x02,0x00,0x20,0x0C,0x78,0x10,0x00,0x08,0x00,0x00,0x00,0x20,0x00,0x01,
    0x00,0x7F,0xFF,0xA7,0x2F,0xA8,0x28,0xA5,0xAC,0x2F,0x29,0x00,0x00,0x00,0x00,0x5F,
    0xE5,0x25,0x7D,0xC4,0x3E,0xEB,0xCD,0xC1,0x3A,0x01,0x65,0xEF,0x67,0xD8,0xA0,0xB5,
    0x00,0xCC,0x0F,0xC8,0x40,0xFF,0x44,0x03,0x58,0x80,0x37,0x2C,0x8D,0x7A,0x00,0xF6,
    0x03,0x95,0x9A,0x71,0x5D,0x20,0x16,0x50,0xA9,0x63,0xC1,0x74,0x7A,0x87,0x39,0xCB,
    0xE7,0xFD,0xB6,0x80,0x18,0x0F,0xB6,0x00,0xFB,0xAC,0x82,0x20,0xC0,0x2A,0x28,0xC0,
    0x00,0x00,0x05,0x0A,0x77,0x40,0x00,0x00,0x40,0x00,0x00,0x40,0x00,0x00,0x09,0x48,
    0xB5,0x40,0x00,0x00,0x07,0xD6,0xFD,0x40,0x00,0x00,0x7D,0xA8,0x93,0xC0,0x00,0x00,
    0x7A,0x7B,0xF8,0x40,0x00,0x00,0x04,0xC2,0x19,0xC0,0x00,0x00,0x01,0x6E,0x12,0x00,
    0x16,0x00,0x00,0x00,0x00,0x16,0x00,0x01,0x60,0x00,0x16,0x00,0x01,0x43,0x00,0x0B,
    0x50,0x00,0xD5,0x00,0x00,0x56,0x18,0x82,0xA0,0xB0,0x5A,0x17,0x05,0xA1,0x78,0x52,
    0x16,0x84,0xE1,0x50,0x3C,0x11,0x05,0x61,0x90,0x04,0x37,0x1C,0x15,0xBB,0x6F,0x59,
    0x68,0xC3,0x22,0xCC,0xDF,0x2D,0x43,0xA2,0x92,0xA1,0x39,0x32,0x47,0x48,0xDE,0x16,
    0xE7,0x9F,0x5A,0x1B,0xAF,0x7C,0x85,0x80,0xD2,0x59,0xB5,0xD3,0x01,0xA1,0x46,0x7D,
    0x07,0x46,0x18,0xF2,0x42,0x00,0x20,0x03,0xE6,0x80,0xFA,0xC3,0x50,0x00,0x00,0x20,
    0x00,0x01,0x00,0x55,0x55,0x7B,0xFF,0xFF,0x40,0xC4,0xBC,0x42,0xC3,0x3C,0xA8,0xC0,
    0x2A,0xAB,0xAC,0xA5,0xA5,0xAB,0x2B,0x26,0x3C,0x3F,0x25,0x2C,0x80,0x00,0x00,0x00,
    0x00,0x00,0x00,0x00,0x00,0x00,0x73,0xCC,0xC9,0xA5,0x09,0xFC,0x17,0xAA,0x9D,0x59,
    0x43,0xCF,0x78,0x5C,0xF1,0x59,0x78,0xE2,0xBA,0x8B,0x90,0xF4,0xBC,0xC0,0xAC,0xFD,
    0x8C,0x08,0xCF,0xF7,0xBF,0x70,0x02,0x81,0xFD,0x28,0x3B,0x1F,0x67,0xFD,0xC7,0xEF,
    0xB8,0x0C,0x9F,0xC4,0x83,0x5D,0xEF,0x4F,0xC4,0x40,0xA0,0x7F,0xC9,0xF6,0xD7,0xED,
    0xC1,0x4A,0x91,0xB8,0xE0,0xD8,0x75,0xE6,0x35,0x57,0x3A,0x82,0xF1,0x94,0xA1,0x39,
    0xC1,0x04,0xE7,0xA8,0xCF,0x93,0x72,0x10,0x67,0x09,0xAF,0x00,0x52,0xC0,0x08,0xFE,
    0x61,0xEA,0x41,0x7A,0xEE,0x96,0x23,0xF8,0x9E,0x4D,0x88,0xDC,0xC0,0xE6,0xE4,0x8D,
    0xA0,0xC9,0x21,0x84,0x11,0x6F,0xE6,0x0C,0x0B,0xE5,0x27,0x40,0x7C,0x54,0x85,0xAB,
    0xC6,0x83,0xB2,0x67,0x5C,0x11,0xFD,0xBB,0x20,0xE7,0xD6,0xB4,0x91,0x04,0x57,0x0D,
    0x40,0x00,0x00,0x79,0x6B,0x12,0x7D,0x4D,0x8C,0xFB,0xD9,0xD1,0x04,0xCF,0x34,0x82,
    0x6D,0x8E,0x03,0x49,0x15,0x7C,0x6A,0xBB,0x7D,0x45,0x82,0x00,0x0A,0xB4,0x80,0xEA,
    0xD9,0x79,0x36,0x0E,0x06,0x23,0xED,0x06,0xFE,0x07,0x82,0x8C,0xC9,0x85,0x2B,0x36,
    0x83,0x44,0xB4,0x04,0x3A,0x11,0x03,0xB6,0x61,0x85,0x13,0xC7,0x78,0x48,0x0F,0xC0,
    0x00,0x00,0x01,0xCA,0x1C,0x03,0x47,0xE9,0x7A,0x78,0x4B,0x7C,0x9B,0x09,0x08,0x43,
    0x70,0x0C,0x3A,0x88,0x40,0x00,0x00,0x42,0x20,0x04,0x6B,0x04,0xB7,0x12,0x85,0x0A,
    0xD9,0x41,0x91,0x3B,0x92,0xDA,0x20,0x72,0x44,0xAB,0x35,0xD8,0x0E,0x0B,0xB8,0xCC,
    0x36,0x93,0x00,0x01,0x34,0xD3,0xD1,0xCC,0xBB,0x20,0x4C,0xC0,0x02,0x00,0x00,0x00,
    0x34,0x83,0x81,0x48,0x4A,0x11,0x85,0xA1,0x50,0x56,0x15,0x85,0xC1,0x28,0x4E,0x10,
    0x85,0xC1,0x80,0x5E,0x17,0x04,0x41,0x38,0x4A,0x11,0x86,0x01,0x90,0x5E,0x18,0x85,
    0x41,0x70,0x5A,0x19,0x82,0x61,0xC5,0x60,0x55,0xB0,0x98,0x0E,0x1E,0xC1,0xB6,0x7B,
    0xF0,0xFA,0x91,0x24,0x21,0xE6,0x03,0xC2,0x0F,0x97,0x9E,0xD7,0x81,0x41,0x40,0x36,
    0x7E,0xB1,0x17,0x88,0x2A,0xEC,0x02,0x0F,0xDA,0xE0,0x33,0x9F,0xAC,0xF7,0xDE,0xE4,
    0xD5,0xE6,0x8B,0xC1,0x88,0x20,0x98,0x31,0x5D,0x9A,0xFA,0xE7,0x83,0x72,0x80,0xE4,
    0x21,0x9F,0xD3,0x00,0x60,0x45,0xDD,0x07,0x46,0x19,0xCD,0x00,0x00,0x20,0x19,0x00,
    0x00,0x00,0x00,0x00,0x00,0x00,0x20,0x00,0x01,0x00,0x7E,0xF9,0x04,0xFA,0x00,0x1E,
    0xBE,0x30,0xBE,0xFF,0xB6,0x00,0xA8,0x00,0x01,0x38,0x4B,0x00,0x00,0x1F,0xC9,0x9D,
    0xFE,0xF3,0x1E,0x2F,0xE1,0xE4,0x49,0xA0,0x49,0x7A,0x30,0x00,0x00,0x00,0x30,0x6B,
    0x00,0x8A,0xBC,0xDF,0x9E,0xC7,0x5F,0xCA,0x62,0x75,0x23,0x53,0x4E,0x52,0xF3,0xED,
    0x80,0x05,0xA1,0x38,0x54,0x18,0x84,0xC1,0x88,0x7E,0x70,0x80,0x00,0x4B,0x24,0x85,
    0x40,0x58,0x20,0x57,0x80,0x1C,0xD0,0x85,0xD3,0x00,0x40,0x41,0x29,0xC7,0x1C,0x1C,
    0x70,0x05,0x1C,0xC4,0x00,0x3F,0xFE,0xF4,0xFF,0x92,0x14,0x0F,0xB4,0xAE,0x20,0x1E,
    0xD2,0xD8,0x6C,0xFD,0xED,0x2A,0x00,0xD9,0x70,0x22,0x8A,0x80,0xB9,0x5C,0xCB,0x3C,
    0xA8,0xE6,0x2F,0xFD,0xA2,0xFE,0x6B,0x59,0x8C,0x02,0x0A,0x27,0x2C,0xE0,0xCB,0xFB,
    0xE9,0x22,0xE7,0x8F,0x3B,0xBF,0xFA,0xAF,0x44,0x61,0x18,0xB5,0x14,0xC8,0xD3,0x00,
    0x3F,0x41,0x64,0xD3,0x68,0x68,0x6B,0x0C,0xB1,0x31,0x00,0x00,0x2F,0xA7,0xF6,0x91,
    0x4D,0xAC,0x00,0xDC,0x98,0x4E,0x1F,0x92,0xC8,0xCC,0x00,0x74,0x00,0xB7,0x47,0xF0,
    0x23,0x7A,0xA8,0x13,0x74,0x3D,0x31,0x00,0x00,0x2A,0x57,0xDD,0xB9,0x20,0x00,0xC2,
    0x74,0x80,0xD7,0x61,0xEC,0x6C,0x46,0x31,0xFB,0x1F,0xFC,0x0B,0x5F,0xCB,0xF1,0x00,
    0x85,0xFD,0x09,0xD3,0x00,0x3D,0x3F,0xB3,0x4D,0xA0,0x40,0x57,0x2C,0x48,0x12,0x00,
    0x00,0x2E,0x45,0xF8,0x18,0x2C,0xFE,0x9C,0x33,0x6B,0x07,0x67,0xA3,0x13,0xFE,0xA5,
    0x03,0x9A,0x2C,0x4B,0x0B,0xD1,0xA1,0x0D,0x4C,0xDB,0x48,0x12,0xFF,0xF2,0xAC,0x76,
    0x6B,0x87,0x00,0x22,0x27,0x80,0xD8,0xA9,0x22,0xCF,0x24,0xFD,0xDE,0xA1,0xFF,0xA6,
    0x29,0xE8,0x00,0xFE,0x94,0x0E,0xD3,0x00,0x3D,0x3F,0xB1,0x4D,0xA0,0x43,0xE2,0x6F,
    0x48,0x12,0x00,0xFF,0xF3,0xEE,0xD2,0x70,0x6F,0xFE,0x69,0x2D,0x5B,0x27,0x19,0x5B,
    0xB3,0xFE,0xB3,0x03,0x13,0x5C,0x6F,0x15,0xD3,0xA1,0x0D,0x79,0xEE,0x48,0x12,0xFF,
    0xC8,0x7A,0x4E,0x9C,0xDE,0xFF,0xCE,0x27,0x62,0x6D,0x1D,0x17,0x51,0x2F,0x40,0xC5,
    0xC5,0xFF,0xAA,0x09,0xE8,0x00,0x2D,0x20,0x8D,0xD3,0x00,0x3D,0x41,0x43,0x48,0x12,
    0x00,0x00,0x09,0x00,0xD9,0xD1,0x96,0xFC,0x5C,0x82,0xA7,0x1D,0xE4,0x0E,0xAB,0x71,
    0x3C,0x99,0x26,0x50,0x28,0x11,0x83,0x2B,0xB9,0x09,0x41,0x20,0x4B,0xF8,0xF5,0x18,
    0x21,0x3E,0x7C,0x04,0x74,0x73,0x9D,0x4C,0x00,0x0E,0xEB,0x03,0xB4,0xBC,0xBF,0xFF,
    0x70,0xFB,0xCD,0xF8,0xDA,0x10,0x00,0x06,0x50,0x3C,0xFC,0x4A,0xD3,0x00,0x13,0x3E,
    0xDD,0x07,0x03,0xBA,0xEF,0x51,0x8D,0xC0,0x8A,0x37,0x02,0xDD,0x43,0x09,0x7B,0xA5,
    0xDD,0xC0,0x6F,0xF6,0x4A,0xD3,0x00,0xEA,0x43,0x5D,0x07,0x46,0x19,0xDC,0xA2,0x00,
    0x20,0x05,0x15,0x29,0x86,0x00,0x00,0x00,0x00,0x20,0x00,0x01,0x00,0x57,0x5D,0xF6,
    0x8A,0xAC,0x9C,0x84,0x86,0x96,0x92,0xA2,0xA6,0x94,0xA0,0x00,0x00,0x00,0x00,0x00,
    0x15,0xFB,0xCC,0xB9,0x58,0xF1,0x1E,0x09,0x5E,0x58,0x03,0xF9,0xB2,0xE0,0x81,0xEE,
    0x0D,0x18,0x4E,0x00,0x2E,0x7D,0xA9,0xED,0xF0,0x32,0x7E,0xFC,0xFA,0x52,0x0C,0xA8,
    0x1C,0x1D,0x81,0xD5,0xFE,0x9F,0x1C,0x89,0x49,0xCB,0xF3,0x78,0x70,0x37,0xF1,0x0A,
    0x44,0xCF,0xA2,0x4D,0x76,0xC5,0x45,0xD1,0xA5,0x5A,0x3A,0xC4,0xF0,0x51,0xB8,0xE5,
    0xE6,0x2C,0x01,0x6B,0x21,0x94,0xC4,0x1B,0xB5,0x1F,0xD9,0xF4,0xF0,0x00,0x00,0x1F,
    0x0E,0x6C,0xBF,0x9A,0x60,0xFE,0x6E,0x2D,0xFF,0xFB,0x8A,0x01,0x43,0xBD,0xA1,0x9B,
    0x14,0x81,0x79,0x81,0x3E,0x97,0x14,0x1F,0x1C,0x3E,0x61,0x50,0xCC,0xE1,0xB0,0x36,
    0x60,0x00,0xC6,0x80,0x65,0x42,0x60,0xDB,0x56,0x33,0xD0,0x01,0x3E,0xD8,0x13,0x2C,
    0x99,0x10,0xD8,0x14,0x0B,0xC5,0x60,0x28,0x4D,0x04,0xC9,0x25,0x58,0x08,0x00,0x17,
    0x03,0x41,0x58,0x5C,0x17,0x85,0xE1,0x68,0x60,0x17,0x04,0x81,0x48,0x42,0x13,0x85,
    0xA1,0x50,0x5A,0x1C,0x98,0x3C,0xC4,0xF5,0xCC,0xE7,0x30,0x2F,0x98,0x86,0xF8,0x67,
    0x00,0xEA,0x7F,0xD5,0x7D,0x29,0xF9,0x9C,0xED,0x85,0xD1,0x9B,0xED,0x80,0xA8,0x11,
    0xAD,0xC0,0x57,0xF0,0xA3,0xD3,0x00,0xDC,0x44,0x9D,0x07,0x46,0x19,0xDC,0xA2,0x00,
    0x20,0x0C,0x78,0x10,0x00,0x08,0x00,0x00,0x00,0x20,0x00,0x01,0x00,0x7F,0xFF,0xA7,
    0x2F,0xA8,0x28,0xA5,0xAC,0x2F,0x29,0x00,0x00,0x00,0x00,0x60,0x05,0x15,0x7B,0xC5,
    0x3E,0xEB,0xD5,0xC5,0x39,0x81,0x65,0xEF,0x67,0xD8,0xC0,0xB5,0x00,0xCE,0x0F,0xD0,
    0x40,0xFF,0x44,0x6A,0x7F,0x8E,0xA7,0xA9,0x19,0x2A,0x31,0xB0,0xA9,0x11,0x00,0x81,
    0x11,0x6E,0x65,0x56,0xB6,0x57,0x0F,0x8A,0xCD,0xE8,0xA1,0x92,0x16,0x8A,0x09,0x69,
    0x0C,0x81,0x14,0x08,0x12,0xC5,0xEF,0xF6,0x2F,0x06,0xF2,0xC0,0x00,0x00,0x7E,0xCB,
    0xF1,0xC0,0x00,0x00,0x40,0x00,0x00,0x40,0x00,0x00,0x08,0x1B,0x7C,0x40,0x00,0x00,
    0x7B,0xA4,0x0B,0x40,0x00,0x00,0x03,0x47,0xFD,0x40,0x00,0x00,0x06,0x21,0x15,0x40,
    0x00,0x00,0x01,0x1E,0x29,0x40,0x00,0x00,0x7C,0xE0,0xBE,0x80,0x16,0x00,0x00,0x00,
    0x00,0x16,0x00,0x01,0x60,0x00,0x16,0x00,0x01,0x43,0x00,0x0B,0x58,0x00,0xD5,0x00,
    0x00,0x56,0x18,0x82,0xC0,0xB8,0x5A,0x17,0x85,0x81,0x78,0x50,0x16,0x84,0xE1,0x48,
    0x3C,0x11,0x05,0x61,0x88,0x11,0x5E,0x2A,0xDD,0xD5,0xE3,0xB4,0x57,0x20,0x1E,0xB2,
    0xE2,0x80,0x06,0xF4,0x78,0x8F,0xF9,0x1D,0xDC,0xB3,0xDD,0xAF,0x93,0x2F,0xCD,0xFE,
    0xB9,0x7F,0x45,0x00,0x2D,0xAD,0x3B,0xD3,0x01,0xA1,0x46,0x7D,0x07,0x46,0x19,0x01,
    0xE2,0x00,0x20,0x03,0xE6,0x80,0xFA,0xC3,0x50,0x00,0x00,0x20,0x00,0x01,0x00,0x55,
    0x55,0x7B,0xFF,0xFF,0x40,0xC4,0xBC,0x42,0xC3,0x3C,0xA8,0xC0,0x2A,0xAB,0xAC,0xA5,
    0xA5,0xAB,0x2B,0x26,0x3C,0x3F,0x25,0x2C,0x80,0x00,0x00,0x00,0x00,0x00,0x00,0x00,
    0x00,0x00,0x73,0xAC,0xD1,0xA3,0x09,0x7C,0x37,0xAA,0xA1,0x58,0xC3,0xAF,0x68,0x5C,
    0xF1,0x59,0xB8,0xD2,0xB8,0x8C,0x10,0xF4,0xB4,0xC0,0xAD,0xFD,0x8C,0x08,0xCF,0xF7,
    0xBF,0x70,0x02,0x81,0xFD,0x28,0x3B,0x1F,0x68,0x7D,0xC7,0xEF,0xB8,0x0C,0x9F,0xC4,
    0x83,0x5D,0xEF,0x4F,0xC4,0x40,0xA0,0x7F,0xC9,0xF6,0xD7,0xED,0xC1,0x4A,0x8D,0x00,
    0xA8,0xAE,0x9C,0x17,0xA2,0x77,0x4B,0x38,0xF7,0xA6,0xB7,0xFA,0x54,0xEC,0x11,0x60,
    0xA7,0x09,0x73,0xD9,0x3F,0x24,0x77,0x0E,0x63,0x60,0xEA,0x36,0xF7,0xE4,0xCF,0xDB,
    0xAF,0x7C,0x29,0x2E,0x80,0x03,0xE6,0xF4,0x39,0x97,0xF5,0x18,0xAA,0xFE,0x9A,0x88,
    0x68,0xF5,0x66,0x6B,0x96,0x6B,0x07,0x78,0x19,0x00,0x7F,0x7B,0x5E,0x80,0x34,0xE7,
    0x21,0x4F,0xFF,0x35,0x00,0xE3,0x27,0xBB,0xF0,0x83,0x28,0xE3,0x40,0x00,0x00,0x05,
    0xC6,0x6C,0xFD,0x8B,0x83,0xFD,0x5A,0x0E,0xFF,0xD3,0xA2,0xFC,0x38,0x32,0x02,0xA5,
    0x16,0xFC,0xD6,0x77,0x7D,0xB1,0x56,0x83,0x8F,0xB7,0x04,0x6F,0xE9,0xFE,0xB1,0x43,
    0x7F,0xA4,0x8D,0x00,0x7E,0xA8,0x7A,0x12,0x94,0x7C,0xB1,0x0D,0x06,0x08,0x37,0x06,
    0xFD,0x9B,0x79,0x98,0x7F,0xFA,0xF5,0xEB,0xF9,0xC0,0x80,0x40,0x00,0x00,0x00,0x3D,
    0xE6,0x81,0xBB,0xBF,0xFA,0x69,0x87,0xFC,0x8C,0x60,0x80,0x43,0x3D,0x04,0x3A,0x5D,
    0xC0,0x00,0x00,0x42,0x20,0x04,0x6B,0x04,0xB7,0x12,0x85,0x0A,0xD9,0xC1,0x91,0x3B,
    0x92,0xDA,0x21,0x72,0x44,0xAB,0x35,0xD8,0x0E,0x0B,0xB8,0xCC,0xB6,0x93,0x00,0x01,
    0x34,0xD3,0xD1,0xCC,0xBB,0x20,0x4C,0xC0,0x02,0x00,0x00,0x00,0x34,0x03,0x61,0x48,
    0x4A,0x11,0x05,0xA1,0x48,0x56,0x15,0x85,0xA1,0x28,0x50,0x10,0x85,0xC1,0x78,0x5E,
    0x16,0x84,0x61,0x30,0x4A,0x11,0x06,0x01,0x90,0x5E,0x18,0x05,0x41,0x70,0x5A,0x19,
    0x82,0x41,0xCE,0xC4,0x65,0x88,0xF5,0xAE,0x7A,0x22,0xCD,0x3C,0x9C,0x7F,0x6A,0xD9,
    0xB9,0xFB,0x63,0xFA,0x27,0xCD,0x5F,0x63,0x83,0xF4,0x43,0x61,0x06,0x76,0x25,0x34,
    0x49,0xFC,0x18,0xD0,0x39,0x00,0xCF,0x01,0xE7,0x7A,0xCA,0x71,0x8B,0xE9,0x3D,0xD1,
    0x7C,0x3B,0x60,0x7D,0x4E,0x45,0xFC,0x78,0x3D,0x35,0x80,0xE2,0x6E,0xD1,0xD3,0x00,
    0x60,0x45,0xDD,0x07,0x46,0x19,0xDC,0xA0,0x00,0x20,0x19,0x00,0x00,0x00,0x00,0x00,
    0x00,0x00,0x20,0x00,0x01,0x00,0x7E,0xF9,0x04,0xFA,0x00,0x1E,0xBE,0x30,0xBE,0xFF,
    0xB6,0x00,0xB0,0x00,0x1F,0x2D,0xF9,0x00,0x00,0x01,0x08,0x9A,0x11,0xCD,0x9E,0x33,
    0xAF,0xE4,0x73,0x1F,0xC8,0x22,0x10,0x00,0x00,0x00,0x7B,0xBA,0xA0,0xD6,0x10,0x7F,
    0x9F,0x51,0x9F,0xCA,0xED,0x35,0x23,0x53,0x4E,0x52,0xF3,0xED,0x80,0x05,0xA1,0x28,
    0x54,0x18,0x84,0xC1,0x88,0x02,0x40,0x80,0x01,0xBC,0x2B,0x6C,0xB0,0x6D,0x80,0xD7,
    0x40,0xC7,0x26,0x6C,0xD3,0x00,0x3D,0x3F,0xB4,0x8D,0xA0,0x7D,0x2B,0xE6,0x48,0x12,
    0x00,0xFF,0x7C,0xD7,0xC0,0xE0,0xE6,0xF2,0xED,0x2A,0xE1,0xC4,0xA4,0x5F,0x57,0xF4,
    0x8F,0x01,0xB1,0x77,0x1B,0x11,0x73,0xA1,0x0D,0x65,0x76,0x48,0x12,0xFF,0xD2,0x52,
    0x44,0xDF,0x31,0xFF,0xE5,0x27,0xAD,0x27,0x83,0x1C,0x4A,0x7F,0x3E,0xAD,0x6B,0xFF,
    0xAA,0x83,0xEE,0x00,0xCF,0x44,0x0B,0xD3,0x00,0x3D,0x3F,0xB7,0x8D,0xA0,0x7C,0x97,
    0x05,0x48,0x11,0x00,0x00,0x16,0xBD,0x01,0xF4,0x05,0xFD,0xE1,0x38,0x90,0x9F,0x2C,
    0x19,0x19,0xFD,0x8E,0x03,0x5A,0xF7,0x11,0x14,0x8C,0xA1,0x0C,0xA9,0xE3,0x48,0x11,
    0x00,0x16,0xD1,0xD7,0x95,0x30,0xFF,0xC6,0x26,0x1A,0x54,0x73,0x16,0x5B,0x97,0x25,
    0xDB,0xC0,0xFF,0xA6,0x81,0x08,0x00,0x16,0x3D,0x0B,0xD3,0x00,0x40,0x41,0x24,0x07,
    0x1C,0x1C,0x25,0x85,0x1C,0xC4,0x00,0x3F,0xC2,0x2E,0x05,0xB6,0xCA,0x07,0xB7,0xFC,
    0x1E,0xBA,0x95,0x27,0x36,0xBB,0xED,0xFD,0x81,0x8D,0x2E,0xFA,0x0C,0x11,0xF9,0x5D,
    0xC1,0xED,0x08,0xE6,0x20,0x00,0x03,0x09,0xE9,0xD1,0xF4,0x01,0xB7,0x27,0x25,0x56,
    0x80,0xF8,0xE2,0xA9,0x01,0xDC,0x6A,0x7F,0xFA,0xDA,0xFE,0x50,0xBC,0xC1,0x0D,0x4A,
    0xD3,0x00,0x3D,0x3F,0xB5,0x0D,0xA1,0x43,0xA7,0x49,0x48,0x12,0x00,0xFF,0xEE,0x38,
    0x1C,0x18,0x49,0xFC,0x99,0x31,0x41,0xDE,0xFA,0x10,0x55,0xFC,0xFA,0x02,0x11,0xA1,
    0x59,0x15,0x79,0xA1,0x0C,0x86,0xA6,0x48,0x12,0x00,0x4A,0x75,0x4F,0x03,0x43,0xFF,
    0xDF,0x26,0xAB,0xC3,0x0E,0x16,0x27,0x8A,0x98,0xF3,0x1F,0xFF,0xA8,0x52,0xEE,0x00,
    0x5C,0x15,0xAC,0xD3,0x00,0x3D,0x3F,0xB7,0x4D,0xA0,0x7D,0xC7,0x11,0x48,0x11,0x00,
    0xFF,0xF6,0xB0,0xFF,0x44,0x11,0xFF,0xB9,0x30,0xB3,0x19,0x05,0x46,0xAB,0xFF,0x31,
    0x01,0x53,0xB1,0xD7,0x04,0x63,0xA1,0x0E,0x06,0xFE,0x48,0x11,0xFF,0xF1,0x29,0xEC,
    0xB8,0x77,0xFF,0xDE,0x27,0xC6,0x03,0x6C,0x2B,0x36,0x62,0xC8,0xF6,0xD7,0xFF,0xA5,
    0x3F,0xEA,0x00,0x68,0x04,0xF8,0xD3,0x00,0x13,0x3E,0xDD,0x07,0x03,0xBA,0xEF,0x51,
    0x8D,0x57,0x8A,0x37,0x02,0xDE,0x09,0x09,0x7B,0xA5,0xDE,0xC0,0x04,0x9E,0xAE,0xD3,
    0x00,0xEA,0x43,0x5D,0x07,0x46,0x19,0xEC,0x42,0x00,0x20,0x05,0x15,0x29,0x86,0x00,
    0x00,0x00,0x00,0x20,0x00,0x01,0x00,0x57,0x5D,0xF6,0x8A,0xAC,0x9C,0x84,0x86,0x96,
    0x92,0xA2,0xA6,0x94,0xA0,0x00,0x00,0x00,0x00,0x00,0x16,0x03,0xCE,0xBA,0x58,0xF1,
    0x16,0x05,0x5F,0x57,0xC3,0xE9,0xB4,0xE1,0x01,0xEE,0x0D,0x18,0x4E,0x00,0x2E,0x7D,
    0xA9,0xED,0xF0,0x32,0x7E,0xFC,0xFA,0x52,0x0C,0xA8,0x1C,0x1B,0x05,0x48,0x6D,0xF1,
    0xFE,0x9A,0xB3,0xED,0x35,0x1D,0x77,0x4F,0xEA,0xCD,0x45,0x3A,0x6A,0x54,0x13,0xBB,
    0x47,0x95,0xE0,0x68,0xFE,0x62,0x93,0xD6,0x2D,0x9E,0x24,0xAC,0x63,0xC9,0xBD,0xC9,
    0xBF,0xDF,0xC8,0x1F,0x38,0x28,0x30,0x00,0x00,0x1F,0x93,0x52,0x60,0x1F,0x45,0xFF,
    0xB0,0x9C,0xDF,0xE3,0x40,0x41,0x5E,0x23,0xE1,0xB5,0x78,0x3E,0xFA,0x61,0xBF,0x7E,
    0x8D,0x40,0x03,0xB8,0xFF,0x60,0x3C,0x7F,0xBF,0xA6,0xA1,0x88,0xD0,0x7F,0x75,0x61,
    0x9F,0xEB,0x6C,0xB3,0xD0,0x01,0x3E,0xD8,0x13,0x2C,0x99,0x10,0xD8,0x14,0x0B,0xC5,
    0x60,0x28,0x8D,0x04,0xC9,0x25,0x58,0x08,0x00,0x17,0x83,0x41,0x58,0x5C,0x17,0x85,
    0xE1,0x68,0x62,0x17,0x04,0x81,0x50,0x44,0x13,0x85,0xA1,0x50,0x5A,0x1B,0xBB,0x7E,
    0x83,0xF2,0x5A,0xE1,0x90,0x31,0xA0,0x83,0x18,0x3F,0xC0,0x78,0x3E,0xF8,0xF8,0x3A,
    0xF5,0xAA,0xE5,0xAD,0xB5,0xC3,0xF5,0xA8,0xB8,0x51,0x78,0x20,0xC5,0x1E,0xF0,0xD3,
    0x00,0xDC,0x44,0x9D,0x07,0x46,0x19,0xEC,0x42,0x00,0x20,0x0C,0x78,0x10,0x00,0x08,
    0x00,0x00,0x00,0x20,0x00,0x01,0x00,0x7F,0xFF,0xA7,0x2F,0xA8,0x28,0xA5,0xAC,0x2F,
    0x29,0x00,0x00,0x00,0x00,0x60,0x05,0x0D,0x79,0xC5,0xBF,0x0B,0xE5,0xC9,0x38,0x81,
    0x65,0xEF,0x67,0xD8,0xC0,0xB5,0x00,0xCE,0x0F,0xD0,0x40,0xFF,0x44,0x11,0xB4,0x91,
    0x17,0x6F,0x64,0x93,0x7E,0x69,0x02,0x8C,0x4C,0x90,0xC5,0x92,0xF4,0x8B,0x07,0x49,
    0xD7,0x61,0x43,0xD6,0x09,0x00,0x85,0x15,0xC8,0x51,0x5B,0x72,0x90,0xB7,0x29,0x28,
    0x9D,0xB9,0x61,0xE3,0x45,0xC0,0x00,0x00,0x08,0x8B,0x8C,0x40,0x00,0x00,0x40,0x00,
    0x00,0x40,0x00,0x00,0x06,0xEC,0x85,0xC0,0x00,0x00,0x7F,0x6F,0x4D,0x40,0x00,0x00,
    0x78,0xE5,0xD6,0x40,0x00,0x00,0x01,0xC4,0x00,0xC0,0x00,0x00,0x7D,0x77,0xD9,0xC0,
    0x00,0x00,0x08,0x51,0x7D,0x00,0x16,0x00,0x00,0x00,0x00,0x16,0x00,0x01,0x60,0x00,
    0x16,0x00,0x01,0x43,0x00,0x0B,0x60,0x00,0xD5,0x00,0x00,0x54,0x19,0x02,0xE0,0xB8,
    0x5A,0x17,0x85,0x81,0x80,0x52,0x17,0x04,0xE1,0x50,0x3C,0x11,0x05,0x81,0x90,0x0D,
    0xE8,0x23,0xB9,0xBC,0xDA,0xBB,0x5E,0xEA,0xEE,0x58,0xC1,0xA6,0xC5,0xBC,0x76,0x77,
    0xF4,0xFF,0xCC,0xE7,0xB5,0x17,0x4A,0xFF,0x07,0x9D,0xCC,0x3E,0x0D,0x80,0xEB,0x05,
    0x3B,0xD3,0x01,0x92,0x46,0x7D,0x07,0x46,0x19,0x11,0x82,0x00,0x20,0x03,0xE6,0x80,
    0xFA,0xC3,0x40,0x00,0x00,0x20,0x00,0x01,0x00,0x55,0x55,0x7B,0xFF,0xFF,0x03,0x12,
    0xF1,0x0B,0x0C,0xF2,0xA3,0x00,0xAA,0xAE,0xB2,0x96,0x96,0xAC,0xAC,0x98,0xF0,0xFC,
    0x94,0x00,0x00,0x00,0x00,0x00,0x00,0x00,0x00,0x00,0x1C,0xE3,0x36,0x68,0xC2,0x3F,
    0x15,0xEA,0xA8,0xD6,0x10,0xE3,0xD6,0x17,0x3C,0x56,0x76,0x32,0xAD,0x23,0x24,0x3D,
    0x2B,0x2F,0xFD,0x8C,0x08,0xCF,0xF7,0xBF,0x70,0x02,0x81,0xFD,0x28,0x3B,0x1F,0x67,
    0xFD,0xC7,0xEF,0xB8,0x0C,0x9F,0xC4,0x83,0x5D,0xEF,0x4F,0xC4,0x40,0xA0,0x7F,0xC9,
    0xF6,0xD7,0xED,0xC2,0x0E,0xCA,0x22,0x1C,0x82,0x40,0x51,0xD7,0x18,0x7F,0x63,0x49,
    0xAE,0xC3,0x64,0xC9,0x02,0x1F,0x2C,0x1D,0x64,0x75,0xCF,0xC1,0xA7,0x1F,0xC4,0x72,
    0xB2,0x43,0x74,0xFF,0x8F,0x11,0xB8,0x89,0xF8,0x18,0x73,0xA1,0x41,0x0F,0x91,0xE1,
    0x38,0xEC,0x66,0x04,0x53,0xE0,0x1C,0x5F,0xB2,0x4C,0x9C,0x38,0xCD,0xED,0x39,0x9E,
    0x4F,0xE7,0x9E,0xD5,0x59,0xB7,0x44,0x7F,0x81,0x48,0x37,0x34,0x07,0xE1,0x25,0x00,
    0x00,0x00,0x08,0x7C,0x0F,0xF7,0x1B,0xB3,0xFB,0x5E,0x8D,0xEB,0x55,0xA6,0x18,0x01,
    0x5E,0x07,0xFB,0x5D,0xF5,0x02,0x81,0xF8,0x6D,0xF0,0x1C,0x48,0x12,0x1F,0xC8,0xDA,
    0x10,0xAC,0x65,0xE4,0x90,0x61,0xE7,0xF8,0xDE,0x06,0x5B,0xE4,0x10,0xD5,0x8F,0xE3,
    0x27,0x25,0xE6,0xFD,0x0B,0xFD,0xE1,0x84,0x03,0x57,0x9B,0xEC,0xDB,0x41,0x00,0x00,
    0x01,0xFA,0xBC,0xB0,0x00,0xB4,0x15,0xE9,0x62,0x37,0xF1,0xED,0x54,0x21,0x04,0xDE,
    0x30,0xE1,0x31,0x08,0x80,0x11,0xAC,0x12,0xDC,0x4A,0x14,0x2B,0x67,0x06,0xC4,0xEE,
    0x4B,0x68,0x89,0xC9,0x12,0xAC,0xD7,0x60,0x38,0x2E,0xE3,0x32,0xDA,0x4C,0x00,0x04,
    0xD3,0x4F,0x47,0x32,0xEC,0x81,0x33,0x20,0x00,0x00,0x02,0x90,0x68,0x29,0x09,0x82,
    0x30,0xB4,0x29,0x0A,0xC2,0xB0,0xB8,0x25,0x0A,0x02,0x10,0xBC,0x30,0x0B,0xC2,0xE0,
    0x88,0x27,0x09,0x02,0x30,0xC0,0x33,0x0B,0x83,0x10,0xA8,0x2F,0x0B,0x43,0x30,0xDD,
    0x81,0xD9,0x80,0x43,0x56,0xCE,0x10,0xA8,0xFC,0xD1,0xFD,0x7E,0x10,0x7C,0xFA,0xD3,
    0xF0,0x4F,0x9F,0x3F,0x66,0x91,0xA0,0x61,0x74,0x02,0xC4,0x10,0xA9,0x1F,0x5E,0x02,
    0xAB,0xFF,0xF0,0x20,0xAF,0xE4,0xBC,0x48,0x75,0x7F,0x6E,0xAD,0xDD,0xD4,0x11,0xF0,
    0x1C,0x0E,0xFB,0xAD,0xD5,0xC0,0xB6,0xCF,0x86,0xD3,0x00,0x60,0x45,0xDD,0x07,0x46,
    0x19,0xEC,0x40,0x00,0x20,0x19,0x00,0x00,0x00,0x00,0x00,0x00,0x00,0x20,0x00,0x01,
    0x00,0x7E,0xF9,0x04,0xFA,0x00,0x1E,0xBE,0x30,0xBE,0xFF,0xB6,0x00,0xA8,0x00,0x1D,
    0x35,0x51,0x00,0x00,0x02,0x25,0x7E,0x24,0x7A,0x7E,0x36,0x99,0xE4,0x6E,0xDF,0x46,
    0x37,0x10,0x00,0x00,0x00,0xC6,0x60,0xA1,0x20,0xB4,0x3F,0x9F,0x37,0x1F,0xCA,0xD3,
    0x15,0x23,0x53,0x4E,0x52,0xF3,0xED,0x80,0x05,0xA1,0x38,0x54,0x18,0x84,0xC1,0x88,
    0x7D,0xD0,0x80,0x00,0x42,0xC0,0x79,0x88,0x2E,0xA0,0x28,0xC0,0x0D,0xC9,0x4D,0xD3,
    0x00,0x3D,0x3F,0xB3,0xCD,0xA0,0x43,0x78,0x32,0x48,0x12,0x00,0x00,0x1F,0x06,0x63,
    0x64,0x32,0x00,0x76,0x3C,0xCE,0xEF,0x89,0x92,0x6B,0x00,0xC7,0x07,0xA9,0x15,0x6F,
    0x0B,0x5D,0xA1,0x0D,0xD1,0x18,0x48,0x12,0xFF,0xD0,0xA1,0x13,0xCD,0xFE,0x00,0x58,
    0x25,0xFD,0xC8,0x8B,0x20,0xF6,0x31,0x0B,0x5B,0x05,0xFF,0x9F,0x9B,0xE9,0x00,0x85,
    0x32,0x67,0xD3,0x00,0x3D,0x3F,0xB5,0xCD,0xA0,0x46,0x61,0x2D,0x48,0x12,0x00,0x00,
    0x20,0x04,0x55,0xD4,0x2D,0xFE,0xCB,0x2A,0x69,0x9A,0x14,0x3C,0x6D,0xFF,0x12,0x01,
    0xA8,0x86,0xF6,0x15,0xF9,0xA1,0x0D,0x49,0x99,0x48,0x12,0xFF,0xFF,0x7A,0xFE,0x8B,
    0x27,0x00,0x22,0x27,0xB4,0x38,0xFB,0x17,0x3C,0x81,0x8C,0xA7,0x8C,0xFF,0xAC,0x88,
    0xEE,0x00,0x94,0x02,0x4E,0xD3,0x00,0x40,0x41,0x21,0xC7,0x1C,0x00,0xBD,0x05,0x1C,
    0xC4,0x00,0x3F,0x01,0x6C,0xE9,0xAF,0x91,0x01,0x10,0x0C,0x28,0x62,0x1C,0x0E,0x5F,
    0x62,0x4A,0xC8,0x80,0xB3,0xBA,0x11,0x79,0x2C,0xD9,0x5D,0xDA,0x35,0x88,0xE6,0x20,
    0x06,0x88,0x4A,0x83,0x2A,0x03,0xFF,0x7C,0x23,0x43,0x97,0x82,0x18,0x6C,0x23,0x47,
    0x65,0x0D,0xFF,0xF8,0xC4,0x09,0x70,0x20,0xAF,0x56,0x4E,0xD3,0x00,0x3D,0x3F,0xB2,
    0xCD,0xA0,0x7C,0xD0,0x0E,0x48,0x11,0x00,0xFF,0x7C,0xE1,0x31,0x38,0x0E,0xF3,0xB6,
    0x2E,0x23,0x00,0x0D,0x0E,0x26,0xF4,0xF1,0x00,0x75,0xBC,0x47,0x0F,0x29,0xA1,0x0E,
    0x1D,0x09,0x48,0x11,0x00,0x11,0x53,0x91,0x36,0x4B,0x00,0x11,0x27,0x55,0x19,0xBB,
    0x1E,0x7A,0x8A,0x49,0xC0,0x31,0xFF,0xA8,0x0A,0xED,0x00,0xE2,0xAA,0xBF,0xD3,0x00,
    0x3D,0x41,0x47,0x48,0x12,0x00,0x00,0x00,0x00,0x01,0xC5,0x97,0x4A,0x88,0x00,0x00,
    0xE1,0x16,0xF0,0x2F,0x9B,0x1C,0x00,0x34,0x5F,0x80,0x7E,0x03,0x2B,0xAE,0xD5,0xBD,
    0x20,0x4B,0xF2,0x43,0x6B,0xC7,0x56,0xEF,0xF5,0x00,0x00,0x1A,0x64,0xD7,0x1D,0xA2,
    0xD0,0xB7,0xB5,0x24,0x00,0x2F,0x1C,0x00,0x08,0xDA,0x10,0x3D,0x06,0x50,0xBE,0xF7,
    0xF4,0xD3,0x00,0x13,0x3E,0xDD,0x07,0x03,0xBA,0xEF,0x51,0x8C,0x80,0x8A,0x37,0x02,
    0xDF,0x40,0x09,0x7B,0xA5,0xE0,0x0D,0xD0,0x34,0x1E,0xD3,0x00,0xEA,0x43,0x5D,0x07,
    0x46,0x19,0xFB,0xE2,0x00,0x20,0x05,0x15,0x29,0x86,0x00,0x00,0x00,0x00,0x20,0x00,
    0x01,0x00,0x57,0x5D,0xF6,0x8A,0xAC,0x9C,0x84,0x86,0x96,0x92,0xA2,0xA6,0x94,0xA0,
    0x00,0x00,0x00,0x00,0x00,0x16,0x0B,0xD2,0xBB,0x58,0xF1,0x0E,0x01,0x5F,0xD7,0x83,
    0xD1,0xB8,0xE1,0x81,0xEE,0x0D,0x18,0x4E,0x00,0x2E,0x7D,0xA9,0xED,0xF0,0x32,0x7E,
    0xFC,0xFA,0x52,0x0C,0xA8,0x1C,0x18,0x6C,0x7D,0xDD,0x65,0x20,0xB7,0xA6,0x0E,0x87,
    0x42,0x83,0xD7,0xE5,0x0A,0x65,0xA7,0x38,0x5A,0xD4,0xE1,0x53,0x6E,0x1A,0xFB,0xA2,
    0x02,0x3A,0x5B,0x95,0x66,0x64,0x37,0xC5,0x7D,0x5A,0x09,0x8B,0xA4,0x03,0x5E,0x96,
    0xE4,0xD0,0x00,0x00,0x00,0x18,0xB8,0xE0,0xA4,0xAB,0xE0,0xF3,0xD3,0xBF,0xCB,0xAF,
    0xE1,0x79,0x0A,0x21,0xD0,0x5D,0x80,0x7B,0xBE,0xC0,0x66,0x6B,0x00,0xEB,0x92,0xA1,
    0x6F,0xFC,0x81,0xCF,0x6D,0xDF,0x11,0x89,0x1E,0x86,0x36,0xDE,0xFC,0x43,0x53,0xD0,
    0x01,0x3E,0xD8,0x13,0x2C,0x99,0x10,0xD8,0x14,0x0B,0xC5,0x60,0x28,0xCD,0x04,0xC9,
    0x25,0x58,0x08,0x00,0x17,0x83,0x81,0x58,0x5C,0x17,0x85,0xE1,0x68,0x62,0x17,0x04,
    0x81,0x58,0x44,0x13,0x85,0xC1,0x50,0x5A,0x1C,0x5E,0xBB,0x06,0x6F,0xF3,0xE3,0x78,
    0x3F,0xCC,0x9B,0x78,0x49,0x10,0x8A,0xDF,0x3D,0x39,0xC1,0x73,0x38,0xDE,0xE1,0xB3,
    0x84,0x0E,0x08,0xF1,0x01,0xC6,0xC0,0x84,0x92,0x9E,0xD3,0x00,0xDC,0x44,0x9D,0x07,
    0x46,0x19,0xFB,0xE2,0x00,0x20,0x0C,0x78,0x10,0x00,0x08,0x00,0x00,0x00,0x20,0x00,
    0x01,0x00,0x7F,0xFF,0xA7,0x2F,0xA8,0x28,0xA5,0xAC,0x2F,0x29,0x00,0x00,0x00,0x00,
    0x60,0x24,0xFD,0x77,0xC6,0x3F,0x0B,0xF5,0xCD,0x38,0x01,0x65,0xEF,0x67,0xD8,0xC0,
    0xB5,0x00,0xCE,0x0F,0xD0,0x40,0xFF,0x44,0x79,0x04,0x47,0x87,0xD6,0x70,0x51,0x07,
    0x20,0x95,0x87,0x92,0x08,0x7A,0x57,0x83,0xD9,0xF0,0x3D,0x7E,0x77,0xDD,0x37,0x71,
    0x1F,0xF3,0xB4,0x57,0x3A,0x88,0x63,0xB9,0xA6,0x40,0x2C,0x8B,0x78,0xF8,0xC0,0x0A,
    0x40,0x00,0x00,0x02,0x4D,0x84,0xC0,0x00,0x00,0x40,0x00,0x00,0x40,0x00,0x00,0x05,
    0xBF,0xD6,0xC0,0x00,0x00,0x03,0x3C,0xE4,0x40,0x00,0x00,0x7E,0x86,0x36,0x40,0x00,
    0x00,0x7D,0x68,0xFB,0x40,0x00,0x00,0x79,0xD2,0xDE,0xC0,0x00,0x00,0x03,0xC4,0x4B,
    0x00,0x16,0x00,0x00,0x00,0x00,0x16,0x00,0x01,0x60,0x00,0x16,0x00,0x01,0x43,0x00,
    0x0B,0x68,0x00,0xD5,0x80,0x00,0x54,0x19,0x03,0x00,0xB8,0x5A,0x17,0x85,0xA1,0x80,
    0x52,0x16,0x85,0x01,0x50,0x3C,0x11,0x05,0x61,0x88,0x10,0xF4,0x27,0xE5,0xC3,0x57,
    0x97,0x87,0x1D,0x2E,0x8F,0x62,0x62,0x06,0x35,0xFA,0x22,0xFA,0xAD,0xD2,0x1B,0xB9,
    0xAF,0x3E,0xBE,0xDD,0x9E,0x64,0xBE,0x57,0x00,0x38,0xFD,0xAF,0xD3,0x01,0x92,0x46,
    0x7D,0x07,0x46,0x19,0x21,0x22,0x00,0x20,0x03,0xE6,0x80,0xFA,0xC3,0x40,0x00,0x00,
    0x20,0x00,0x01,0x00,0x55,0x55,0x7B,0xFF,0xFF,0x03,0x12,0xF1,0x0B,0x0C,0xF2,0xA3,
    0x00,0xAA,0xAE,0xB2,0x96,0x96,0xAC,0xAC,0x98,0xF0,0xFC,0x94,0x00,0x00,0x00,0x00,
    0x00,0x00,0x00,0x00,0x00,0x1C,0xDB,0x38,0x68,0xC2,0x1F,0x1D,0xE8,0xA9,0xD5,0xF0,
    0xDB,0xD4,0x17,0xBC,0x36,0x86,0x2E,0xAC,0x23,0x44,0x3D,0x29,0x2F,0xFD,0x8C,0x08,
    0xD7,0xF7,0xBF,0x6F,0x82,0x81,0xFD,0x28,0x3B,0x1F,0x67,0xFD,0xC7,0xEF,0xB8,0x0C,
    0x9F,0xC4,0x83,0x5D,0xEF,0x4F,0xC4,0x40,0xA0,0x7F,0xC9,0xF6,0xD7,0xED,0xC0,0xDB,
    0xC4,0x18,0x02,0x9E,0x97,0x5D,0xDB,0x54,0x20,0xE3,0x12,0x5E,0xCF,0x9E,0x8C,0x06,
    0x14,0xA6,0x7D,0xD5,0x5B,0xD6,0x89,0xDA,0xA0,0x6B,0xAA,0xEF,0x78,0xF2,0x50,0x27,
    0x6F,0x42,0x0C,0xE5,0x90,0xF7,0x38,0xC7,0xCF,0xBE,0x2F,0x9B,0xAF,0xD8,0x62,0x8F,
    0xA6,0x00,0x59,0xC9,0xBC,0x9D,0xB1,0x43,0xD4,0x5B,0x3C,0xC2,0xBD,0x9D,0xEC,0xB9,
    0xA7,0xFF,0xFF,0x03,0x80,0x37,0xA6,0x03,0x25,0x89,0x00,0x00,0x01,0xF9,0xE4,0x59,
    0xF8,0x0F,0x64,0x01,0x5A,0x0E,0x17,0x62,0x15,0xFF,0x28,0x3A,0x05,0x68,0xB5,0xF6,
    0xB5,0x01,0xFA,0x20,0x39,0xEA,0x56,0x3B,0xED,0xD7,0x2F,0xE6,0x9E,0x8A,0x0A,0x9A,
    0x70,0x0E,0x02,0xEB,0xE4,0x77,0x9D,0xEE,0xF1,0x57,0xEE,0x36,0xA5,0xF2,0x0C,0x6C,
    0x15,0x67,0xEE,0x1A,0xDE,0x9D,0xF2,0xBC,0x13,0x00,0x00,0x01,0xF4,0x87,0x83,0xFA,
    0x7E,0xF3,0xE9,0x24,0xD7,0xF1,0xB0,0x1C,0x01,0x05,0x52,0x10,0xE1,0xB1,0x08,0x80,
    0x11,0xAC,0x12,0xDC,0x4A,0x14,0x2B,0x67,0x06,0xC4,0xEE,0x4B,0x6A,0x8D,0xC9,0x12,
    0xAC,0xD7,0x60,0x38,0x4E,0xE3,0x34,0xDA,0xCC,0x00,0x04,0xD3,0x4F,0x47,0x32,0xEC,
    0x81,0x33,0x20,0x00,0x00,0x02,0xA0,0x68,0x29,0x09,0x42,0x30,0xB4,0x29,0x0A,0xC2,
    0xB0,0xB4,0x24,0x0A,0x02,0x10,0xBC,0x30,0x0B,0xC2,0xE0,0x90,0x27,0x09,0x02,0x30,
    0xC0,0x33,0x0B,0xC3,0x10,0xA8,0x2E,0x0B,0x43,0x30,0xDA,0xA5,0xD2,0x10,0x43,0xE9,
    0x18,0x70,0x5A,0xFC,0xB6,0xFC,0x87,0x91,0x10,0xF9,0xFB,0xF8,0xA3,0x97,0xD7,0x45,
    0x71,0xCB,0x02,0x38,0x84,0x5F,0x92,0x3B,0x25,0x0A,0x02,0xEC,0x07,0x97,0xE9,0xD0,
    0x57,0xBC,0x4D,0xB7,0x65,0x6D,0x40,0xDC,0xB6,0x08,0x48,0x1D,0x97,0x04,0xDE,0x00,
    0x40,0x45,0xAE,0x4C,0xD3,0x00,0x60,0x45,0xDD,0x07,0x46,0x19,0xFB,0xE0,0x00,0x20,
    0x19,0x00,0x00,0x00,0x00,0x00,0x00,0x00,0x20,0x00,0x01,0x00,0x7E,0xF9,0x04,0xFA,
    0x00,0x1E,0xBE,0x30,0xBE,0xFF,0xB6,0x00,0xA8,0x00,0x1B,0x27,0x7D,0x00,0x00,0x03,
    0x62,0xB0,0x37,0x40,0x1E,0x4C,0x21,0xE4,0x83,0x3E,0xC4,0xB1,0x70,0x00,0x00,0x01,
    0x11,0x57,0xE1,0x6B,0xA7,0xFF,0x9F,0x78,0x1F,0xCB,0x15,0xF5,0x23,0x53,0x4E,0x52,
    0xF3,0xED,0x80,0x05,0xA1,0x38,0x54,0x18,0x84,0xC1,0x88,0x7C,0x67,0x80,0x00,0x3B,
    0x1C,0x6F,0x08,0x10,0x20,0x16,0xE0,0xD8,0x7B,0xBF,0xD3,0x00,0x3D,0x3F,0xB1,0xCD,
    0xA0,0x7B,0x6B,0x2A,0x46,0x50,0x00,0xFF,0xA7,0x14,0x03,0xF8,0x2A,0xFD,0xFD,0x34,
    0x5A,0x78,0x3B,0x0D,0xF1,0xFE,0x05,0x08,0xEA,0x61,0xBA,0x15,0x1F,0xA1,0x0D,0xF6,
    0xB5,0x46,0x50,0x00,0x03,0xD1,0x9B,0x3F,0x24,0xFF,0x78,0x26,0xB5,0x6D,0xD2,0x16,
    0x76,0xA6,0xCB,0x38,0x50,0xFF,0xAB,0x25,0xE8,0x00,0xDF,0x2F,0x00,0xD3,0x00,0x3D,
    0x3F,0xB6,0x0D,0xA0,0x7C,0x7E,0x17,0x48,0x12,0x00,0xFF,0x8D,0xE2,0x97,0x00,0x17,
    0xFE,0xC8,0x39,0x94,0xCA,0x05,0xF0,0x62,0xFF,0x37,0x07,0x23,0x89,0x64,0x12,0x2F,
    0xA1,0x0D,0x2B,0xD6,0x48,0x12,0x00,0xB6,0xCD,0xE5,0x69,0xCA,0x00,0x4A,0x26,0x09,
    0xB5,0x0D,0x18,0x42,0x24,0x8B,0x2F,0x64,0xFF,0xA6,0x0E,0x06,0x00,0xA7,0x8C,0xF7,
    0xD3,0x00,0x3F,0x41,0x62,0xD3,0x68,0x66,0x6B,0xED,0x41,0x2F,0xC0,0x00,0x3B,0x66,
    0x09,0x15,0x09,0xFB,0xB7,0x10,0x6B,0x54,0xAE,0x21,0xBC,0xE7,0xC4,0xC4,0x01,0x27,
    0x7C,0x3C,0x3F,0xAE,0xA8,0x13,0x53,0x71,0x2F,0xC0,0x01,0x65,0x00,0x47,0x14,0x5F,
    0xFF,0x92,0x89,0x78,0xAD,0xE1,0x8D,0x62,0xBA,0xE5,0xE7,0xCF,0xFC,0x53,0xFF,0x23,
    0xC3,0x00,0xAC,0xA6,0xB1,0xD3,0x00,0x40,0x41,0x27,0x07,0x1C,0x1D,0xBA,0x85,0x1C,
    0xC4,0x00,0x00,0x12,0xBC,0x0F,0x15,0x85,0x0F,0xDA,0x40,0x56,0x21,0xE6,0x2B,0x2A,
    0x47,0xEF,0x50,0x80,0x05,0x4F,0x8B,0x82,0xE9,0xD4,0xA2,0xA1,0xBE,0xA8,0xE6,0x2F,
    0xFF,0x88,0xE6,0xFD,0x44,0x4F,0xFF,0xFD,0x27,0x35,0xF5,0x12,0x13,0x38,0x5D,0xD9,
    0xE8,0x27,0x3F,0xEC,0x8C,0xFD,0xCF,0x70,0xEA,0x02,0x59,0xD3,0x00,0x40,0x41,0x2A,
    0x47,0x1C,0x03,0x46,0x85,0x1C,0xC4,0x00,0x00,0x23,0xB4,0x87,0x31,0x86,0x08,0x07,
    0x28,0x50,0x34,0xA2,0x44,0xBA,0xFA,0x03,0x47,0x80,0x69,0x39,0x8C,0x87,0x95,0xF4,
    0xA2,0x9D,0xF0,0x88,0xE6,0x20,0x01,0x7E,0x39,0xD2,0x60,0x98,0x00,0x50,0x27,0x94,
    0xB8,0xB8,0x0D,0xBF,0xF1,0xE1,0x6B,0x89,0xBF,0xED,0xC6,0x71,0x8C,0x60,0xCD,0x84,
    0xE4,0x24,0x50,0x41,0x49,0x52,0x30,0x30,0x31,0x2C,0x30,0x30,0x30,0x2C,0x34,0x2A,
    0x33,0x46,0x0D,0x0A,0xD3,0x00,0x13,0x3E,0xDD,0x07,0x03,0xBA,0xEF,0x51,0x8B,0x45,
    0x8A,0x37,0x02,0xE0,0x40,0x09,0x7B,0xA5,0xE0,0xC0,0x3D,0xAB,0x6C,0xD3,0x00,0xEA,
    0x43,0x5D,0x07,0x46,0x1A,0x0B,0x82,0x00,0x20,0x05,0x15,0x29,0x86,0x00,0x00,0x00,
    0x00,0x20,0x00,0x01,0x00,0x57,0x5D,0xF6,0x8A,0xAC,0x9C,0x84,0x86,0x96,0x92,0xA2,
    0xA6,0x94,0xA0,0x00,0x00,0x00,0x00,0x00,0x16,0x0B,0xD4,0xBC,0x58,0xF1,0x05,0xFD,
    0x60,0x57,0x43,0xC1,0xBA,0xE1,0x81,0xEE,0x0D,0x20,0x4E,0x00,0x2E,0x7D,0xAB,0xED,
    0xF0,0x32,0x7E,0xFC,0xFA,0x50,0x0C,0xA8,0x1C,0x05,0xEA,0xB2,0x4C,0xD5,0x42,0xD0,
    0x82,0x30,0x0D,0x47,0x93,0x1D,0xDF,0x4C,0x66,0x1A,0x30,0x61,0xC1,0xE7,0x4D,0xC0,
    0x55,0xCD,0xC5,0xA4,0xDD,0xDF,0x92,0xFE,0xA4,0x0E,0x28,0x5E,0x86,0x66,0x70,0x68,
    0x6E,0x21,0xF6,0x6D,0x50,0x00,0x00,0x00,0x9E,0xEA,0x01,0x2A,0xDA,0xA2,0x38,0x14,
    0x3F,0xB5,0x1B,0xC1,0x94,0xB0,0xE1,0xEC,0x09,0xA1,0xFD,0xDD,0xC1,0x4E,0xE1,0xE1,
    0xD4,0x18,0xBF,0x80,0x4A,0xDF,0xDF,0xBE,0xC0,0x9B,0x34,0x61,0x98,0x03,0xE2,0x0E,
    0x13,0x33,0xD0,0x01,0x3E,0xD8,0x13,0x2C,0x99,0x10,0xD8,0x14,0x0B,0xC5,0x60,0x29,
    0x0D,0x04,0xC9,0x25,0x58,0x08,0x00,0x17,0x03,0x61,0x58,0x5C,0x17,0x85,0xE1,0x68,
    0x62,0x17,0x04,0x81,0x50,0x42,0x13,0x05,0xA1,0x50,0x5A,0x1C,0x1C,0xFC,0x0B,0x70,
    0xE9,0xDE,0xD4,0x43,0xAB,0x6A,0x98,0x28,0xE0,0x4C,0x9E,0x5E,0x38,0x02,0x71,0x47,
    0x24,0x16,0x3D,0x6C,0x09,0xD0,0xE8,0xB1,0xDD,0x60,0x49,0xA3,0x2C,0xD3,0x00,0xDC,
    0x44,0x9D,0x07,0x46,0x1A,0x0B,0x82,0x00,0x20,0x0C,0x78,0x10,0x00,0x08,0x00,0x00,
    0x00,0x20,0x00,0x01,0x00,0x7F,0xFF,0xA7,0x2F,0xA8,0x28,0xA5,0xAC,0x2F,0x29,0x00,
    0x00,0x00,0x00,0x60,0x24,0xED,0x75,0xC6,0xBF,0x0C,0x05,0xCF,0x37,0x81,0x67,0xEF,
    0x67,0xD8,0xC0,0xB5,0x00,0xCE,0x0F,0xD0,0x40,0xFF,0x44,0x1F,0xDF,0xF1,0xF9,0x4A,
    0x7B,0xE5,0xC7,0xDB,0x39,0x02,0xF7,0x00,0x2F,0xEB,0x93,0x3C,0x99,0x31,0xC4,0x8E,
    0x5F,0x50,0xDA,0x3C,0x62,0x58,0xF6,0x24,0x36,0x15,0x5E,0xD1,0x58,0x1E,0x79,0x44,
    0x7F,0x9D,0x9D,0x40,0x00,0x00,0x0C,0x12,0xD1,0x40,0x00,0x00,0x40,0x00,0x00,0x40,
    0x00,0x00,0x04,0x96,0x7F,0xC0,0x00,0x00,0x07,0x0D,0xD2,0xC0,0x00,0x00,0x04,0x2A,
    0x24,0xC0,0x00,0x00,0x79,0x10,0xFA,0x40,0x00,0x00,0x06,0x30,0x9B,0x40,0x00,0x00,
    0x7F,0x3A,0x25,0x80,0x16,0x00,0x00,0x00,0x00,0x16,0x00,0x01,0x60,0x00,0x16,0x00,
    0x01,0x43,0x00,0x0B,0x70,0x00,0xD5,0x80,0x00,0x56,0x19,0x03,0x00,0xA8,0x5A,0x17,
    0x85,0x81,0x78,0x50,0x16,0x84,0xE1,0x50,0x3E,0x11,0x05,0x61,0x90,0x70,0x6D,0xD7,
    0x65,0xE0,0xE3,0xE4,0x27,0x82,0xBE,0x5D,0x44,0x0F,0xC5,0xCE,0x01,0x62,0xF9,0xCD,
    0xE8,0x83,0xB0,0x2F,0x91,0x8E,0x6E,0xFF,0xD4,0x3D,0x2E,0x00,0x75,0x62,0x3C,0xD3,
    0x01,0x92,0x46,0x7D,0x07,0x46,0x19,0x30,0xC2,0x00,0x20,0x03,0xE6,0x80,0xFA,0xC3,
    0x40,0x00,0x00,0x20,0x00,0x01,0x00,0x55,0x55,0x7B,0xFF,0xFF,0x03,0x12,0xF1,0x0B,
    0x0C,0xF2,0xA3,0x00,0xAA,0xAE,0xB2,0x96,0x96,0xAC,0xAC,0x98,0xF0,0xFC,0x94,0x00,
    0x00,0x00,0x00,0x00,0x00,0x00,0x00,0x00,0x1C,0xD3,0x3A,0x68,0xC1,0xFF,0x25,0xE8,
    0xAA,0xD5,0xD0,0xD3,0xD0,0x17,0xBC,0x36,0x8E,0x2A,0xAB,0xA3,0x64,0x3D,0x27,0x2F,
    0x7D,0x8A,0x08,0xD7,0xF7,0xBF,0x6F,0x82,0x81,0xFD,0x28,0x3B,0x1F,0x67,0xFD,0xC7,
    0xEF,0xB8,0x0C,0x9F,0xC4,0x83,0x5D,0xEF,0x4F,0xC4,0x40,0xA0,0x7F,0xC7,0xF6,0xD7,
    0xED,0xDF,0xB1,0x1A,0x0E,0x18,0x5A,0xF2,0x5D,0xDF,0x42,0xA2,0x6A,0xF8,0x0E,0xF7,
    0xD8,0x54,0xF4,0x0A,0x6B,0xFE,0x40,0x73,0xDD,0x89,0x7E,0x1D,0xF3,0xE3,0x48,0xDE,
    0x73,0x9B,0xBF,0xA6,0xBB,0x93,0x86,0x09,0x77,0xA0,0x51,0xCB,0xEA,0x8E,0x9E,0x76,
    0x45,0xC0,0x62,0xBB,0xE4,0x9F,0xE1,0x7B,0x7F,0x2C,0x39,0xBB,0x81,0xBB,0x37,0xD3,
    0x9D,0x47,0x39,0x9B,0x76,0x7E,0xF0,0x48,0x3B,0x55,0xFE,0x74,0x23,0x00,0x00,0x01,
    0xEB,0x55,0xC1,0xF9,0x0D,0x24,0x07,0x5E,0x2E,0x03,0x78,0x53,0xE6,0x59,0x28,0x02,
    0xE0,0xC1,0xF8,0x74,0xCD,0xFB,0xE0,0x93,0xF8,0x6E,0x21,0xFB,0xEE,0xED,0xFC,0xA0,
    0x61,0xF0,0xB3,0xEF,0xF4,0x1C,0xB0,0x02,0xA1,0x78,0x0D,0x1B,0x41,0xF9,0x52,0x99,
    0xFD,0x28,0x5F,0xEC,0xF9,0xC3,0xF2,0x70,0x45,0xF8,0xA8,0x4B,0x00,0x00,0x01,0xEE,
    0x5C,0x3B,0xF4,0x53,0xB3,0xE8,0xF2,0xA1,0xF1,0x7D,0xFA,0x21,0x12,0x54,0x30,0xEE,
    0xCF,0x08,0x80,0x11,0xAC,0x12,0xDC,0xCA,0x14,0x2B,0x67,0x06,0xC4,0xEE,0x4B,0x6A,
    0x90,0xC9,0x12,0xAC,0xD7,0x60,0x38,0x4E,0xEB,0x34,0xDA,0xCC,0x00,0x04,0xD3,0x4F,
    0x47,0x32,0xEC,0x81,0x33,0x20,0x00,0x00,0x02,0xA0,0x68,0x29,0x09,0x42,0x40,0xB4,
    0x2A,0x0A,0xC2,0xB0,0xB4,0x24,0x09,0xC2,0x10,0xB8,0x30,0x0B,0xC2,0xE0,0x88,0x27,
    0x09,0x02,0x30,0xC0,0x33,0x0B,0xC3,0x10,0xA8,0x2F,0x0B,0x03,0x30,0x21,0xB1,0xBD,
    0x68,0x1B,0x91,0x00,0x0F,0xCA,0x1B,0xF4,0x3A,0x83,0x8D,0x08,0xF6,0xE3,0xF8,0x67,
    0x83,0x8F,0x08,0x31,0xF9,0xA2,0x55,0xC4,0x58,0x92,0x2F,0x23,0x6C,0x02,0xC7,0xF5,
    0x0F,0xD9,0x30,0x01,0x9B,0x6B,0x39,0xD4,0x11,0x46,0x22,0x6D,0xFA,0x1C,0x04,0xFE,
    0xD4,0x3D,0xC2,0x20,0xC6,0xC0,0x29,0xD3,0x00,0x60,0x45,0xDD,0x07,0x46,0x1A,0x0B,
    0x80,0x00,0x20,0x19,0x00,0x00,0x00,0x00,0x00,0x00,0x00,0x20,0x00,0x01,0x00,0x7E,
    0xF9,0x04,0xFA,0x00,0x1E,0xBE,0x30,0xBE,0xFF,0xB6,0x00,0xA8,0x00,0x19,0x28,0x5D,
    0x00,0x00,0x04,0x7C,0x4A,0x4A,0x29,0x9E,0x51,0x1F,0xE4,0xAF,0xFE,0x43,0xD6,0x90,
    0x00,0x00,0x01,0x5C,0xD9,0x41,0xB7,0x2E,0xBF,0xA0,0x58,0xBF,0xCB,0xF4,0xB5,0x23,
    0x55,0x4E,0x52,0xF3,0xED,0x80,0x05,0xA1,0x38,0x54,0x18,0x84,0xC1,0x88,0x78,0xE8,
    0x80,0x00,0x2F,0x1C,0x4D,0x67,0xD0,0x5F,0x9C,0x60,0x10,0xCF,0xDE,0xD3,0x00,0x3F,
    0x41,0x69,0x13,0x68,0x68,0x6B,0xEE,0x15,0x31,0x00,0x3F,0xFC,0xE3,0xFF,0xB5,0x7D,
    0x97,0xB7,0x74,0x68,0x44,0x80,0xC4,0x6F,0x43,0xC6,0xF8,0x00,0x76,0xA1,0x80,0x40,
    0x06,0xA8,0x13,0x6B,0x65,0x31,0x0F,0xFF,0x44,0xFF,0x12,0x81,0x0F,0xFE,0xF2,0x8B,
    0x81,0x3F,0xF1,0x8C,0xF1,0xE7,0xFC,0x7E,0x7F,0xFC,0x5E,0x00,0x6C,0x1F,0x00,0x3C,
    0x9A,0xFD,0xD3,0x00,0x3F,0x41,0x62,0x93,0x68,0x68,0x6B,0xED,0xF9,0x31,0x00,0x3F,
    0xFE,0x77,0xFD,0xC8,0x9B,0xAB,0xB5,0x48,0x68,0xE8,0xA1,0x98,0xF2,0xD3,0xC3,0x38,
    0x00,0xD2,0x16,0x68,0x34,0xA2,0xA8,0x13,0xA3,0x7D,0x31,0x00,0x00,0x44,0xFD,0xE0,
    0x7F,0x50,0x00,0x72,0x8B,0x6A,0x6B,0x51,0xBF,0xB4,0x64,0x3E,0x9C,0xCF,0xFC,0x4D,
    0x00,0x04,0x04,0x00,0x2C,0x35,0x7E,0xD3,0x00,0x40,0x41,0x21,0x87,0x1C,0x1C,0x28,
    0x85,0x1C,0xC4,0x00,0x00,0x1D,0x10,0xE8,0xA6,0x9A,0x07,0xB6,0xBA,0x20,0xC0,0xCA,
    0x09,0x22,0x05,0xED,0x96,0x80,0xF7,0xDF,0x9B,0x0C,0x3F,0x99,0x5C,0xF5,0x79,0x68,
    0xE6,0x20,0x00,0x8B,0x0A,0xF5,0xA5,0xD4,0x01,0xDD,0x26,0x86,0xA4,0x67,0xF8,0x12,
    0xE1,0xCC,0x6F,0xB4,0x3F,0xFA,0xB5,0x45,0x9F,0xC8,0xF5,0xFA,0x43,0xD3,0x00,0x40,
    0x41,0x28,0x47,0x1C,0x03,0x09,0x05,0x1C,0xC4,0x00,0x3F,0xE6,0x64,0x8A,0xA7,0x0E,
    0x08,0x09,0xE6,0x50,0x34,0x87,0x2C,0x62,0x26,0x03,0xEB,0x80,0x20,0xE2,0x64,0x07,
    0xCE,0x74,0xA2,0x9E,0xFF,0x48,0xE6,0x2F,0xFF,0x8A,0x39,0x41,0xC8,0x40,0x00,0x07,
    0x27,0xA1,0x06,0x1B,0x0D,0x83,0xFD,0x19,0x30,0xD1,0x3F,0xED,0xB1,0x64,0x39,0x0C,
    0x0F,0xFB,0x7D,0xD3,0x00,0x40,0x41,0x26,0x07,0x1C,0x1E,0xAD,0x05,0x1C,0xC4,0x00,
    0x00,0xBE,0x4E,0x07,0xF6,0x56,0x08,0x18,0x7E,0x58,0xC7,0xE9,0x32,0x4B,0x42,0x0A,
    0x87,0x80,0x1C,0x4F,0x6B,0x8C,0x0A,0xB4,0xA2,0xA6,0x0E,0xA8,0xE6,0x2F,0xFF,0xDF,
    0x90,0x0F,0x44,0x1C,0x00,0x0F,0x26,0x89,0x29,0x94,0x07,0xD0,0xC4,0x44,0x8A,0xAF,
    0x7F,0xED,0x8D,0x42,0xF0,0xBC,0xE3,0x65,0xB9,0xD3,0x00,0x13,0x3E,0xDD,0x07,0x03,
    0xBA,0xEF,0x51,0x8A,0x80,0x8A,0x37,0x02,0xDF,0x5F,0x09,0x7B,0xA5,0xE1,0x00,0x02,
    0x01,0xD6,0xD3,0x00,0xEA,0x43,0x5D,0x07,0x46,0x1A,0x1B,0x22,0x00,0x20,0x05,0x15,
    0x29,0x86,0x00,0x00,0x00,0x00,0x20,0x00,0x01,0x00,0x57,0x5D,0xF6,0x8A,0xAC,0x9C,
    0x84,0x86,0x96,0x92,0xA2,0xA6,0x94,0xA0,0x00,0x00,0x00,0x00,0x00,0x16,0x13,0xD8,
    0xBD,0x59,0x10,0xFD,0xF9,0x61,0x57,0x23,0xA9,0xBE,0xE2,0x01,0xEE,0x0D,0x20,0x4E,
    0x00,0x2E,0xFD,0xAB,0xED,0xF8,0x32,0x7E,0xFC,0xFA,0x52,0x0C,0xB0,0x1C,0x23,0x6C,
    0x41,0xBC,0xF0,0x44,0xF3,0x90,0x51,0xCC,0xDC,0xAF,0xFD,0xDA,0x39,0x26,0x81,0xDA,
    0x68,0xE4,0x9D,0x50,0x51,0x8E,0xDD,0xB9,0x4A,0x1E,0x64,0xFA,0xA6,0xE5,0x8D,0x8B,
    0xB7,0xE2,0xA7,0x70,0x2D,0x2E,0x01,0x56,0xCC,0xF0,0x00,0x00,0x01,0x25,0xEF,0x41,
    0xB1,0xE1,0xFF,0x7D,0x70,0x3F,0x9F,0x90,0xC1,0xB1,0x32,0xC2,0x08,0x8A,0xFF,0x80,
    0xCD,0x7E,0x38,0x16,0x9E,0xBD,0x4A,0x01,0x91,0x2A,0x21,0xF0,0xAB,0xFE,0x25,0xE7,
    0x60,0xAA,0xDC,0x81,0x20,0xEA,0x93,0xD0,0x01,0x3E,0xD8,0x13,0x2C,0x99,0x10,0xD8,
    0x14,0x0B,0xC5,0x60,0x29,0x4D,0x0C,0xC9,0x25,0x58,0x08,0x00,0x17,0x03,0xA1,0x60,
    0x5C,0x17,0x85,0xE1,0x68,0x62,0x17,0x04,0xA1,0x50,0x42,0x13,0x05,0xA1,0x50,0x5A,
    0x01,0xE3,0xF7,0x60,0x08,0x85,0x0F,0xEA,0x11,0xA8,0x33,0x37,0x39,0x7E,0x87,0xC4,
    0xA3,0x42,0x55,0x07,0x8E,0xF6,0x57,0xFA,0x53,0xAD,0xC8,0x09,0x20,0x3C,0xE0,0x7E,
    0x61,0x82,0xD3,0x00,0xDC,0x44,0x9D,0x07,0x46,0x1A,0x1B,0x22,0x00,0x20,0x0C,0x78,
    0x10,0x00,0x08,0x00,0x00,0x00,0x20,0x00,0x01,0x00,0x7F,0xFF,0xA7,0x2F,0xA8,0x28,
    0xA5,0xAC,0x2F,0x29,0x00,0x00,0x00,0x00,0x60,0x44,0xDD,0x73,0xC7,0xBF,0x2C,0x0D,
    0xD3,0x37,0x01,0x67,0xEF,0x67,0xD8,0xC0,0xB5,0x80,0xCE,0x0F,0xD0,0x40,0xFF,0x44,
    0x06,0xCA,0xF8,0x6B,0x85,0x07,0xCC,0x40,0x96,0xA3,0xFE,0x5D,0xAF,0xE6,0x94,0xE2,
    0x99,0x2E,0x27,0x01,0x64,0xE5,0x26,0x44,0x5D,0x91,0x18,0xA9,0x0F,0x08,0x86,0xB1,
    0xB0,0x70,0x2A,0xE7,0x29,0x26,0x7C,0x16,0x01,0xAE,0x36,0x85,0xDB,0x95,0xC0,0x00,
    0x00,0x40,0x00,0x00,0x40,0x00,0x00,0x03,0x70,0xA4,0xC0,0x00,0x00,0x7A,0xE2,0x4B,
    0xF9,0x38,0xD3,0xF9,0xD1,0xCF,0x04,0x44,0xBB,0x04,0xBC,0x19,0x40,0x00,0x00,0x02,
    0x90,0xEF,0x40,0x00,0x00,0x7A,0xB3,0x70,0x9C,0xF6,0x00,0x00,0x00,0x00,0x16,0x00,
    0x01,0x60,0x1C,0xD6,0x01,0xCF,0x43,0x00,0x0B,0x78,0x00,0xD5,0x80,0x00,0x56,0x18,
    0x83,0x00,0xC0,0x5A,0x17,0x85,0x81,0x78,0x50,0x16,0x85,0x01,0x48,0x3E,0x10,0x85,
    0x61,0x90,0x7E,0x03,0x09,0x38,0x09,0xEC,0x14,0x10,0x5A,0x01,0x92,0xDD,0xAA,0xFE,
    0x8A,0x8F,0x36,0x2C,0x6A,0x1C,0x90,0x6E,0x70,0x3F,0xF1,0x80,0x83,0x1A,0xC9,0xA3,
    0x00,0x2F,0x0D,0xA9,0xD3,0x01,0x92,0x46,0x7D,0x07,0x46,0x19,0x40,0x62,0x00,0x20,
    0x03,0xE6,0x80,0xFA,0xC3,0x40,0x00,0x00,0x20,0x00,0x01,0x00,0x55,0x55,0x7B,0xFF,
    0xFF,0x03,0x12,0xF1,0x0B,0x0C,0xF2,0xA3,0x00,0xAA,0xAE,0xB2,0x96,0x96,0xAC,0xAC,
    0x98,0xF0,0xFC,0x94,0x00,0x00,0x00,0x00,0x00,0x00,0x00,0x00,0x00,0x1C,0xCB,0x3C,
    0x68,0x41,0xDF,0x2D,0xE8,0xAB,0x55,0xB0,0xCB,0xCC,0x17,0xBC,0x16,0x9E,0x26,0xAA,
    0xA3,0x84,0x3D,0x25,0x2F,0x7D,0x8C,0x08,0xD7,0xF7,0xDF,0x70,0x02,0x83,0xFD,0x28,
    0x3B,0x1F,0x68,0x7D,0xC9,0xEF,0xB8,0x0C,0xBF,0xC5,0x03,0x5F,0xEF,0x57,0xC4,0x60,
    0xA0,0x7F,0xC9,0xF6,0xDF,0xED,0xDE,0x8A,0x84,0x04,0x6B,0x67,0x4E,0x07,0xE3,0x53,
    0x43,0xEC,0x75,0xBF,0x6D,0x22,0x1D,0x56,0x00,0x15,0x1E,0xB3,0x4B,0xE4,0xC2,0x81,
    0x9F,0x50,0x1B,0xC4,0x23,0xF8,0x3C,0x58,0x1B,0x85,0x1F,0x79,0x82,0x22,0x17,0xDF,
    0x9C,0x16,0x29,0x01,0x42,0x3C,0x1E,0xB9,0x81,0xCB,0xC1,0xF9,0x2D,0x80,0xA9,0x8F,
    0xA2,0xF1,0x39,0xAF,0x87,0x9C,0xA4,0xB9,0x92,0xC5,0xFE,0xEB,0x80,0x42,0x99,0xF9,
    0xCE,0x45,0x00,0x00,0x00,0x1C,0xD2,0x59,0xFA,0x16,0x72,0x0D,0x6C,0xF9,0xEF,0x98,
    0xFA,0x0D,0x95,0xA2,0x00,0x64,0x4B,0xFA,0x44,0x35,0xFD,0xAF,0xA6,0x06,0x90,0xB8,
    0x0A,0x11,0x44,0x12,0xB2,0x1C,0x16,0xDE,0xB4,0x1A,0x47,0x53,0xE0,0xDA,0xE7,0xEB,
    0x54,0xA6,0x04,0x7C,0x6C,0x08,0x52,0x18,0x04,0x98,0x1C,0x0A,0x0E,0x87,0xFE,0xA1,
    0x6D,0x00,0x00,0x01,0xE8,0x3B,0xF3,0xEE,0x33,0x5D,0xE8,0xCC,0x29,0xF1,0x57,0xAA,
    0x01,0x2D,0x32,0x11,0x09,0xED,0x08,0x80,0x11,0xAC,0x12,0xDC,0xCA,0x14,0x2B,0x69,
    0x06,0xC4,0xEE,0x4B,0x6A,0x92,0xC9,0x12,0xAC,0xD7,0x60,0x38,0x4E,0xEB,0x36,0xDA,
    0xCC,0x00,0x04,0xD3,0x4F,0x47,0x32,0xEC,0x81,0x33,0x20,0x00,0x00,0x02,0x90,0x64,
    0x2A,0x09,0x82,0x30,0xB4,0x29,0x0A,0xC2,0xB0,0xB4,0x25,0x0A,0x02,0x10,0xB8,0x30,
    0x0B,0xC2,0xE0,0x88,0x27,0x08,0xC2,0x30,0xC0,0x33,0x0B,0x83,0x10,0xA8,0x2E,0x0B,
    0x03,0x30,0x01,0x25,0xD0,0xD7,0x89,0x50,0x23,0x9D,0xA1,0x61,0x06,0x05,0x69,0x7B,
    0xC1,0xDF,0x4F,0xC1,0x50,0x31,0xD8,0x66,0xA0,0x29,0x5F,0x03,0x3E,0x97,0x84,0xE4,
    0x09,0x65,0xC3,0xBB,0x89,0xE6,0xF4,0xDD,0xD0,0x61,0x7C,0x40,0x2D,0x00,0x7E,0x02,
    0x5B,0xC3,0x03,0x8A,0xC8,0x68,0x80,0xEB,0x80,0x82,0xCC,0x05,0xD3,0x00,0x60,0x45,
    0xDD,0x07,0x46,0x1A,0x1B,0x20,0x00,0x20,0x19,0x00,0x00,0x00,0x00,0x00,0x00,0x00,
    0x20,0x00,0x01,0x00,0x7E,0xF9,0x04,0xFA,0x00,0x1E,0xB6,0x30,0xBE,0xFF,0xB6,0x00,
    0xB0,0x00,0x27,0x29,0x6B,0x00,0x00,0x05,0xB4,0xD4,0x5D,0x35,0x3E,0x57,0xFF,0xE5,
    0x0A,0x61,0xC3,0xBC,0xB0,0x00,0x00,0x01,0xA9,0x01,0xE2,0x03,0x58,0x7F,0xA1,0xE2,
    0x5F,0xCD,0x80,0x75,0x23,0x55,0x4E,0x52,0xF3,0xED,0x80,0x05,0xA1,0x30,0x54,0x18,
    0x84,0xC1,0x80,0x10,0xFF,0x80,0x01,0xDD,0x77,0xC7,0x17,0x00,0xBD,0x8F,0x20,0x87,
    0x3B,0x57,0xD3,0x00,0x3F,0x41,0x62,0x53,0x68,0x68,0x6B,0x08,0xFD,0x31,0x00,0x3F,
    0xF8,0xB7,0xFF,0xCB,0xEE,0x87,0xFD,0x04,0x96,0x10,0x83,0x6F,0x32,0x6B,0xFE,0x2C,
    0x00,0xCF,0x32,0x8C,0x25,0xEE,0xA8,0x13,0x4A,0x11,0x31,0x0F,0xFF,0xDA,0x54,0x86,
    0x16,0xBF,0xFF,0x62,0x74,0xB4,0x81,0x41,0xEC,0x9E,0x80,0xBC,0x7D,0x8F,0xFC,0x15,
    0x90,0x1C,0x08,0x00,0xF9,0x39,0x0E,0xD3,0x00,0x40,0x41,0x29,0x87,0x1C,0x01,0x66,
    0x05,0x1C,0xC4,0x00,0x00,0x0B,0x2C,0x0B,0x25,0x21,0x0F,0x76,0xE6,0x0A,0x19,0x7D,
    0xCA,0x36,0xDD,0xD9,0x06,0x00,0x75,0xE9,0x8F,0x17,0xB0,0xF9,0x5D,0xD6,0xEF,0x88,
    0xE6,0x2F,0xF9,0x29,0xAA,0xE1,0x6B,0x97,0xFD,0x08,0x28,0x9F,0x46,0x2C,0xE5,0x63,
    0xA2,0xEC,0x01,0x72,0xFF,0xFB,0xD5,0x01,0xE0,0x78,0x9D,0xA7,0x4C,0xD3,0x00,0x40,
    0x41,0x22,0x87,0x1C,0x00,0xEC,0x05,0x1C,0xC4,0x00,0x3F,0xD0,0xFE,0xF4,0xC8,0x20,
    0x00,0xFF,0x04,0x29,0x89,0xEF,0x60,0x9C,0xF8,0x46,0xAF,0x82,0x55,0x86,0xFB,0xF9,
    0xC5,0xD9,0x5D,0x02,0x52,0x68,0xE6,0x20,0x07,0x60,0x49,0x8C,0x6E,0x6B,0xFF,0x73,
    0x23,0x5A,0x18,0x53,0x17,0x83,0x66,0xC0,0x67,0xC3,0x3F,0xF8,0xB6,0x84,0x10,0x74,
    0xE3,0x33,0x51,0xD3,0x00,0x40,0x41,0x27,0x87,0x1C,0x1D,0xF6,0x85,0x1C,0xC4,0x00,
    0x3F,0xFE,0x64,0xFF,0xD7,0xA2,0x0F,0xD9,0xAC,0x58,0xC4,0x1F,0xE1,0xA6,0xBF,0xF0,
    0x72,0x00,0x21,0x61,0xD1,0x81,0xE9,0x14,0xA2,0x9D,0x83,0x28,0xE6,0x20,0x00,0x4C,
    0xE0,0xAD,0x62,0x80,0x00,0x7C,0x27,0x24,0x2E,0xB0,0x14,0x22,0x07,0xA5,0x44,0x90,
    0xBF,0xEC,0x2A,0x7A,0x7E,0x9C,0xA1,0xE7,0xB1,0xD3,0x00,0x40,0x41,0x28,0x07,0x1C,
    0x03,0x6F,0x05,0x1C,0xC4,0x00,0x00,0x13,0xB3,0xB8,0x06,0xB1,0x08,0x06,0xEC,0x50,
    0xD8,0x36,0x6C,0xF6,0x72,0x03,0xB4,0x80,0x27,0xDA,0x78,0x07,0xC1,0xF4,0xA2,0x9E,
    0x20,0xC8,0xE6,0x20,0x00,0x56,0x39,0x47,0x2A,0x13,0xFF,0xE3,0x27,0xA0,0xAF,0x70,
    0x0D,0x71,0x37,0x26,0x2F,0x65,0x7F,0xED,0x9B,0x7B,0x8E,0xE0,0x01,0x29,0x2D,0xD3,
    0x00,0x13,0x3E,0xDD,0x07,0x03,0xBA,0xEF,0x51,0x88,0xD0,0x8A,0x37,0x02,0xDF,0x40,
    0x09,0x7B,0xA5,0xE2,0x1F,0x1B,0x9D,0xA8,0xD3,0x00,0xEA,0x43,0x5D,0x07,0x46,0x1A,
    0x2A,0xC2,0x00,0x20,0x05,0x15,0x29,0x86,0x00,0x00,0x00,0x00,0x20,0x00,0x01,0x00,
    0x57,0x5D,0xF6,0x8A,0xAC,0x9C,0x84,0x86,0x96,0x92,0xA2,0xA6,0x94,0xA0,0x00,0x00,
    0x00,0x00,0x00,0x16,0x1B,0xDA,0xBE,0x59,0x10,0xF5,0xF5,0x61,0xD6,0xE3,0x99,0xC0,
    0xE2,0x81,0xEE,0x0D,0x18,0x4E,0x00,0x2E,0xFD,0xAB,0xED,0xF0,0x32,0x7E,0xFC,0xFA,
    0x50,0x0C,0xA8,0x1C,0x00,0xE9,0xF6,0x2C,0x5C,0x67,0x02,0x2A,0x72,0xF1,0x01,0xC1,
    0xF1,0xD4,0x21,0x26,0xED,0x7C,0x6F,0x73,0xA3,0x55,0x21,0xC7,0x3A,0xDC,0xE4,0xEF,
    0xE8,0x15,0x9F,0x1C,0x1B,0xEE,0x81,0xBF,0x00,0xAD,0xF1,0x52,0x80,0xB4,0xA4,0x50,
    0x00,0x00,0x01,0xAA,0x65,0xA2,0x36,0x56,0xC0,0xC0,0x84,0x1F,0x87,0xAB,0xC1,0xCB,
    0x23,0xA2,0x22,0x79,0x41,0x01,0x27,0x3F,0x1E,0x93,0x9F,0xA3,0xC8,0x9F,0x9F,0x5C,
    0x9F,0xFE,0xCD,0xDF,0xAE,0x36,0xDF,0xBB,0x5F,0x20,0x31,0x6E,0xD3,0xD0,0x01,0x3E,
    0xD8,0x13,0x2C,0x99,0x10,0xD8,0x14,0x0B,0xC5,0x60,0x29,0x8D,0x0C,0xC9,0x25,0x58,
    0x08,0x00,0x17,0x03,0x81,0x58,0x5E,0x17,0x85,0xE1,0x70,0x64,0x17,0x04,0x81,0x58,
    0x42,0x14,0x05,0xC1,0x50,0x5C,0x1B,0xF1,0x7B,0x2B,0xEE,0x44,0xE0,0x8F,0xBE,0x63,
    0x84,0xB8,0x35,0xC0,0x43,0xDE,0xB0,0xB6,0x70,0xEC,0xDD,0x1B,0xD0,0x2B,0xCC,0x2C,
    0x01,0x25,0x22,0x59,0x80,0x7A,0x24,0xDD,0xD3,0x00,0xDC,0x44,0x9D,0x07,0x46,0x1A,
    0x2A,0xC2,0x00,0x20,0x0C,0x78,0x10,0x00,0x08,0x00,0x00,0x00,0x20,0x00,0x01,0x00,
    0x7F,0xFF,0xA7,0x2F,0xA8,0x28,0xA5,0xAC,0x2F,0x29,0x00,0x00,0x00,0x00,0x60,0x64,
    0xCD,0x71,0xC8,0x3F,0x2C,0x1D,0xD7,0x36,0x01,0x65,0xEF,0x67,0xD8,0xC0,0xB5,0x00,
    0xCE,0x0F,0xD0,0x40,0xFF,0x44,0x6D,0xCD,0xB6,0xDB,0x24,0x13,0x68,0xC1,0x50,0x7B,
    0xF9,0x96,0xAF,0x9A,0xC0,0xF1,0xC9,0x0F,0x19,0xD0,0x7B,0x7C,0xBF,0xAB,0xC4,0x7F,
    0xBA,0x5F,0xF7,0x1F,0xF8,0x09,0xB7,0x85,0x5C,0x94,0xE7,0xE9,0x57,0xE3,0xC0,0x00,
    0x00,0x7F,0x9A,0x5C,0x40,0x00,0x00,0x40,0x00,0x00,0x40,0x00,0x00,0x02,0x40,0xCF,
    0xC0,0x00,0x00,0x7E,0xAC,0xC2,0x40,0x00,0x00,0x7F,0x6F,0xA8,0x40,0x00,0x00,0x00,
    0x5C,0xF3,0x40,0x00,0x00,0x7E,0xE6,0x76,0x40,0x00,0x00,0x06,0x22,0x62,0x80,0x16,
    0x00,0x00,0x00,0x00,0x16,0x00,0x01,0x60,0x00,0x16,0x00,0x01,0x43,0x00,0x0B,0x80,
    0x00,0xD5,0x80,0x00,0x56,0x19,0x02,0xC0,0xC0,0x5A,0x17,0x85,0xA1,0x80,0x52,0x17,
    0x05,0x01,0x50,0x3E,0x11,0x85,0x61,0x90,0x11,0xAB,0x26,0x7B,0xB6,0xC7,0x1E,0x27,
    0x2A,0x8E,0x9D,0x02,0xBF,0x86,0x3C,0x7C,0xEA,0xFD,0xD5,0xCD,0x83,0xAB,0x07,0x04,
    0x9E,0x36,0x7E,0x24,0x7D,0x0B,0x00,0xB0,0x5E,0xCC,0xD3,0x01,0x92,0x46,0x7D,0x07,
    0x46,0x19,0x50,0x02,0x00,0x20,0x03,0xE6,0x80,0xFA,0xC3,0x40,0x00,0x00,0x20,0x00,
    0x01,0x00,0x55,0x55,0x7B,0xFF,0xFF,0x03,0x12,0xF1,0x0B,0x0C,0xF2,0xA3,0x00,0xAA,
    0xAE,0xB2,0x96,0x96,0xAC,0xAC,0x98,0xF0,0xFC,0x94,0x00,0x00,0x00,0x00,0x00,0x00,
    0x00,0x00,0x00,0x1C,0xC3,0x3E,0x68,0x41,0xBF,0x35,0xE6,0xAC,0x55,0x90,0xC3,0xC8,
    0x18,0x3C,0x16,0xA6,0x22,0xA9,0xA3,0xA4,0x3D,0x23,0x2E,0xFD,0x8A,0x08,0xCF,0xF7,
    0xBF,0x6F,0x82,0x81,0xFD,0x20,0x3B,0x1F,0x67,0xFD,0xC7,0xEF,0xB8,0x0C,0x9F,0xC4,
    0x83,0x5D,0xEF,0x4F,0xC4,0x40,0x9F,0xFF,0xC7,0xF6,0xD7,0xED,0xDD,0x54,0x5F,0xF9,
    0xC5,0xA3,0xA0,0x7B,0xE6,0xEB,0xC5,0x68,0xA0,0x6F,0x33,0xDB,0xE0,0xE5,0xF5,0x74,
    0xDF,0x1D,0x29,0xEB,0x60,0x85,0x1C,0xD4,0x53,0xAC,0x39,0x71,0xF3,0xF0,0x2F,0xBE,
    0xA1,0x77,0xFA,0x38,0xFF,0x64,0x38,0x42,0x3D,0xA4,0x03,0x48,0x7B,0xD1,0x07,0xA9,
    0xAC,0x10,0x7B,0x22,0x1E,0xE5,0x89,0xB1,0xF8,0x1C,0x8F,0x9B,0x30,0x39,0x7E,0xE8,
    0x7D,0xDA,0x28,0x3F,0x2F,0xF4,0xFD,0xD3,0x00,0x00,0x00,0x0E,0x22,0xDF,0xFA,0xF3,
    0xB8,0x13,0x4F,0x18,0x1B,0x8D,0xCD,0xF4,0xA6,0x99,0xFD,0xBD,0x59,0xFB,0xEB,0x7F,
    0xFF,0x57,0x0E,0x14,0x86,0x9E,0x18,0x07,0xC7,0xE8,0x9D,0xA1,0xFC,0xE3,0x86,0x00,
    0x4C,0x43,0xFE,0xEC,0xFC,0x09,0x66,0xC4,0x0F,0x7D,0xA4,0x13,0x52,0xFE,0x1C,0x0C,
    0x12,0x21,0x82,0x8C,0x04,0x70,0x9B,0x00,0x00,0x01,0xE1,0xF0,0x43,0xE7,0xE7,0xB3,
    0xE8,0x7B,0x65,0xF1,0x06,0xD2,0x21,0x1F,0x98,0x30,0xFC,0x47,0x08,0x80,0x11,0xAC,
    0x12,0xDC,0xCA,0x14,0x2B,0x69,0x06,0xC4,0xEE,0x4B,0x6A,0x94,0xC9,0x12,0xAC,0xD7,
    0x60,0x38,0x4E,0xEB,0x36,0xDA,0xCC,0x00,0x04,0xD3,0x4F,0x47,0x32,0xEC,0x81,0x33,
    0x20,0x00,0x00,0x02,0x90,0x64,0x29,0x09,0x42,0x30,0xB4,0x29,0x0A,0xC2,0xB0,0xB8,
    0x25,0x0A,0x42,0x20,0xBC,0x31,0x0B,0x82,0xF0,0x8C,0x28,0x09,0x02,0x40,0xC0,0x33,
    0x0B,0x83,0x10,0xA4,0x2F,0x0B,0x03,0x30,0x1C,0x8B,0xFF,0x1F,0xF6,0xF8,0xBE,0xCE,
    0xF7,0xE4,0x52,0xB8,0x3B,0x8A,0x76,0xFE,0xAF,0xFD,0x5F,0x72,0xE6,0xC7,0xA2,0x2E,
    0x23,0x2F,0x06,0xDA,0x13,0x16,0x28,0x28,0x02,0x8B,0xFB,0xF7,0x98,0x1F,0xA4,0xE4,
    0xC8,0xC9,0x4E,0x8E,0x31,0x1C,0x99,0xFB,0xC7,0xF6,0xBE,0xDA,0xCD,0xD1,0x80,0x8E,
    0xC9,0x4C,0xD3,0x00,0x60,0x45,0xDD,0x07,0x46,0x1A,0x2A,0xC0,0x00,0x20,0x19,0x00,
    0x00,0x00,0x00,0x00,0x00,0x00,0x20,0x00,0x01,0x00,0x7E,0xF9,0x04,0xFA,0x00,0x1E,
    0xB6,0x30,0xBE,0xFF,0xB6,0x00,0xA8,0x00,0x05,0x24,0xEB,0x00,0x00,0x06,0xEB,0x7A,
    0x6F,0x86,0x5E,0x54,0x6F,0xE4,0xBD,0xE1,0x40,0xF4,0x70,0x00,0x00,0x01,0xF2,0x66,
    0xE2,0x4C,0xBD,0xFF,0xA0,0xB2,0xFF,0xCC,0x53,0xB5,0x23,0x55,0x4E,0x52,0xF3,0xED,
    0x80,0x05,0xA1,0x30,0x54,0x19,0x04,0xC1,0x88,0x76,0x3C,0x80,0x00,0x12,0xAC,0x2D,
    0x07,0x66,0x5F,0x26,0xE0,0xB0,0x38,0xAC,0xD3,0x00,0x40,0x41,0x26,0x87,0x1C,0x1E,
    0x73,0x85,0x1C,0xC4,0x00,0x3F,0xE8,0xEA,0xEE,0x5D,0x52,0x08,0x13,0xAA,0x58,0x70,
    0x1E,0x5E,0xA4,0x16,0x08,0x1A,0x80,0x2F,0x18,0xD4,0x0C,0x2F,0xF4,0xA2,0xA0,0x20,
    0x88,0xE6,0x2F,0xFF,0xF7,0x8C,0x36,0xAC,0xD7,0xFF,0xEF,0x26,0x98,0xB5,0x99,0x07,
    0x90,0x05,0x1D,0xE9,0x1F,0xFF,0xED,0x8D,0x3D,0x7F,0x5C,0xF7,0x94,0xC8,0xD3,0x00,
    0x40,0x41,0x22,0x47,0x1C,0x1C,0x00,0x15,0x1C,0xC4,0x00,0x3F,0x39,0x54,0x46,0x45,
    0x9E,0x07,0xC2,0x4A,0x1F,0x70,0x7B,0x98,0x7F,0xE9,0xF0,0x8B,0x02,0xD5,0x46,0xD5,
    0x8D,0x84,0xB9,0x5D,0x01,0x20,0x48,0xE6,0x20,0x00,0x8F,0x12,0x27,0x4A,0x3C,0x01,
    0x13,0x26,0xB8,0x81,0xD9,0xF5,0xA8,0x68,0x88,0x88,0x83,0x3F,0xFA,0xD6,0x04,0xA0,
    0x9C,0xE3,0xF1,0x81,0xD3,0x00,0x40,0x41,0x26,0x47,0x1C,0x1E,0xCC,0x85,0x1C,0xC4,
    0x00,0x00,0x22,0xBC,0x13,0x47,0x1D,0x08,0x17,0xDC,0x58,0x43,0xA0,0xEA,0xF1,0x4E,
    0x0A,0x3C,0x00,0x1A,0x2B,0x8E,0x0B,0x72,0x94,0xA2,0xA1,0x49,0xE8,0xE6,0x2F,0xFF,
    0xEF,0x8C,0x1D,0xDD,0xD8,0x00,0x16,0x26,0x98,0x2D,0xD7,0x08,0x82,0x84,0xD8,0xFF,
    0xDF,0x7F,0xED,0x8D,0x00,0xF0,0x3C,0x7B,0x0D,0x69,0xD3,0x00,0x40,0x41,0x2A,0x87,
    0x1C,0x03,0x4D,0x05,0x1C,0xC4,0x00,0x00,0x42,0xFD,0xAA,0xC6,0x72,0x08,0x07,0x68,
    0x50,0x53,0x0C,0x7D,0xB7,0x08,0x02,0xF2,0x00,0x5E,0x70,0xEE,0x87,0xD9,0x14,0xA2,
    0x9F,0x59,0xC8,0xE6,0x2F,0xFF,0xCE,0x39,0xEA,0x26,0xBC,0x00,0x3C,0x27,0x95,0x0D,
    0x9E,0x0D,0x36,0xB4,0x91,0x49,0xC4,0x3F,0xED,0xA0,0xAC,0x1B,0x04,0xAA,0x29,0x41,
    0xD3,0x00,0x40,0x41,0x26,0xC7,0x1C,0x1D,0xD5,0x05,0x1C,0xC4,0x00,0x00,0x18,0xFC,
    0x14,0x4F,0x3E,0x0F,0xD7,0x66,0x55,0x94,0x2E,0x55,0x04,0xBF,0xEF,0x18,0x80,0x30,
    0x2D,0x24,0x02,0xC0,0x54,0xA2,0x9E,0xA2,0x28,0xE6,0x2F,0xFE,0xAC,0xE7,0x06,0x6D,
    0xB8,0x00,0x41,0x27,0x37,0x37,0x8C,0x13,0x64,0x0D,0x62,0xF0,0x13,0x3F,0xEC,0x73,
    0xFD,0xDF,0x74,0x89,0x48,0x4F,
};


















uint8_t rover_rtcm_sample[]=
{
    0xD3,0x00,0x13,0x3E,0xDD,0x07,0x03,0xBA,0xEF,0x51,0x8C,0x47,0x8A,0x37,0x03,0x0C,
    0x80,0x09,0x7B,0xA5,0xF4,0x40,0x62,0xC2,0xE0,0xD3,0x00,0xEA,0x43,0x5D,0x07,0x46,
    0x19,0x50,0x02,0x00,0x20,0x05,0x15,0x29,0x86,0x00,0x00,0x00,0x00,0x20,0x00,0x01,
    0x00,0x57,0x5D,0xF6,0x8A,0xAC,0x9C,0x84,0x86,0x96,0x92,0xA2,0xA6,0x94,0xA0,0x00,
    0x00,0x00,0x00,0x00,0x15,0xBB,0xB2,0xAF,0xD8,0x91,0x66,0x2D,0x58,0x5A,0x04,0xB1,
    0x9A,0xDD,0x01,0xEC,0x0D,0x10,0x4D,0xE0,0x2D,0xFD,0xA7,0xED,0xF0,0x32,0x7E,0xFC,
    0xFA,0x52,0x0C,0xA0,0x1B,0xE4,0x6B,0x2E,0x23,0x48,0x59,0xE7,0x3B,0xA2,0x99,0xDB,
    0x77,0x32,0x2A,0x9F,0xA1,0x34,0x12,0x13,0x87,0x3F,0x20,0xCB,0x9C,0x48,0x3A,0x37,
    0x7B,0xAF,0x81,0x7B,0xA7,0x1F,0x93,0x33,0xC3,0xB0,0x82,0x3B,0x52,0x01,0x1D,0x96,
    0x90,0x00,0x00,0x1E,0x62,0xF2,0xDE,0x9E,0x56,0x7F,0x33,0x5E,0x40,0xDD,0x27,0xA0,
    0x5D,0x19,0xE0,0xA3,0x99,0xFF,0xF8,0x53,0x1E,0x75,0x38,0xBE,0xE8,0xDB,0xDE,0xC8,
    0x23,0xDF,0x24,0x03,0xBE,0x3F,0x09,0xE0,0xEE,0x9E,0xC1,0x1E,0x37,0x51,0x70,0x01,
    0x17,0x58,0x13,0x2C,0x97,0x10,0xC4,0xB4,0x03,0xC3,0x60,0x24,0x4C,0xC4,0x5D,0x25,
    0x38,0xE8,0x00,0x17,0x83,0xA1,0x58,0x5C,0x18,0x05,0xE1,0x60,0x60,0x17,0x04,0x81,
    0x50,0x40,0x13,0x05,0xC1,0x50,0x5A,0x00,0xE1,0xBD,0x0B,0x06,0x29,0x07,0x54,0x08,
    0x64,0x69,0x27,0x42,0x7E,0x27,0x9B,0x5A,0x78,0x73,0xF0,0xB0,0xEC,0x43,0xD3,0xFF,
    0xF9,0x70,0x92,0x70,0xFD,0x80,0xF4,0xA3,0x0C,0xD3,0x00,0xDC,0x44,0x9D,0x07,0x46,
    0x19,0x50,0x02,0x00,0x20,0x0C,0x78,0x10,0x00,0x08,0x00,0x00,0x00,0x20,0x00,0x01,
    0x00,0x7F,0xFF,0xA7,0x2F,0xA8,0x28,0xA5,0xAC,0x2F,0x29,0x00,0x00,0x00,0x00,0x5F,
    0x45,0x9D,0x8F,0xBF,0x3E,0x8B,0x5D,0xA5,0x3F,0x01,0x65,0xEF,0x5F,0xD8,0xA0,0xB5,
    0x00,0xCC,0x0F,0xC8,0x40,0xFF,0x43,0x8B,0x73,0x28,0xC1,0x72,0x6F,0xF8,0x1F,0x25,
    0x76,0xFC,0x19,0xFF,0xC5,0xC4,0x9D,0x63,0x99,0xD5,0xCB,0x01,0xA2,0x38,0x09,0x78,
    0xF3,0xB5,0x37,0x3F,0x97,0x84,0x97,0x58,0x48,0xD8,0x14,0xCE,0xA9,0x4E,0xED,0x40,
    0x00,0x00,0x03,0xDD,0x50,0xC0,0x00,0x00,0x40,0x00,0x00,0x40,0x00,0x00,0x00,0x38,
    0x26,0x40,0x00,0x00,0x08,0x16,0x3D,0xC0,0x00,0x00,0x00,0xE7,0x14,0xC0,0x00,0x00,
    0x7D,0x68,0xAA,0x40,0x00,0x00,0x01,0xF6,0x75,0xC0,0x00,0x00,0x06,0x06,0x7E,0x80,
    0x11,0x28,0x00,0x00,0x00,0x11,0x28,0x01,0x12,0x80,0x11,0x28,0x01,0x60,0x00,0x0B,
    0x18,0x00,0xD4,0x00,0x00,0x54,0x18,0x82,0x80,0xC8,0x5A,0x17,0x85,0xA1,0x78,0x50,
    0x16,0x84,0xE1,0x50,0x40,0x11,0x05,0x81,0x88,0x77,0xD3,0xF1,0xF0,0x11,0xB4,0xB8,
    0x0F,0xF6,0x40,0x12,0xFB,0xEA,0xB8,0x9E,0x01,0x70,0x06,0x4C,0x31,0x5C,0x70,0x47,
    0x3C,0x8E,0xFB,0xC3,0x6E,0x47,0x84,0x80,0xD7,0xEA,0x14,0xD3,0x01,0xC3,0x46,0x7D,
    0x07,0x46,0x18,0x75,0x42,0x00,0x20,0x03,0xE6,0x80,0xFA,0xC3,0x70,0x00,0x00,0x20,
    0x00,0x01,0x00,0x55,0x55,0x7F,0xFF,0xFE,0xF0,0x31,0x2F,0x10,0xB0,0xCF,0x2A,0x30,
    0x0A,0xAA,0xEB,0x29,0x69,0x6A,0xCA,0xC9,0x8F,0x0F,0xC9,0x4B,0x4B,0x20,0x00,0x00,
    0x00,0x00,0x00,0x00,0x00,0x00,0x00,0x01,0xD3,0xB2,0x46,0x9C,0x37,0xEB,0xDF,0x0A,
    0x0D,0x77,0x13,0x3F,0xA1,0x5B,0xCD,0x5F,0xE5,0x6B,0x52,0x1C,0x44,0x53,0xF3,0x28,
    0xD4,0xA3,0xFD,0x8A,0x08,0xCF,0xF7,0xBF,0x6F,0x82,0x81,0xFD,0x28,0x3B,0x1F,0x67,
    0xFD,0xC5,0xEF,0xB8,0x0C,0x7F,0xC4,0x03,0x5D,0xEF,0x47,0xC4,0x40,0x9F,0xFF,0xC9,
    0xF6,0xD7,0xED,0xA0,0xFF,0x85,0x2B,0xE0,0x87,0xD8,0x2D,0xC6,0x6B,0x16,0xDB,0x31,
    0xA8,0x06,0x11,0x3C,0xD4,0x4A,0x2F,0xE2,0x98,0x61,0xE9,0x95,0xB4,0x98,0xFF,0x24,
    0x3E,0x99,0x04,0x0A,0xE9,0xE3,0x2B,0x3C,0xE1,0x6F,0xA3,0x54,0xD9,0xCD,0xEC,0x69,
    0x5D,0x86,0x44,0x71,0xDC,0x10,0x3D,0x7C,0x0E,0x59,0x6E,0x05,0x77,0x85,0xC9,0x64,
    0xDD,0xA0,0x11,0xE6,0x0B,0xBD,0xE1,0x6F,0xAC,0x57,0xFA,0x6B,0x4D,0x83,0x77,0x58,
    0x6A,0x22,0x6B,0x07,0x39,0x93,0x37,0x93,0xF5,0xDF,0x70,0x7C,0x30,0x00,0x00,0x01,
    0xAC,0x0E,0x1E,0xD0,0xBD,0xBF,0xF3,0xD1,0x9F,0x30,0x72,0xE0,0xAE,0xAF,0x1E,0x33,
    0x21,0x3E,0x51,0x09,0xDE,0x86,0xB9,0x80,0xF3,0xFD,0x21,0x39,0x17,0xB0,0x00,0x00,
    0x1F,0x67,0x52,0x5E,0x81,0xE8,0xBE,0xA9,0x4F,0xE1,0x9A,0x8F,0x61,0xB1,0x4C,0x7F,
    0x5A,0x44,0xBF,0x92,0xD1,0xE1,0x33,0x68,0x21,0x89,0x77,0xBF,0x25,0x67,0xBF,0x8D,
    0xD8,0xBF,0x79,0xD6,0x7F,0xA6,0x42,0x5E,0xB2,0xD4,0xFE,0xDB,0x3B,0xBE,0x16,0x18,
    0xDE,0x54,0x95,0x10,0x00,0x00,0x10,0x00,0x00,0x10,0x00,0x00,0x11,0x10,0x01,0x17,
    0x2D,0xAD,0xAC,0x5D,0x17,0x45,0xD0,0x64,0x4A,0xDF,0x3B,0x60,0x02,0x73,0x11,0xD8,
    0x11,0x75,0x80,0xE0,0x3C,0x0C,0xA3,0x5D,0x32,0xC4,0xB3,0x1C,0x4B,0x0C,0x44,0xB0,
    0x9C,0x4A,0x00,0x00,0x00,0x02,0x00,0x40,0x00,0x0A,0x90,0x70,0x29,0x09,0x82,0x30,
    0xB4,0x2A,0x0A,0xC2,0xB0,0xB4,0x25,0x0A,0x01,0x80,0x7C,0x2F,0x0C,0x02,0xF0,0xB8,
    0x23,0x09,0x82,0x50,0x90,0x30,0x0C,0xC2,0xE0,0xC4,0x2B,0x0B,0x82,0xE0,0xCC,0x13,
    0x04,0xC0,0xC0,0x20,0x9E,0x2A,0xE4,0x4A,0x99,0x32,0x70,0xB8,0xBD,0x6E,0xFA,0x80,
    0x0A,0xA6,0x0C,0xC4,0x18,0x17,0xD3,0x07,0x64,0x0F,0x8D,0x43,0x40,0x81,0x02,0x81,
    0x5D,0xDF,0x7D,0xBD,0x08,0x75,0xE1,0x17,0x1F,0x6D,0x3D,0xB3,0x45,0x3F,0x89,0x17,
    0xDC,0x79,0xB3,0xDB,0xE0,0xB7,0x9E,0x90,0x18,0xFF,0xE0,0x04,0x07,0xFD,0x60,0x2C,
    0x80,0xC7,0x8C,0x93,0xD3,0x00,0x60,0x45,0xDD,0x07,0x46,0x19,0x50,0x00,0x00,0x20,
    0x19,0x00,0x00,0x00,0x00,0x00,0x00,0x00,0x20,0x00,0x01,0x00,0x7E,0xF9,0x04,0xFA,
    0x00,0x1E,0xC6,0x2E,0xBE,0xFF,0xB6,0x00,0xB0,0x00,0x01,0x71,0xBF,0x00,0x00,0x06,
    0x7D,0xE0,0x69,0x29,0xBE,0x48,0x9B,0xE4,0x3F,0x20,0x57,0x1F,0x70,0x00,0x00,0x01,
    0xA0,0xBE,0x81,0xDC,0x2F,0x9F,0x8C,0xCF,0xDF,0xC5,0x96,0xD1,0x73,0xDD,0x17,0x44,
    0xB1,0x74,0x4A,0x05,0xA1,0x28,0x54,0x18,0x84,0xE1,0x80,0x75,0xD3,0x80,0x01,0xB3,
    0x0F,0x5A,0xE8,0x16,0xC0,0x02,0x00,0xE7,0x2A,0x9D,0xD3,0x00,0x40,0x41,0x27,0x87,
    0x1C,0x1D,0xF6,0x85,0x1C,0xC4,0x00,0x3F,0xFE,0x64,0xFF,0xD7,0xA2,0x0F,0xD9,0xAC,
    0x58,0xC4,0x1F,0xE1,0xA6,0xBF,0xF0,0x72,0x00,0x21,0x61,0xD1,0x81,0xE9,0x14,0xA2,
    0x9D,0x83,0x28,0xE6,0x20,0x00,0x4C,0xE0,0xAD,0x62,0x80,0x00,0x7C,0x27,0x24,0x2E,
    0xB0,0x14,0x22,0x07,0xA5,0x44,0x90,0xBF,0xEC,0x2A,0x7A,0x7E,0x9C,0xA1,0xE7,0xB1,
    0xD3,0x00,0x3F,0x41,0x62,0x53,0x68,0x68,0x6B,0x08,0xFD,0x31,0x00,0x3F,0xF8,0xB7,
    0xFF,0xCB,0xEE,0x87,0xFD,0x04,0x96,0x10,0x83,0x6F,0x32,0x6B,0xFE,0x2C,0x00,0xCF,
    0x32,0x8C,0x25,0xEE,0xA8,0x13,0x4A,0x11,0x31,0x0F,0xFF,0xDA,0x54,0x86,0x16,0xBF,
    0xFF,0x62,0x74,0xB4,0x81,0x41,0xEC,0x9E,0x80,0xBC,0x7D,0x8F,0xFC,0x15,0x90,0x1C,
    0x08,0x00,0xF9,0x39,0x0E,0xD3,0x00,0x40,0x41,0x26,0x47,0x1C,0x1E,0xCC,0x85,0x1C,
    0xC4,0x00,0x00,0x22,0xBC,0x13,0x47,0x1D,0x08,0x17,0xDC,0x58,0x43,0xA0,0xEA,0xF1,
    0x4E,0x0A,0x3C,0x00,0x1A,0x2B,0x8E,0x0B,0x72,0x94,0xA2,0xA1,0x49,0xE8,0xE6,0x2F,
    0xFF,0xEF,0x8C,0x1D,0xDD,0xD8,0x00,0x16,0x26,0x98,0x2D,0xD7,0x08,0x82,0x84,0xD8,
    0xFF,0xDF,0x7F,0xED,0x8D,0x00,0xF0,0x3C,0x7B,0x0D,0x69,0xD3,0x00,0x40,0x41,0x26,
    0xC7,0x1C,0x1D,0xD5,0x05,0x1C,0xC4,0x00,0x00,0x18,0xFC,0x14,0x4F,0x3E,0x0F,0xD7,
    0x66,0x55,0x94,0x2E,0x55,0x04,0xBF,0xEF,0x18,0x80,0x30,0x2D,0x24,0x02,0xC0,0x54,
    0xA2,0x9E,0xA2,0x28,0xE6,0x2F,0xFE,0xAC,0xE7,0x06,0x6D,0xB8,0x00,0x41,0x27,0x37,
    0x37,0x8C,0x13,0x64,0x0D,0x62,0xF0,0x13,0x3F,0xEC,0x73,0xFD,0xDF,0x74,0x89,0x48,
    0x4F,0xD3,0x00,0x3F,0x41,0x62,0x93,0x68,0x68,0x6B,0xED,0xF9,0x31,0x00,0x3F,0xFE,
    0x77,0xFD,0xC8,0x9B,0xAB,0xB5,0x48,0x68,0xE8,0xA1,0x98,0xF2,0xD3,0xC3,0x38,0x00,
    0xD2,0x16,0x68,0x34,0xA2,0xA8,0x13,0xA3,0x7D,0x31,0x00,0x00,0x44,0xFD,0xE0,0x7F,
    0x50,0x00,0x72,0x8B,0x6A,0x6B,0x51,0xBF,0xB4,0x64,0x3E,0x9C,0xCF,0xFC,0x4D,0x00,
    0x04,0x04,0x00,0x2C,0x35,0x7E,0xD3,0x00,0x13,0x3E,0xDD,0x07,0x03,0xBA,0xEF,0x51,
    0x8B,0xC0,0x8A,0x37,0x03,0x0D,0x40,0x09,0x7B,0xA5,0xF4,0xD3,0x36,0x39,0x97,0xD3,
    0x00,0xEA,0x43,0x5D,0x07,0x46,0x19,0x5F,0xA2,0x00,0x20,0x05,0x15,0x29,0x86,0x00,
    0x00,0x00,0x00,0x20,0x00,0x01,0x00,0x57,0x5D,0xF6,0x8A,0xAC,0x9C,0x84,0x86,0x96,
    0x92,0xA2,0xA6,0x94,0xA0,0x00,0x00,0x00,0x00,0x00,0x15,0xC3,0xB6,0xB0,0xD8,0x91,
    0x5E,0x29,0x58,0xD9,0xC4,0x99,0x9C,0xDD,0x81,0xEE,0x0D,0x18,0x4E,0x00,0x2E,0x7D,
    0xA9,0xED,0xF0,0x32,0x7E,0xFC,0xFA,0x52,0x0C,0xA8,0x1C,0x01,0xE1,0x25,0x92,0x24,
    0xFB,0xE6,0x07,0xC3,0xB3,0x40,0x78,0x1E,0x23,0x3C,0xA1,0x9C,0xD6,0x19,0xFF,0xC5,
    0x26,0xE5,0xD7,0xB3,0x9D,0xD7,0xF8,0x33,0xAE,0xA3,0xEA,0xAD,0xF4,0xC2,0x3F,0xE4,
    0x35,0xFE,0xBF,0xE0,0x7B,0x17,0x10,0x00,0x00,0x1E,0xE7,0x44,0xFF,0x22,0xAF,0xE0,
    0x72,0xDF,0xC0,0xC2,0x7E,0x40,0x77,0x04,0x60,0xBD,0x83,0xC1,0x78,0xE0,0x1F,0x5D,
    0x78,0x3F,0xD1,0x12,0x40,0xD9,0x0E,0x21,0x34,0xF4,0xDF,0xC4,0xEA,0x9F,0xFC,0x5B,
    0x60,0x2B,0xEF,0xF1,0x70,0x01,0x17,0x58,0x13,0x2C,0x97,0x10,0xC4,0xB4,0x03,0xC3,
    0x60,0x24,0xAC,0xCC,0x5D,0x25,0x38,0xE8,0x00,0x17,0x83,0x61,0x58,0x5A,0x18,0x05,
    0xE1,0x60,0x60,0x16,0x84,0xA1,0x48,0x44,0x13,0x05,0xC1,0x50,0x58,0x1B,0xED,0xBA,
    0xB5,0xF1,0x5C,0xE6,0x15,0xCC,0xEB,0xEE,0x40,0x76,0xA0,0xDD,0x5F,0xCB,0x83,0x93,
    0x85,0x3E,0x09,0xE0,0x20,0x2F,0x72,0xB7,0x85,0x3F,0x0D,0xC0,0xD8,0x86,0x0C,0xD3,
    0x00,0xDC,0x44,0x9D,0x07,0x46,0x19,0x5F,0xA2,0x00,0x20,0x0C,0x78,0x10,0x00,0x08,
    0x00,0x00,0x00,0x20,0x00,0x01,0x00,0x7F,0xFF,0xA7,0x2F,0xA8,0x28,0xA5,0xAC,0x2F,
    0x29,0x00,0x00,0x00,0x00,0x5F,0x65,0x8D,0x8D,0xC0,0x3E,0x8B,0x6D,0xA9,0x3E,0x81,
    0x65,0xEF,0x67,0xD8,0xA0,0xB5,0x00,0xCC,0x0F,0xD0,0x40,0xFF,0x44,0x72,0x68,0x7F,
    0x30,0x2A,0xFB,0xA8,0x67,0xE0,0x4C,0xF7,0x40,0xA7,0x78,0xCB,0xEC,0x92,0xC6,0xC7,
    0xE2,0x98,0x1E,0xB9,0x6F,0x8B,0x62,0x2D,0x26,0x28,0x10,0x75,0xE9,0xC7,0x60,0x31,
    0x02,0x6B,0x88,0x2A,0x9F,0x40,0x00,0x00,0x7D,0x98,0xFE,0xC0,0x00,0x00,0x40,0x00,
    0x00,0x40,0x00,0x00,0x7F,0x05,0x3F,0xC0,0x00,0x00,0x7B,0xDD,0x64,0xC0,0x00,0x00,
    0x06,0x7F,0x17,0xC0,0x00,0x00,0x79,0x0A,0x85,0xC0,0x00,0x00,0x7E,0x53,0x32,0xC0,
    0x00,0x00,0x01,0x75,0x38,0x00,0x11,0x28,0x00,0x00,0x00,0x11,0x28,0x01,0x12,0x80,
    0x11,0x28,0x01,0x60,0x00,0x0B,0x20,0x00,0xD4,0x00,0x00,0x54,0x18,0x82,0x80,0xC0,
    0x5A,0x17,0x05,0xA1,0x78,0x50,0x16,0x84,0xE1,0x50,0x3E,0x10,0x85,0x61,0x88,0x08,
    0x04,0x1C,0x8F,0xFE,0xF0,0x0D,0x10,0xFE,0x72,0xD4,0xFF,0xF5,0x03,0xD6,0x92,0x5C,
    0x31,0xAD,0xCF,0xCF,0xDC,0x30,0x1F,0xF1,0x21,0x3D,0xAB,0xFF,0x04,0x80,0x79,0x0C,
    0x7E,0xD3,0x01,0xB9,0x46,0x7D,0x07,0x46,0x18,0x84,0xE2,0x00,0x20,0x03,0xE6,0x80,
    0xFA,0xC3,0x70,0x00,0x00,0x20,0x00,0x01,0x00,0x55,0x55,0x7F,0xFF,0xFE,0xB0,0x31,
    0x2F,0x10,0xB0,0xCF,0x2A,0x30,0x0A,0xAA,0xEB,0x29,0x69,0x6A,0xCA,0xC9,0x8F,0x0F,
    0xC9,0x4B,0x4B,0x20,0x00,0x00,0x00,0x00,0x00,0x00,0x00,0x00,0x00,0x01,0xD3,0x32,
    0x46,0x9C,0x35,0xEC,0x5E,0xEA,0x1D,0x73,0x12,0xBF,0x61,0x5B,0xCB,0x60,0xE5,0x2B,
    0x4A,0x1E,0x44,0x53,0xD3,0x20,0xD8,0xA4,0xFD,0x8C,0x08,0xD7,0xF7,0xDF,0x70,0x02,
    0x83,0xFD,0x28,0x3B,0x1F,0x68,0x7D,0xC7,0xEF,0xB8,0x0C,0x7F,0xC4,0x83,0x5D,0xEF,
    0x4F,0xC4,0x40,0xA0,0x7F,0xC9,0xF6,0xD7,0xED,0xC0,0xFF,0x05,0x2B,0xCD,0x9F,0x67,
    0x96,0x44,0x30,0xB0,0x3B,0x72,0xD0,0x1F,0x01,0xC7,0xD8,0x93,0xCC,0x43,0x87,0xC4,
    0xE7,0x9C,0x20,0xB9,0x64,0xAC,0x77,0x60,0x87,0x94,0x34,0x39,0xD5,0x42,0x53,0x24,
    0x3B,0x08,0x43,0x43,0xC5,0xE1,0x33,0x1D,0xC2,0xC2,0x08,0x25,0xC0,0x39,0xBF,0xB7,
    0xF5,0xBB,0x55,0xBF,0xE0,0x80,0x9F,0x15,0xF5,0xCD,0x9C,0x9C,0x56,0x93,0xAB,0x13,
    0x3A,0x5B,0x66,0x03,0x78,0x60,0x65,0x12,0x29,0xA9,0xDD,0x63,0xF9,0xF2,0x4E,0x51,
    0x00,0x00,0x00,0x0C,0x33,0xF1,0xEE,0x06,0x88,0x05,0x48,0x5E,0x1F,0x1F,0xFF,0xF2,
    0x16,0x42,0x20,0x9F,0xE7,0xE6,0xA4,0x33,0xE9,0xFF,0x56,0x1D,0x5B,0xB4,0x21,0xAD,
    0x7B,0x00,0x00,0x00,0x0C,0x3A,0x6E,0x0D,0xF5,0xBE,0x10,0x6C,0x3F,0xF7,0xA0,0xC5,
    0xF9,0x0C,0x88,0x00,0xA0,0x1E,0x04,0x28,0x7B,0xEA,0xB7,0xE7,0xF0,0x19,0x81,0xF8,
    0x2E,0x69,0xFE,0xB5,0x97,0xF1,0x70,0x63,0xF4,0x37,0x75,0xEA,0xED,0xCD,0xED,0x74,
    0x5E,0x01,0x4D,0xBA,0x05,0x35,0xC3,0x00,0x00,0x01,0x00,0x00,0x01,0x11,0x00,0x11,
    0x72,0xDC,0xDA,0xC5,0xD1,0x74,0x5D,0x06,0x44,0xAD,0xF3,0xB6,0x00,0x27,0xB1,0x1D,
    0x81,0x17,0x58,0x0E,0x03,0xC0,0xCA,0xB5,0xD3,0x2C,0x4B,0x31,0xC4,0xB0,0xC4,0x4B,
    0x09,0xC4,0xA0,0x00,0x00,0x80,0x10,0x00,0x01,0x48,0x36,0x14,0x84,0xA1,0x18,0x5A,
    0x14,0x85,0x61,0x58,0x5A,0x13,0x05,0x00,0xC0,0x3E,0x17,0x85,0xE1,0x78,0x5A,0x11,
    0x84,0xC1,0x28,0x46,0x18,0x06,0x41,0x70,0x60,0x15,0x05,0xC1,0x70,0x64,0x08,0x81,
    0x61,0xF4,0xBF,0xDC,0xF7,0x4B,0x00,0x00,0xDC,0xAA,0x04,0xD2,0x88,0x70,0xEF,0x07,
    0xD4,0xF7,0xAE,0x30,0xB5,0x21,0x59,0xC2,0x07,0x11,0x45,0xF1,0xDE,0xE5,0x40,0x18,
    0x9C,0x33,0xA0,0x19,0xCF,0xD1,0xE2,0xB6,0x05,0x4D,0xF7,0xD7,0xEE,0xAC,0x02,0x98,
    0x09,0x18,0xF0,0x01,0xC2,0xBB,0xA8,0xB7,0x3F,0x91,0xC5,0xFA,0x52,0x1F,0xDE,0x02,
    0xD3,0x00,0x60,0x45,0xDD,0x07,0x46,0x19,0x5F,0xA0,0x00,0x20,0x19,0x00,0x00,0x00,
    0x00,0x00,0x00,0x00,0x20,0x00,0x01,0x00,0x7E,0xF9,0x04,0xFA,0x00,0x1E,0xC6,0x2E,
    0xBE,0xFF,0xB6,0x00,0xB0,0x00,0x1F,0x61,0xD3,0x00,0x00,0x07,0xAC,0x08,0x7C,0x23,
    0xBE,0x3B,0x97,0xE4,0x70,0x9F,0xD5,0xA0,0xF0,0x00,0x00,0x01,0xEC,0xA8,0x82,0x28,
    0x1F,0xDF,0x8D,0x9D,0x3F,0xC6,0x68,0x71,0x73,0xDD,0x17,0x44,0xB1,0x74,0x4A,0x05,
    0xA1,0x28,0x56,0x18,0x04,0xC1,0x80,0x0A,0x10,0x80,0x01,0xFC,0x23,0xF3,0x39,0x1B,
    0x92,0x7B,0x80,0x63,0x07,0x29,0xD3,0x00,0x40,0x41,0x22,0x07,0x1C,0x01,0xC2,0x85,
    0x1C,0xC4,0x00,0x3F,0xD0,0x2C,0x3C,0x42,0x6C,0x07,0x71,0x1C,0x03,0x71,0x8B,0x9A,
    0x84,0x7B,0xD7,0xFD,0x80,0x95,0x58,0xB3,0x18,0x6B,0xF9,0x5D,0xB5,0xB4,0xC8,0xE6,
    0x2F,0xF1,0x21,0xAF,0x63,0xB3,0xB7,0xFD,0xC0,0x2B,0x45,0x1E,0xE1,0xE5,0x5D,0x9E,
    0xEB,0xD7,0x94,0x7F,0xFC,0x5C,0x07,0x3F,0xEC,0xAB,0x96,0x7A,0xD3,0x00,0x40,0x41,
    0x23,0x47,0x1C,0x02,0x0E,0x05,0x1C,0xC4,0x00,0x00,0x22,0x23,0x26,0xCA,0x02,0x07,
    0x63,0x2E,0x04,0xBB,0x36,0xE9,0xB1,0xD5,0xD4,0xE0,0x81,0x22,0xE0,0x64,0x99,0x69,
    0x79,0x5D,0xCB,0x36,0xC8,0xE6,0x2F,0xEE,0x25,0xAA,0xDE,0x35,0x53,0xFF,0xBB,0x29,
    0xB6,0x98,0x27,0xE2,0x56,0x27,0x77,0x1C,0x5B,0x7F,0xFC,0x36,0x7A,0x20,0x74,0xB9,
    0x5E,0xD6,0xD3,0x00,0x3F,0x41,0x63,0x13,0x68,0x68,0x6B,0xEF,0xC5,0x31,0x00,0x3F,
    0xF7,0xBB,0xFD,0xA0,0xA9,0xDF,0xB7,0xC8,0x6A,0xE1,0x82,0xEF,0xB7,0x7B,0xC6,0x7C,
    0x00,0xEA,0xA5,0xFC,0x32,0xCE,0xA8,0x13,0xCD,0xC9,0x31,0x00,0x00,0x45,0x00,0x45,
    0x96,0x00,0x00,0x12,0x89,0x7A,0x86,0x11,0xC2,0xC1,0xD9,0x32,0x12,0x9F,0xFC,0x46,
    0x7F,0x53,0xD4,0x00,0xC5,0xE1,0xFB,0xD3,0x00,0x40,0x41,0x26,0x07,0x1C,0x1E,0xAD,
    0x05,0x1C,0xC4,0x00,0x00,0xBE,0x4E,0x07,0xF6,0x56,0x08,0x18,0x7E,0x58,0xC7,0xE9,
    0x32,0x4B,0x42,0x0A,0x87,0x80,0x1C,0x4F,0x6B,0x8C,0x0A,0xB4,0xA2,0xA6,0x0E,0xA8,
    0xE6,0x2F,0xFF,0xDF,0x90,0x0F,0x44,0x1C,0x00,0x0F,0x26,0x89,0x29,0x94,0x07,0xD0,
    0xC4,0x44,0x8A,0xAF,0x7F,0xED,0x8D,0x42,0xF0,0xBC,0xE3,0x65,0xB9,0xD3,0x00,0x40,
    0x41,0x2A,0xC7,0x1C,0x1D,0xEF,0x05,0x1C,0xC4,0x00,0x00,0x07,0xEC,0x03,0x6C,0x63,
    0x0F,0xDF,0xFA,0x59,0xA6,0xDA,0x23,0x32,0x73,0xF2,0x31,0x80,0x24,0xC8,0x13,0x81,
    0x7C,0xD4,0xA2,0x9E,0xB9,0x28,0xE6,0x2F,0xFE,0xD4,0xE0,0xDA,0x1C,0x5B,0xFF,0xA6,
    0x26,0xF1,0x6E,0xBB,0x14,0x6E,0x08,0x68,0x10,0xEF,0x7F,0xEC,0x2B,0x3E,0x7F,0x9C,
    0x5D,0x22,0x0C,0xD3,0x00,0x13,0x3E,0xDD,0x07,0x03,0xBA,0xEF,0x51,0x8B,0x11,0x8A,
    0x37,0x03,0x0E,0x80,0x09,0x7B,0xA5,0xF5,0x00,0x3D,0xE2,0x2E,0xD3,0x00,0xEA,0x43,
    0x5D,0x07,0x46,0x19,0x6F,0x42,0x00,0x20,0x05,0x15,0x29,0x86,0x00,0x00,0x00,0x00,
    0x20,0x00,0x01,0x00,0x57,0x5D,0xF6,0x8A,0xAC,0x9C,0x84,0x86,0x96,0x92,0xA2,0xA6,
    0x94,0xA0,0x00,0x00,0x00,0x00,0x00,0x15,0xCB,0xB8,0xB1,0xD8,0x91,0x56,0x25,0x59,
    0xD9,0x84,0x89,0x9E,0xDE,0x01,0xEC,0x0D,0x10,0x4D,0xE0,0x2D,0xFD,0xA9,0xED,0xF0,
    0x32,0x7E,0xFC,0xFA,0x52,0x0C,0xA0,0x1C,0x1F,0x54,0x8E,0x00,0x8A,0xBD,0xDB,0x31,
    0xE4,0x61,0x85,0x67,0x1C,0x1C,0x68,0x61,0xFD,0x30,0x20,0x19,0x1B,0x18,0x22,0x11,
    0xC1,0x81,0x71,0xC3,0xB7,0xA7,0x7C,0x27,0x4A,0x55,0x74,0x1C,0x28,0x27,0xC1,0xC6,
    0x9F,0xD7,0x10,0x30,0x00,0x00,0x1F,0x6A,0x12,0xFF,0xA5,0x77,0xA1,0xB1,0x15,0x40,
    0xA6,0x76,0x60,0x8F,0x59,0xE0,0xD5,0xDA,0x5E,0xF7,0xDA,0x40,0x43,0xF5,0xE0,0xB7,
    0x93,0xDE,0xE8,0x2F,0x9F,0x44,0x1C,0xE1,0x49,0x6C,0x7F,0x08,0xB8,0xDF,0x38,0x4B,
    0xB1,0x70,0x01,0x17,0x58,0x13,0x2C,0x97,0x10,0xC4,0xB4,0x03,0xC3,0x60,0x25,0x2C,
    0xCC,0x5D,0x25,0x39,0x08,0x00,0x17,0x83,0x61,0x58,0x5C,0x18,0x05,0xE1,0x60,0x62,
    0x16,0x84,0xA1,0x50,0x42,0x13,0x85,0xA1,0x50,0x5A,0x02,0xE9,0xFA,0xFF,0x8C,0xD1,
    0x18,0x9A,0x40,0x9F,0x91,0x5F,0x85,0xAF,0x23,0xDD,0x04,0x3B,0xCA,0xF6,0x4E,0xFB,
    0x9D,0xE2,0xF4,0x5E,0x2E,0xDB,0x4D,0x90,0x80,0x99,0x11,0xFE,0xD3,0x00,0xDC,0x44,
    0x9D,0x07,0x46,0x19,0x6F,0x42,0x00,0x20,0x0C,0x78,0x10,0x00,0x08,0x00,0x00,0x00,
    0x20,0x00,0x01,0x00,0x7F,0xFF,0xA7,0x2F,0xA8,0x28,0xA5,0xAC,0x2F,0x29,0x00,0x00,
    0x00,0x00,0x5F,0x65,0x7D,0x8B,0xC0,0xBE,0xAB,0x75,0xAD,0x3E,0x01,0x65,0xEF,0x67,
    0xD8,0xA0,0xB5,0x00,0xCC,0x0F,0xC8,0x40,0xFF,0x44,0x19,0x59,0x71,0x9D,0x65,0x87,
    0x66,0xE0,0x9A,0x6F,0xF2,0x69,0xD7,0x2A,0x35,0xFB,0xB9,0xAF,0xB8,0x2E,0x6E,0x40,
    0xF6,0xD4,0x1F,0x90,0xB2,0x49,0x0F,0x1B,0x67,0x2E,0x16,0x75,0x40,0xF0,0x04,0x17,
    0x04,0xD3,0x40,0x00,0x00,0x07,0x4E,0xA3,0x40,0x00,0x00,0x40,0x00,0x00,0x40,0x00,
    0x00,0x7D,0xCC,0x41,0x40,0x00,0x00,0x7F,0x9E,0x71,0x40,0x00,0x00,0x7C,0x11,0x39,
    0x40,0x00,0x00,0x04,0xA5,0xF8,0xC0,0x00,0x00,0x7A,0xA9,0x38,0x40,0x00,0x00,0x7C,
    0xDD,0xA3,0x80,0x11,0x28,0x00,0x00,0x00,0x11,0x28,0x01,0x12,0x80,0x11,0x28,0x01,
    0x60,0x00,0x0B,0x28,0x00,0xD4,0x00,0x00,0x56,0x19,0x02,0x80,0xC8,0x5A,0x17,0x85,
    0xA1,0x80,0x50,0x17,0x05,0x01,0x58,0x40,0x11,0x05,0x81,0x90,0x7E,0xDA,0x02,0x79,
    0xBF,0x57,0x7C,0x88,0x61,0x01,0x57,0x9D,0xBB,0x3D,0x80,0x89,0x0B,0x1A,0x98,0x46,
    0x40,0xAC,0x57,0x71,0x4F,0x67,0xBB,0x24,0xB8,0x7E,0x00,0xA8,0xEC,0x90,0xD3,0x01,
    0xB9,0x46,0x7D,0x07,0x46,0x18,0x94,0x82,0x00,0x20,0x03,0xE6,0x80,0xFA,0xC3,0x70,
    0x00,0x00,0x20,0x00,0x01,0x00,0x55,0x55,0x7F,0xFF,0xFE,0xB0,0x31,0x2F,0x10,0xB0,
    0xCF,0x2A,0x30,0x0A,0xAA,0xEB,0x29,0x69,0x6A,0xCA,0xC9,0x8F,0x0F,0xC9,0x4B,0x4B,
    0x20,0x00,0x00,0x00,0x00,0x00,0x00,0x00,0x00,0x00,0x01,0xD2,0xB2,0x66,0x9C,0x33,
    0xEC,0xDE,0xEA,0x25,0x71,0x12,0x3F,0x41,0x63,0xCB,0x61,0x64,0xEB,0x3A,0x20,0x44,
    0x53,0xB3,0x20,0xDC,0xA5,0xFD,0x8C,0x08,0xCF,0xF7,0xBF,0x70,0x02,0x81,0xFD,0x28,
    0x3B,0x1F,0x67,0xFD,0xC5,0xEF,0xB8,0x0C,0x7F,0xC4,0x03,0x5D,0xEF,0x4F,0xC4,0x40,
    0x9F,0xFF,0xC9,0xF6,0xD7,0xED,0xA0,0xFF,0x85,0x2D,0xBA,0x15,0x46,0xF2,0x37,0xF6,
    0x20,0xFB,0xA6,0x6E,0x36,0xE6,0xE2,0xD4,0x34,0x68,0x25,0xA7,0x1B,0x17,0xA2,0x15,
    0xD9,0xC4,0x7D,0xAF,0xD0,0x9B,0x14,0x9D,0x90,0x3F,0x57,0xBE,0xA7,0xD2,0x1D,0xDC,
    0xB3,0xE4,0x58,0x7E,0x05,0x3A,0xDE,0x33,0xFF,0x02,0xF1,0xB4,0x15,0x33,0x61,0x2F,
    0x39,0xF7,0x40,0xC0,0x84,0xE5,0xB4,0x9E,0xFA,0xC3,0xCB,0xA9,0x57,0xBA,0x44,0xCF,
    0x82,0xEB,0x18,0x59,0x51,0xE9,0xE0,0xA1,0x8D,0x17,0xED,0x79,0xC3,0x00,0x00,0x01,
    0xFD,0x8B,0x6D,0xEE,0xE5,0xC2,0x0B,0x37,0x48,0x0B,0x1C,0xD4,0x19,0x26,0xC4,0x1D,
    0xF3,0x25,0xE8,0x20,0x79,0xEB,0x7B,0xA5,0xEB,0x5B,0x63,0xEF,0xAD,0x13,0x00,0x00,
    0x01,0xE1,0xEA,0x8F,0xF3,0xB7,0x4B,0xF6,0x2D,0xB2,0x15,0x81,0x30,0x16,0xED,0x10,
    0x0B,0x82,0x68,0x0F,0x0B,0x52,0x02,0x1F,0xC6,0x07,0x81,0x7B,0xFD,0xEC,0x7C,0x04,
    0x73,0x97,0xEB,0x27,0xE7,0xED,0xEE,0xF9,0xEA,0x94,0x47,0xED,0x1A,0xBB,0xE1,0x21,
    0x01,0xE5,0x09,0x57,0x00,0x00,0x01,0x00,0x00,0x01,0x11,0x00,0x11,0x72,0xDE,0xDB,
    0x45,0xD1,0x74,0x5D,0x06,0x44,0xAD,0xF3,0xB6,0x00,0x28,0x11,0x1D,0x81,0x17,0x58,
    0x0E,0x03,0xC0,0xCA,0xB5,0xF3,0x2C,0x4B,0x31,0xC4,0xB0,0xC4,0x4B,0x09,0xC4,0xA0,
    0x00,0x00,0x80,0x10,0x00,0x01,0x48,0x34,0x14,0x84,0xA1,0x18,0x5A,0x15,0x05,0x61,
    0x58,0x5C,0x12,0x85,0x00,0xC0,0x44,0x17,0x86,0x01,0x78,0x5C,0x12,0x04,0xE1,0x20,
    0x48,0x18,0x06,0x61,0x78,0x62,0x15,0x05,0xE1,0x68,0x66,0x09,0x01,0x81,0xBA,0x7C,
    0x58,0x88,0xC3,0x0E,0x0F,0x03,0x2A,0xFD,0x4A,0x79,0x5F,0x21,0x06,0x46,0xF0,0x87,
    0x67,0x94,0x4F,0x4B,0xDE,0x90,0xCC,0x73,0x8E,0x5B,0x1D,0xCF,0xE8,0x4B,0xD1,0x4F,
    0x01,0x0E,0x78,0xFF,0x92,0x3F,0x29,0x11,0x54,0x21,0xF3,0xCC,0x4F,0x91,0xA0,0x16,
    0xF0,0x21,0x03,0x90,0x84,0xA2,0x7E,0x90,0x03,0x68,0xEF,0x73,0x60,0xD3,0x00,0x60,
    0x45,0xDD,0x07,0x46,0x19,0x6F,0x40,0x00,0x20,0x19,0x00,0x00,0x00,0x00,0x00,0x00,
    0x00,0x20,0x00,0x01,0x00,0x7E,0xF9,0x04,0xFA,0x00,0x1E,0xC6,0x30,0xBE,0xFF,0xB6,
    0x00,0xB0,0x00,0x1D,0x5A,0x59,0x00,0x00,0x18,0xD4,0xB9,0x8E,0xAE,0xBE,0x30,0x2B,
    0xE4,0x3E,0xBF,0x52,0x75,0xF0,0x00,0x00,0x1E,0x36,0xD6,0xFE,0x72,0x49,0x3F,0x8C,
    0xB5,0xBF,0xC5,0x7D,0xF1,0x73,0xDD,0x17,0x44,0xB1,0x74,0x4A,0x05,0xA1,0x38,0x54,
    0x19,0x04,0xC1,0x88,0x7C,0x78,0x80,0x01,0xC1,0xD7,0x81,0xC8,0x42,0x70,0x9D,0xA0,
    0xF9,0xD4,0x0E,0xD3,0x00,0x40,0x41,0x2A,0x47,0x1C,0x03,0x46,0x85,0x1C,0xC4,0x00,
    0x00,0x23,0xB4,0x87,0x31,0x86,0x08,0x07,0x28,0x50,0x34,0xA2,0x44,0xBA,0xFA,0x03,
    0x47,0x80,0x69,0x39,0x8C,0x87,0x95,0xF4,0xA2,0x9D,0xF0,0x88,0xE6,0x20,0x01,0x7E,
    0x39,0xD2,0x60,0x98,0x00,0x50,0x27,0x94,0xB8,0xB8,0x0D,0xBF,0xF1,0xE1,0x6B,0x89,
    0xBF,0xED,0xC6,0x71,0x8C,0x60,0xCD,0x84,0xE4,0xD3,0x00,0x3F,0x41,0x64,0xD3,0x68,
    0x68,0x6B,0x0C,0xB1,0x31,0x00,0x00,0x2F,0xA7,0xF6,0x91,0x4D,0xAC,0x00,0xDC,0x98,
    0x4E,0x1F,0x92,0xC8,0xCC,0x00,0x74,0x00,0xB7,0x47,0xF0,0x23,0x7A,0xA8,0x13,0x74,
    0x3D,0x31,0x00,0x00,0x2A,0x57,0xDD,0xB9,0x20,0x00,0xC2,0x74,0x80,0xD7,0x61,0xEC,
    0x6C,0x46,0x31,0xFB,0x1F,0xFC,0x0B,0x5F,0xCB,0xF1,0x00,0x85,0xFD,0x09,0xD3,0x00,
    0x40,0x41,0x28,0x47,0x1C,0x03,0x09,0x05,0x1C,0xC4,0x00,0x3F,0xE6,0x64,0x8A,0xA7,
    0x0E,0x08,0x09,0xE6,0x50,0x34,0x87,0x2C,0x62,0x26,0x03,0xEB,0x80,0x20,0xE2,0x64,
    0x07,0xCE,0x74,0xA2,0x9E,0xFF,0x48,0xE6,0x2F,0xFF,0x8A,0x39,0x41,0xC8,0x40,0x00,
    0x07,0x27,0xA1,0x06,0x1B,0x0D,0x83,0xFD,0x19,0x30,0xD1,0x3F,0xED,0xB1,0x64,0x39,
    0x0C,0x0F,0xFB,0x7D,0xD3,0x00,0x3D,0x3F,0xB3,0xCD,0xA0,0x43,0x78,0x32,0x48,0x12,
    0x00,0x00,0x1F,0x06,0x63,0x64,0x32,0x00,0x76,0x3C,0xCE,0xEF,0x89,0x92,0x6B,0x00,
    0xC7,0x07,0xA9,0x15,0x6F,0x0B,0x5D,0xA1,0x0D,0xD1,0x18,0x48,0x12,0xFF,0xD0,0xA1,
    0x13,0xCD,0xFE,0x00,0x58,0x25,0xFD,0xC8,0x8B,0x20,0xF6,0x31,0x0B,0x5B,0x05,0xFF,
    0x9F,0x9B,0xE9,0x00,0x85,0x32,0x67,0xD3,0x00,0x3D,0x41,0x43,0x48,0x12,0x00,0x00,
    0x09,0x00,0xD9,0xD1,0x96,0xFC,0x5C,0x82,0xA7,0x1D,0xE4,0x0E,0xAB,0x71,0x3C,0x99,
    0x26,0x50,0x28,0x11,0x83,0x2B,0xB9,0x09,0x41,0x20,0x4B,0xF8,0xF5,0x18,0x21,0x3E,
    0x7C,0x04,0x74,0x73,0x9D,0x4C,0x00,0x0E,0xEB,0x03,0xB4,0xBC,0xBF,0xFF,0x70,0xFB,
    0xCD,0xF8,0xDA,0x10,0x00,0x06,0x50,0x3C,0xFC,0x4A,0xD3,0x00,0x13,0x3E,0xDD,0x07,
    0x03,0xBA,0xEF,0x51,0x8A,0xC2,0x8A,0x37,0x03,0x0E,0x8D,0x09,0x7B,0xA5,0xF5,0xC0,
    0x92,0x97,0xB8,0xD3,0x00,0xEA,0x43,0x5D,0x07,0x46,0x19,0x7E,0xE2,0x00,0x20,0x05,
    0x15,0x29,0x86,0x00,0x00,0x00,0x00,0x20,0x00,0x01,0x00,0x57,0x5D,0xF6,0x8A,0xAC,
    0x9C,0x84,0x86,0x96,0x92,0xA2,0xA6,0x94,0xA0,0x00,0x00,0x00,0x00,0x00,0x15,0xD3,
    0xBA,0xB2,0xD8,0xB1,0x4E,0x21,0x5A,0x59,0x44,0x71,0xA2,0xDE,0x81,0xEC,0x0D,0x18,
    0x4D,0xE0,0x2D,0xFD,0xA7,0xED,0xE8,0x32,0x5E,0xFC,0x7A,0x52,0x0C,0xA0,0x1B,0xFC,
    0xCD,0x1E,0x6F,0x75,0x7F,0xF9,0x64,0x05,0x2F,0x9A,0x68,0x70,0x16,0x63,0x82,0x61,
    0x7A,0x26,0x46,0x21,0x1C,0x70,0x4B,0xAC,0xC5,0x0C,0x50,0x3A,0x68,0x04,0x65,0x27,
    0xB6,0xF1,0x78,0x51,0xFF,0x85,0x08,0x3F,0x33,0x7B,0x70,0x00,0x00,0x1F,0xED,0x48,
    0x40,0x28,0xB0,0x3E,0xEF,0xFB,0x80,0x8B,0x12,0x20,0xA8,0x1B,0xA0,0xEE,0x9E,0xC0,
    0x77,0x3B,0x61,0x2A,0xBB,0x01,0x9E,0x62,0x80,0xF7,0x84,0xC1,0x53,0x7B,0xDE,0xCE,
    0x88,0xBE,0x15,0xBA,0x9E,0x45,0x4F,0x91,0x70,0x01,0x17,0x58,0x13,0x2C,0x97,0x10,
    0xC4,0xB4,0x03,0xC3,0x60,0x25,0xAC,0xD4,0x5D,0x25,0x39,0x08,0x00,0x17,0x83,0x81,
    0x60,0x5A,0x18,0x05,0xC1,0x60,0x60,0x17,0x04,0x81,0x48,0x40,0x13,0x05,0xA1,0x58,
    0x5A,0x1F,0xE9,0x38,0x33,0x01,0xCF,0x02,0xCA,0x1E,0x6C,0x79,0xB1,0x36,0xC2,0x90,
    0xA3,0x88,0x48,0x94,0x90,0x95,0xDA,0xB3,0xAE,0x4C,0x02,0x20,0xBB,0xA1,0x8E,0x80,
    0xC3,0x71,0x0F,0xD3,0x00,0xDC,0x44,0x9D,0x07,0x46,0x19,0x7E,0xE2,0x00,0x20,0x0C,
    0x78,0x10,0x00,0x08,0x00,0x00,0x00,0x20,0x00,0x01,0x00,0x7F,0xFF,0xA7,0x2F,0xA8,
    0x28,0xA5,0xAC,0x2F,0x29,0x00,0x00,0x00,0x00,0x5F,0x85,0x6D,0x89,0xC1,0x3E,0xAB,
    0x85,0xAF,0x3D,0x01,0x65,0xEF,0x5F,0xD8,0xA0,0xB5,0x00,0xCC,0x0F,0xC8,0x40,0xDF,
    0x43,0x80,0x1A,0xA0,0x0B,0x3D,0x93,0x34,0x29,0x54,0x26,0xED,0x8C,0x46,0xDB,0xEF,
    0x0A,0xD4,0xF0,0xA8,0xD8,0x84,0x94,0x18,0x39,0x42,0xFF,0x13,0x77,0xF6,0x27,0x18,
    0xA1,0x51,0x8B,0x1D,0x1D,0xB2,0x29,0xDF,0x57,0x40,0x00,0x00,0x01,0x06,0x42,0x40,
    0x00,0x00,0x40,0x00,0x00,0x40,0x00,0x00,0x7C,0x95,0x41,0xC0,0x00,0x00,0x03,0x61,
    0x83,0xC0,0x00,0x00,0x01,0xA5,0x9B,0x40,0x00,0x00,0x00,0x43,0x20,0x40,0x00,0x00,
    0x07,0x00,0x6A,0x40,0x00,0x00,0x08,0x47,0xD1,0x00,0x11,0x28,0x00,0x00,0x00,0x11,
    0x28,0x01,0x12,0x80,0x11,0x28,0x01,0x60,0x00,0x0B,0x30,0x00,0xD4,0x80,0x00,0x54,
    0x18,0x82,0xA0,0xC8,0x5A,0x17,0x85,0xA1,0x78,0x52,0x16,0x84,0xE1,0x50,0x3E,0x10,
    0x85,0x61,0x88,0x76,0xD8,0xEE,0xEE,0x41,0xB8,0x8B,0xA7,0xEC,0x30,0x06,0xBB,0xCF,
    0xF8,0x3D,0x02,0x97,0x07,0x12,0x24,0x80,0x4C,0x11,0x35,0x72,0xE1,0x02,0xD1,0x06,
    0x32,0x00,0x2B,0xC2,0x27,0xD3,0x01,0xB9,0x46,0x7D,0x07,0x46,0x18,0xA4,0x22,0x00,
    0x20,0x03,0xE6,0x80,0xFA,0xC3,0x70,0x00,0x00,0x20,0x00,0x01,0x00,0x55,0x55,0x7B,
    0xFF,0xFE,0xF0,0x31,0x2F,0x10,0xB0,0xCF,0x2A,0x30,0x0A,0xAA,0xEB,0x29,0x69,0x6A,
    0xCA,0xC9,0x8F,0x0F,0xC9,0x4B,0x4B,0x20,0x00,0x00,0x00,0x00,0x00,0x00,0x00,0x00,
    0x00,0x01,0xD2,0x32,0x86,0x9C,0x31,0xED,0x5E,0xEA,0x35,0x6F,0x11,0xBF,0x01,0x63,
    0xC9,0x62,0x64,0xAB,0x2A,0x22,0x44,0x53,0x93,0x18,0xE0,0xA6,0xFD,0x8A,0x08,0xCF,
    0xF7,0xBF,0x6F,0x82,0x81,0xFD,0x20,0x3B,0x1F,0x67,0xFD,0xC5,0xEF,0xB8,0x0C,0x7F,
    0xC4,0x03,0x5D,0xEF,0x47,0xC4,0x40,0x9F,0xFF,0xC7,0xF6,0xD7,0xED,0xA1,0x01,0x05,
    0x2B,0xA6,0x7F,0xC6,0x5E,0x0B,0xBB,0xAD,0x5B,0xD9,0x1A,0x4E,0xA9,0x5D,0xD6,0x74,
    0x04,0xA4,0x86,0x79,0x99,0xA8,0x3A,0x5A,0x24,0x91,0xE7,0xBF,0xFE,0x95,0x49,0xD2,
    0xB6,0x66,0x95,0xAC,0x62,0x67,0xBD,0x03,0xAB,0xCB,0x4B,0x45,0xF8,0xA8,0x5A,0xD5,
    0xC7,0x24,0xA8,0x70,0x8B,0x80,0xDF,0x5A,0x1F,0x59,0x39,0xB9,0xDD,0x93,0x24,0x3A,
    0x79,0x89,0xA3,0x06,0xE0,0x25,0xE2,0x04,0xF8,0x9A,0xBF,0x04,0x5E,0x3C,0x45,0xB9,
    0xE9,0xE8,0xAA,0x37,0x00,0x00,0x01,0xEE,0xE7,0x09,0xEF,0xC9,0xD6,0x11,0x29,0xF1,
    0xF7,0x1D,0xA8,0x00,0x3B,0xD6,0x1B,0x4B,0x91,0xE9,0xA4,0xE7,0xED,0x00,0x39,0xF9,
    0x5E,0xCB,0xFD,0xB1,0x0F,0xF7,0xA4,0x62,0x19,0x83,0x44,0x1B,0xF9,0xA5,0xF3,0x6A,
    0xA1,0xF4,0xD6,0x88,0x16,0x6C,0x62,0x19,0xF5,0x32,0x19,0x8D,0x40,0x1E,0xEF,0x74,
    0x03,0xB0,0x98,0x0A,0x37,0xD3,0xE4,0xE3,0xF7,0xE7,0xAB,0x07,0xEA,0x3F,0xF7,0xEC,
    0xC6,0x76,0x00,0xFB,0xFC,0x04,0xE4,0x37,0x00,0x00,0x01,0x00,0x00,0x01,0x00,0x00,
    0x01,0x11,0x00,0x11,0x72,0xE0,0xDB,0x45,0xD1,0x74,0x5D,0x06,0x44,0xAD,0xF3,0xB6,
    0xA1,0x44,0x76,0x04,0x5D,0x60,0x38,0x2F,0x03,0x2C,0xD7,0xCC,0xB1,0x2C,0xC7,0x12,
    0xC3,0x11,0x2C,0x27,0x12,0x80,0x00,0x00,0x00,0x80,0x00,0x00,0x05,0x48,0x36,0x14,
    0x84,0xA1,0x18,0x5A,0x14,0x85,0x61,0x58,0x5A,0x12,0x85,0x01,0x00,0x5E,0x18,0x05,
    0xE1,0x70,0x46,0x13,0x04,0xA1,0x18,0x60,0x19,0x05,0xE1,0x80,0x54,0x17,0x05,0xA1,
    0x98,0x24,0x09,0x01,0xA0,0x1E,0x68,0x47,0x5F,0xF9,0xC1,0x6E,0x5F,0x45,0x89,0x47,
    0xED,0xC9,0x00,0xDE,0x1C,0x8C,0x39,0x3E,0xCA,0xDD,0xCA,0xC4,0x11,0x83,0x21,0x05,
    0x22,0xE0,0xF3,0xC0,0x10,0x70,0x48,0xE7,0x1E,0x16,0x5D,0x0B,0x82,0x5D,0x84,0xEF,
    0x1A,0x14,0x30,0x67,0xA6,0xBF,0x4A,0x0F,0xB5,0x9F,0x7F,0x03,0x1F,0x6F,0x3B,0x15,
    0xC6,0xFD,0x65,0x9F,0xD3,0x00,0x60,0x45,0xDD,0x07,0x46,0x19,0x7E,0xE0,0x00,0x20,
    0x19,0x00,0x00,0x00,0x00,0x00,0x00,0x00,0x20,0x00,0x01,0x00,0x7E,0xF9,0x04,0xFA,
    0x00,0x1E,0xC6,0x30,0xBE,0xFF,0xB6,0x00,0xA8,0x00,0x1B,0x54,0xDB,0x00,0x00,0x19,
    0xFC,0xF3,0xA1,0x45,0xDE,0x2F,0x07,0xE4,0x18,0xFE,0xCF,0x9D,0x70,0x00,0x00,0x1E,
    0x81,0x3A,0x9E,0xBC,0xAE,0x9F,0x8C,0x0A,0xFF,0xC4,0xDA,0x71,0x73,0xDD,0x17,0x44,
    0xB1,0x74,0x4A,0x05,0xA1,0x30,0x54,0x18,0x84,0xC1,0x80,0x6E,0x7C,0x80,0x00,0x24,
    0x2C,0x47,0xEF,0x23,0x5F,0x04,0x60,0x14,0xE1,0x92,0xD3,0x00,0x3D,0x3F,0xB7,0x8D,
    0xA0,0x7C,0x97,0x05,0x48,0x11,0x00,0x00,0x16,0xBD,0x01,0xF4,0x05,0xFD,0xE1,0x38,
    0x90,0x9F,0x2C,0x19,0x19,0xFD,0x8E,0x03,0x5A,0xF7,0x11,0x14,0x8C,0xA1,0x0C,0xA9,
    0xE3,0x48,0x11,0x00,0x16,0xD1,0xD7,0x95,0x30,0xFF,0xC6,0x26,0x1A,0x54,0x73,0x16,
    0x5B,0x97,0x25,0xDB,0xC0,0xFF,0xA6,0x81,0x08,0x00,0x16,0x3D,0x0B,0xD3,0x00,0x3D,
    0x3F,0xB1,0x4D,0xA0,0x43,0xE2,0x6F,0x48,0x12,0x00,0xFF,0xF3,0xEE,0xD2,0x70,0x6F,
    0xFE,0x69,0x2D,0x5B,0x27,0x19,0x5B,0xB3,0xFE,0xB3,0x03,0x13,0x5C,0x6F,0x15,0xD3,
    0xA1,0x0D,0x79,0xEE,0x48,0x12,0xFF,0xC8,0x7A,0x4E,0x9C,0xDE,0xFF,0xCE,0x27,0x62,
    0x6D,0x1D,0x17,0x51,0x2F,0x40,0xC5,0xC5,0xFF,0xAA,0x09,0xE8,0x00,0x2D,0x20,0x8D,
    0xD3,0x00,0x3D,0x3F,0xB5,0xCD,0xA0,0x46,0x61,0x2D,0x48,0x12,0x00,0x00,0x20,0x04,
    0x55,0xD4,0x2D,0xFE,0xCB,0x2A,0x69,0x9A,0x14,0x3C,0x6D,0xFF,0x12,0x01,0xA8,0x86,
    0xF6,0x15,0xF9,0xA1,0x0D,0x49,0x99,0x48,0x12,0xFF,0xFF,0x7A,0xFE,0x8B,0x27,0x00,
    0x22,0x27,0xB4,0x38,0xFB,0x17,0x3C,0x81,0x8C,0xA7,0x8C,0xFF,0xAC,0x88,0xEE,0x00,
    0x94,0x02,0x4E,0xD3,0x00,0x3D,0x3F,0xB5,0x0D,0xA1,0x43,0xA7,0x49,0x48,0x12,0x00,
    0xFF,0xEE,0x38,0x1C,0x18,0x49,0xFC,0x99,0x31,0x41,0xDE,0xFA,0x10,0x55,0xFC,0xFA,
    0x02,0x11,0xA1,0x59,0x15,0x79,0xA1,0x0C,0x86,0xA6,0x48,0x12,0x00,0x4A,0x75,0x4F,
    0x03,0x43,0xFF,0xDF,0x26,0xAB,0xC3,0x0E,0x16,0x27,0x8A,0x98,0xF3,0x1F,0xFF,0xA8,
    0x52,0xEE,0x00,0x5C,0x15,0xAC,0xD3,0x00,0x3F,0x41,0x61,0x13,0x68,0x68,0x6B,0x09,
    0xE5,0x31,0x00,0x3F,0xFB,0x5B,0xFF,0x68,0x7F,0x23,0xFF,0x18,0x9B,0xCD,0x74,0xF9,
    0xEF,0xDB,0xFD,0xFC,0x00,0xB8,0xD6,0x74,0x25,0xEE,0xA8,0x13,0xC0,0x2D,0x31,0x00,
    0x01,0x8A,0x55,0x99,0xB4,0xCF,0xFF,0x62,0x70,0xDB,0xFA,0x51,0xE4,0x0C,0xB4,0x8D,
    0xCE,0x4F,0xFC,0x03,0xEF,0xD3,0xF2,0x00,0x9A,0xDC,0xB3,0xD3,0x00,0x13,0x3E,0xDD,
    0x07,0x03,0xBA,0xEF,0x51,0x8B,0x00,0x8A,0x37,0x03,0x0E,0x58,0x09,0x7B,0xA5,0xF5,
    0x98,0xB0,0xBD,0x26,0xD3,0x00,0xEA,0x43,0x5D,0x07,0x46,0x19,0x8E,0x82,0x00,0x20,
    0x05,0x15,0x29,0x86,0x00,0x00,0x00,0x00,0x20,0x00,0x01,0x00,0x57,0x5D,0xF6,0x8A,
    0xAC,0x9C,0x84,0x86,0x96,0x92,0xA2,0xA6,0x94,0xA0,0x00,0x00,0x00,0x00,0x00,0x15,
    0xDB,0xBE,0xB3,0xD8,0xB1,0x46,0x1D,0x5A,0xD9,0x24,0x61,0xA4,0xDE,0x81,0xEA,0x0D,
    0x10,0x4D,0xC0,0x2D,0x7D,0xA7,0xED,0xE8,0x32,0x3E,0xFB,0xFA,0x4E,0x0C,0x98,0x1B,
    0xDA,0x33,0xD1,0xDD,0x0B,0xC2,0x06,0xB4,0x25,0x64,0x7F,0x57,0x2C,0x0E,0x85,0x42,
    0xBD,0xAA,0x2B,0xDA,0x47,0x15,0x3B,0x84,0x89,0xD8,0x9D,0x4F,0xBE,0x31,0xBC,0x99,
    0x74,0x16,0xDF,0xA4,0x74,0x7A,0x47,0xB0,0xDE,0x8D,0x8D,0x90,0x00,0x00,0x00,0x6E,
    0x25,0x40,0xA9,0x7D,0x00,0x2C,0xCB,0x00,0x6D,0x86,0x80,0xBE,0x80,0x61,0x04,0xFD,
    0xC1,0xF4,0x38,0xFE,0x0F,0x03,0x9E,0x82,0xA4,0x9F,0x04,0x48,0x7F,0x60,0x37,0x60,
    0x51,0x76,0xA1,0x20,0x95,0xA1,0x50,0x1E,0x91,0x78,0x01,0x17,0xD8,0x13,0x2C,0x97,
    0x10,0xC4,0xB4,0x03,0xC3,0x60,0x26,0x2C,0xD4,0x5F,0x25,0x39,0x08,0x00,0x17,0x83,
    0x61,0x58,0x5E,0x18,0x05,0xE1,0x60,0x62,0x17,0x04,0x81,0x50,0x42,0x13,0x85,0xC1,
    0x58,0x5A,0x00,0xBE,0x40,0x1E,0x88,0x1F,0x00,0x38,0x39,0x9F,0x6F,0x9E,0xFB,0x0D,
    0xA9,0xA4,0x3E,0x09,0x80,0x8E,0x8B,0x1B,0xAA,0x3A,0xD4,0x38,0x79,0x38,0x71,0xB9,
    0xE0,0xFA,0x2C,0xF7,0xD3,0x00,0xDC,0x44,0x9D,0x07,0x46,0x19,0x8E,0x82,0x00,0x20,
    0x0C,0x78,0x10,0x00,0x08,0x00,0x00,0x00,0x20,0x00,0x01,0x00,0x7F,0xFF,0xA7,0x2F,
    0xA8,0x28,0xA5,0xAC,0x2F,0x29,0x00,0x00,0x00,0x00,0x5F,0xA5,0x5D,0x87,0xC1,0xBE,
    0xAB,0x95,0xB3,0x3C,0x81,0x63,0xEF,0x5F,0xD8,0x80,0xB4,0x00,0xCA,0x0F,0xC0,0x40,
    0xBF,0x43,0x67,0x10,0x6E,0x76,0xC2,0x1E,0xC5,0xAA,0x0A,0xED,0xE8,0x97,0x1E,0x8B,
    0xB2,0x19,0xDE,0x79,0x97,0x2F,0x1A,0xDB,0x61,0x9B,0xE2,0x6D,0x6D,0x96,0xDB,0x0D,
    0x89,0xCF,0x18,0x9E,0x28,0x8B,0x2A,0x68,0xB7,0x77,0x40,0x00,0x00,0x7A,0xB4,0x73,
    0xC0,0x00,0x00,0x40,0x00,0x00,0x40,0x00,0x00,0x7B,0x54,0xC4,0x40,0x00,0x00,0x07,
    0x1B,0x30,0xC0,0x00,0x00,0x07,0x30,0xA6,0x40,0x00,0x00,0x7B,0xD6,0x8A,0x40,0x00,
    0x00,0x40,0x00,0x00,0x40,0x00,0x00,0x03,0xA8,0x61,0x80,0x11,0x28,0x00,0x00,0x00,
    0x11,0x28,0x01,0x12,0x80,0x11,0x28,0x01,0x60,0x00,0x00,0x00,0x00,0xD4,0x80,0x00,
    0x56,0x19,0x02,0xA0,0xD0,0x58,0x18,0x05,0xA1,0x80,0x50,0x17,0x04,0xE1,0x58,0x40,
    0x11,0x05,0x81,0x90,0x6E,0x4E,0xEE,0xA1,0xCE,0xD7,0x31,0xFF,0x53,0x2F,0xDD,0xA3,
    0x59,0x0B,0x81,0x79,0xBC,0x04,0x7F,0xFC,0x10,0x4D,0xD8,0x8E,0xF2,0x4B,0x00,0x75,
    0x85,0xEE,0x00,0xF4,0x4D,0x4A,0xD3,0x01,0xAF,0x46,0x7D,0x07,0x46,0x18,0xB3,0xC2,
    0x00,0x20,0x03,0xE6,0x80,0xFA,0xC3,0x70,0x00,0x00,0x20,0x00,0x01,0x00,0x55,0x55,
    0x7B,0xFF,0xFE,0xB0,0x31,0x2F,0x10,0xB0,0xCF,0x2A,0x30,0x0A,0xAA,0xEB,0x29,0x69,
    0x6A,0xCA,0xC9,0x8F,0x0F,0xC9,0x4B,0x4B,0x20,0x00,0x00,0x00,0x00,0x00,0x00,0x00,
    0x00,0x00,0x01,0xD1,0xB2,0xA6,0x9C,0x2F,0xED,0xDE,0xEA,0x45,0x6D,0x11,0x3E,0xC1,
    0x63,0xC9,0x62,0xE4,0x8B,0x22,0x24,0x44,0x53,0x73,0x18,0xE2,0xA8,0x7D,0x88,0x08,
    0xC7,0xF7,0x9F,0x6F,0x02,0x7F,0xFD,0x18,0x3A,0xFF,0x67,0x7D,0xC3,0xEF,0xB0,0x0C,
    0x5F,0xC3,0x83,0x5B,0xEF,0x3F,0xC4,0x20,0x9F,0x7F,0xC5,0xF6,0xCF,0xED,0x81,0x01,
    0x05,0x2D,0x92,0x41,0xA5,0xC6,0xA7,0x80,0xC0,0x1B,0xFA,0x66,0x65,0x71,0x18,0xCF,
    0x23,0xA0,0x9A,0x05,0xC6,0x01,0xAD,0xBD,0xFA,0x7C,0xCA,0x1F,0x31,0xA2,0x0D,0x5E,
    0x29,0x00,0xDF,0xFF,0xEB,0xF8,0xFF,0xE4,0x71,0xC0,0x42,0x5B,0x78,0xA7,0x17,0x85,
    0xDF,0xDC,0xF1,0x6D,0xCD,0x7B,0x02,0x42,0x50,0x35,0xC7,0x18,0x21,0xF1,0x79,0x6E,
    0xDA,0x57,0x35,0xA1,0x04,0xD8,0x10,0x59,0x83,0xC6,0xE6,0xE2,0x6B,0x9E,0xC4,0x9E,
    0x3B,0x31,0xB0,0x00,0x00,0x1E,0x01,0x9C,0xFF,0x08,0x53,0x41,0x6F,0x35,0x1E,0x2F,
    0x5A,0xDE,0x72,0x90,0x41,0x87,0xC3,0xBE,0xB0,0x4D,0x3E,0xE5,0xF9,0xE0,0x73,0x9D,
    0x80,0xB8,0xB3,0xB0,0x00,0x00,0x1F,0xF2,0xCB,0xA0,0x1A,0x26,0x21,0x13,0x01,0xC1,
    0x29,0xB8,0x9E,0x13,0x14,0xFE,0x4B,0x92,0x3F,0x0D,0x37,0x30,0x00,0x00,0x00,0x94,
    0xE4,0x80,0xFD,0x4E,0x9D,0xE7,0x79,0xDE,0x13,0xE0,0x1E,0x9C,0x41,0x7E,0xC4,0xA1,
    0x1E,0x0B,0x14,0xBE,0x49,0x8E,0x30,0x00,0x00,0x10,0x00,0x00,0x11,0x10,0x01,0x17,
    0xAE,0x2D,0xB4,0x5F,0x17,0xC5,0xF0,0x64,0x4A,0xDF,0xBB,0x60,0x04,0x47,0x60,0x45,
    0xF6,0x03,0x82,0xF0,0x32,0xC0,0x04,0xCB,0x12,0xCC,0x71,0x2C,0x31,0x12,0xC2,0x71,
    0x28,0x00,0x00,0x20,0x00,0x00,0x00,0xA4,0x1B,0x0A,0x42,0x50,0x88,0x2D,0x0A,0x82,
    0xB0,0xAC,0x2F,0x09,0x82,0x90,0x84,0x2F,0x0C,0x02,0xF0,0xBC,0x22,0x09,0x82,0x40,
    0x90,0x30,0x0C,0xC2,0xF0,0xC4,0x2A,0x0B,0xC2,0xD0,0xD0,0x12,0x03,0x80,0x54,0x20,
    0xC0,0xF0,0x30,0xC2,0xB7,0x40,0x3F,0x93,0x7A,0xDC,0x64,0x15,0x64,0x50,0x60,0x6F,
    0xFD,0xC2,0xFA,0x9A,0x08,0x3F,0x8B,0x2D,0x0C,0xF9,0xCF,0x8B,0x8A,0xF9,0x37,0x51,
    0xBD,0x3D,0x07,0x37,0x8F,0x08,0x24,0x07,0x4C,0x3B,0xD4,0x47,0x6F,0x6C,0x0E,0x3A,
    0x60,0x05,0xBE,0x59,0xF3,0x79,0xDC,0x32,0xBF,0x89,0x29,0xD3,0x00,0x60,0x45,0xDD,
    0x07,0x46,0x19,0x8E,0x80,0x00,0x20,0x19,0x00,0x00,0x00,0x00,0x00,0x00,0x00,0x20,
    0x00,0x01,0x00,0x7E,0xF9,0x04,0xFA,0x00,0x1E,0xC6,0x30,0xBE,0xFF,0xB4,0x00,0xA7,
    0xFF,0xF9,0x52,0x3D,0x00,0x00,0x1B,0x14,0x47,0xB3,0x38,0x1E,0x1A,0x8D,0xE3,0x52,
    0x5E,0x4A,0x4A,0xD0,0x00,0x00,0x1E,0xC9,0x0E,0xFF,0x04,0x77,0x5F,0x88,0xE2,0x3F,
    0xC1,0xA8,0x71,0x78,0x01,0x17,0xC4,0xB1,0x7C,0x4A,0x05,0xA1,0x38,0x54,0x19,0x04,
    0xA1,0x88,0x6E,0xD9,0x80,0x00,0x31,0x80,0x2E,0x8F,0xAF,0xFE,0xB6,0xE0,0x09,0x42,
    0xC9,0xD3,0x00,0x3D,0x3F,0xB4,0x8D,0xA0,0x7D,0x2B,0xE6,0x48,0x12,0x00,0xFF,0x7C,
    0xD7,0xC0,0xE0,0xE6,0xF2,0xED,0x2A,0xE1,0xC4,0xA4,0x5F,0x57,0xF4,0x8F,0x01,0xB1,
    0x77,0x1B,0x11,0x73,0xA1,0x0D,0x65,0x76,0x48,0x12,0xFF,0xD2,0x52,0x44,0xDF,0x31,
    0xFF,0xE5,0x27,0xAD,0x27,0x83,0x1C,0x4A,0x7F,0x3E,0xAD,0x6B,0xFF,0xAA,0x83,0xEE,
    0x00,0xCF,0x44,0x0B,0xD3,0x00,0x40,0x41,0x29,0x87,0x1C,0x01,0x66,0x05,0x1C,0xC4,
    0x00,0x00,0x0B,0x2C,0x0B,0x25,0x21,0x0F,0x76,0xE6,0x0A,0x19,0x7D,0xCA,0x36,0xDD,
    0xD9,0x06,0x00,0x75,0xE9,0x8F,0x17,0xB0,0xF9,0x5D,0xD6,0xEF,0x88,0xE6,0x2F,0xF9,
    0x29,0xAA,0xE1,0x6B,0x97,0xFD,0x08,0x28,0x9F,0x46,0x2C,0xE5,0x63,0xA2,0xEC,0x01,
    0x72,0xFF,0xFB,0xD5,0x01,0xE0,0x78,0x9D,0xA7,0x4C,0xD3,0x00,0x3D,0x3F,0xB7,0x4D,
    0xA0,0x7D,0xC7,0x11,0x48,0x11,0x00,0xFF,0xF6,0xB0,0xFF,0x44,0x11,0xFF,0xB9,0x30,
    0xB3,0x19,0x05,0x46,0xAB,0xFF,0x31,0x01,0x53,0xB1,0xD7,0x04,0x63,0xA1,0x0E,0x06,
    0xFE,0x48,0x11,0xFF,0xF1,0x29,0xEC,0xB8,0x77,0xFF,0xDE,0x27,0xC6,0x03,0x6C,0x2B,
    0x36,0x62,0xC8,0xF6,0xD7,0xFF,0xA5,0x3F,0xEA,0x00,0x68,0x04,0xF8,0xD3,0x00,0x3D,
    0x3F,0xB2,0xCD,0xA0,0x7C,0xD0,0x0E,0x48,0x11,0x00,0xFF,0x7C,0xE1,0x31,0x38,0x0E,
    0xF3,0xB6,0x2E,0x23,0x00,0x0D,0x0E,0x26,0xF4,0xF1,0x00,0x75,0xBC,0x47,0x0F,0x29,
    0xA1,0x0E,0x1D,0x09,0x48,0x11,0x00,0x11,0x53,0x91,0x36,0x4B,0x00,0x11,0x27,0x55,
    0x19,0xBB,0x1E,0x7A,0x8A,0x49,0xC0,0x31,0xFF,0xA8,0x0A,0xED,0x00,0xE2,0xAA,0xBF,
    0xD3,0x00,0x3D,0x3F,0xB3,0x4D,0xA0,0x40,0x57,0x2C,0x48,0x12,0x00,0x00,0x2E,0x45,
    0xF8,0x18,0x2C,0xFE,0x9C,0x33,0x6B,0x07,0x67,0xA3,0x13,0xFE,0xA5,0x03,0x9A,0x2C,
    0x4B,0x0B,0xD1,0xA1,0x0D,0x4C,0xDB,0x48,0x12,0xFF,0xF2,0xAC,0x76,0x6B,0x87,0x00,
    0x22,0x27,0x80,0xD8,0xA9,0x22,0xCF,0x24,0xFD,0xDE,0xA1,0xFF,0xA6,0x29,0xE8,0x00,
    0xFE,0x94,0x0E,0xD3,0x00,0x13,0x3E,0xDD,0x07,0x03,0xBA,0xEF,0x51,0x8A,0x80,0x8A,
    0x37,0x03,0x0E,0xC0,0x09,0x7B,0xA5,0xF5,0x8F,0x32,0x01,0xC1,0xD3,0x00,0xEA,0x43,
    0x5D,0x07,0x46,0x19,0x9E,0x22,0x00,0x20,0x05,0x15,0x29,0x86,0x00,0x00,0x00,0x00,
    0x20,0x00,0x01,0x00,0x57,0x5D,0xF6,0x8A,0xAC,0x9C,0x84,0x86,0x96,0x92,0xA2,0xA6,
    0x94,0xA0,0x00,0x00,0x00,0x00,0x00,0x15,0xDB,0xC0,0xB4,0xD8,0xB1,0x3E,0x19,0x5B,
    0xD8,0xE4,0x49,0xA6,0xDF,0x01,0xEE,0x0D,0x10,0x4E,0x00,0x2E,0x7D,0xA9,0xED,0xF0,
    0x32,0x7E,0xFC,0xFA,0x52,0x0C,0xA8,0x1C,0x07,0x98,0x7C,0x4A,0x99,0x44,0x3C,0x7A,
    0x46,0xD8,0x64,0x54,0xB8,0x08,0xB9,0x23,0x22,0x90,0x32,0xB5,0x5D,0x18,0xED,0xBE,
    0x21,0x1C,0x41,0x42,0x41,0x79,0x24,0xDF,0x02,0x79,0x0B,0x00,0xA3,0x54,0x0B,0xB3,
    0xC1,0xEC,0x76,0xF0,0x00,0x00,0x00,0xF3,0xD1,0x21,0x2F,0x32,0x01,0x6E,0xAF,0x80,
    0x55,0x02,0xE0,0xD9,0xB7,0x01,0x20,0x38,0x5F,0x76,0x02,0x3E,0xF7,0xFE,0x5F,0x6B,
    0xA4,0x81,0x15,0xA6,0xA1,0x71,0x94,0xC1,0xD9,0x63,0x80,0x30,0x75,0xA0,0x60,0x06,
    0x31,0x78,0x01,0x17,0xD8,0x13,0x2C,0x97,0x10,0xC4,0xB4,0x03,0xC3,0x60,0x26,0xAC,
    0xDC,0x5F,0x25,0x39,0x08,0x00,0x17,0x83,0x61,0x60,0x5C,0x17,0x85,0xE1,0x60,0x62,
    0x17,0x04,0xA1,0x48,0x3E,0x13,0x85,0xC1,0x58,0x5A,0x1C,0x95,0xC5,0x6B,0x74,0x05,
    0xE2,0xBD,0xFE,0xF8,0x36,0xC0,0x69,0xF0,0x9B,0xDF,0xB6,0x3F,0x75,0x7D,0xEA,0xFD,
    0xEB,0xEC,0x3F,0xBB,0x48,0x2E,0x40,0x1E,0xA0,0x61,0x8F,0x29,0xD3,0x00,0xDC,0x44,
    0x9D,0x07,0x46,0x19,0x9E,0x22,0x00,0x20,0x0C,0x78,0x10,0x00,0x08,0x00,0x00,0x00,
    0x20,0x00,0x01,0x00,0x7F,0xFF,0xA7,0x2F,0xA8,0x28,0xA5,0xAC,0x2F,0x29,0x00,0x00,
    0x00,0x00,0x5F,0xA5,0x55,0x85,0xC2,0xBE,0xCB,0x9D,0xB7,0x3C,0x01,0x65,0xEF,0x5F,
    0xD8,0xA0,0xB5,0x00,0xCC,0x0F,0xC8,0x40,0xFF,0x43,0x8E,0x26,0x20,0xE7,0x32,0xEA,
    0x5B,0xD6,0xC6,0x43,0x63,0xC9,0xAE,0x40,0x81,0x68,0xE2,0xD6,0x8A,0xA1,0x71,0x2E,
    0x17,0x03,0xBC,0x1C,0x19,0x71,0xC5,0x00,0x7B,0x60,0x2F,0xB6,0x30,0x78,0xDD,0xEF,
    0x94,0xA3,0x40,0x00,0x00,0x04,0x76,0x62,0x40,0x00,0x00,0x40,0x00,0x00,0x40,0x00,
    0x00,0x7A,0x28,0x12,0x40,0x00,0x00,0x7A,0xE8,0x99,0xC0,0x00,0x00,0x7C,0xCF,0xC8,
    0xC0,0x00,0x00,0x07,0x7D,0x4B,0xC0,0x00,0x00,0x40,0x00,0x00,0x40,0x00,0x00,0x7F,
    0x1C,0x6F,0x80,0x11,0x28,0x00,0x00,0x00,0x11,0x28,0x01,0x12,0x80,0x11,0x28,0x01,
    0x60,0x00,0x00,0x00,0x00,0xD4,0x80,0x00,0x56,0x18,0x82,0x80,0xC0,0x58,0x17,0x85,
    0xA1,0x78,0x50,0x16,0x84,0xE1,0x50,0x42,0x11,0x05,0x61,0x88,0x7D,0xB9,0x20,0xC6,
    0x19,0x0D,0x2D,0x30,0x63,0x63,0x0C,0x3D,0x83,0x84,0x22,0x0A,0x47,0x38,0xEA,0x38,
    0xD5,0x04,0x5E,0xEC,0xA0,0x8B,0x64,0x64,0x91,0x86,0x00,0xCA,0x24,0x8A,0xD3,0x01,
    0xAF,0x46,0x7D,0x07,0x46,0x18,0xC3,0x62,0x00,0x20,0x03,0xE6,0x80,0xFA,0xC3,0x70,
    0x00,0x00,0x20,0x00,0x01,0x00,0x55,0x55,0x7B,0xFF,0xFE,0xB0,0x31,0x2F,0x10,0xB0,
    0xCF,0x2A,0x30,0x0A,0xAA,0xEB,0x29,0x69,0x6A,0xCA,0xC9,0x8F,0x0F,0xC9,0x4B,0x4B,
    0x20,0x00,0x00,0x00,0x00,0x00,0x00,0x00,0x00,0x00,0x01,0xD0,0xB2,0xC6,0x94,0x2D,
    0xEE,0x5E,0xCA,0x4D,0x6B,0x10,0xBE,0x81,0x6B,0xC9,0x63,0xE4,0x4B,0x12,0x26,0x43,
    0xD3,0x53,0x10,0xE6,0xA9,0x7D,0x8C,0x08,0xCF,0xF7,0xDF,0x70,0x02,0x81,0xFD,0x28,
    0x3B,0x1F,0x68,0x7D,0xC7,0xEF,0xB8,0x0C,0x9F,0xC4,0x83,0x5D,0xEF,0x4F,0xC4,0x40,
    0xA0,0x7F,0xC9,0xF6,0xD7,0xED,0xC1,0x00,0x05,0x28,0x7F,0x27,0x45,0x2A,0x50,0x47,
    0x0D,0xDC,0x2F,0xE2,0x7D,0x5C,0x83,0xD9,0xD0,0x3D,0x84,0x65,0x21,0x39,0xB4,0x0F,
    0x5A,0xE9,0x34,0x57,0xBF,0x65,0x97,0xEF,0x80,0xBD,0x19,0x7A,0xB1,0x90,0xEE,0xBB,
    0xEE,0xA5,0xBA,0xA2,0xFB,0x69,0xB3,0xB2,0x1D,0x02,0xDF,0x52,0x2B,0xD4,0x63,0xBB,
    0xAA,0x4D,0x77,0xE6,0x9A,0x0E,0x60,0xF0,0xBA,0x49,0xCB,0xA0,0x4D,0x60,0x0D,0x0A,
    0x03,0xD8,0x42,0xF0,0xC7,0xE1,0x74,0xC1,0xF0,0x71,0xF0,0x00,0x00,0x01,0x19,0x74,
    0x5F,0x18,0xC1,0x81,0xD0,0x6E,0xA0,0xF1,0x83,0x00,0xE6,0x11,0x61,0x5F,0x89,0x7E,
    0xCB,0x34,0xFF,0x00,0xE7,0x01,0x55,0xE6,0xC1,0x9B,0x05,0xD0,0x00,0x00,0x1E,0x52,
    0x6D,0xBE,0x79,0xCE,0x3E,0xF4,0x4C,0x7F,0x0B,0x05,0x9E,0xC4,0x2B,0xFE,0xFC,0xBB,
    0x00,0x86,0x61,0x50,0x00,0x00,0x00,0xF3,0x84,0x01,0x5B,0xF1,0xA1,0x85,0x60,0xE1,
    0xB1,0xCB,0xDE,0x99,0x45,0x7E,0xC1,0xA9,0x40,0x0B,0x45,0x40,0x49,0xC2,0xB0,0x00,
    0x00,0x10,0x00,0x00,0x11,0x10,0x01,0x17,0xAE,0x4D,0xB4,0x5F,0x17,0xC5,0xF0,0x64,
    0x4A,0xDF,0xBB,0x60,0x04,0x47,0x60,0x45,0xF6,0x03,0x82,0xF0,0x32,0xE0,0x04,0xCB,
    0x12,0xCC,0x71,0x2C,0x31,0x12,0xC2,0x71,0x28,0x00,0x00,0x20,0x00,0x00,0x00,0xA8,
    0x1C,0x0A,0x82,0x50,0x8C,0x2D,0x0A,0x82,0xB0,0xAC,0x2D,0x09,0x42,0x80,0x80,0x2F,
    0x0C,0x02,0xF0,0xB8,0x23,0x09,0x82,0x40,0x90,0x30,0x0C,0xC2,0xE0,0xC4,0x2A,0x0B,
    0x82,0xD0,0xCC,0x10,0x02,0xC3,0xB5,0x70,0x56,0xAD,0xD5,0xDE,0x62,0x49,0x9C,0x00,
    0x21,0x04,0xD3,0xCD,0xFF,0xCD,0xA7,0x8A,0x10,0x5A,0x40,0x05,0xC1,0x42,0xFD,0x51,
    0xF4,0xC6,0x2E,0x60,0x50,0x90,0x32,0x2F,0xF1,0x81,0xD6,0x03,0x27,0xF6,0xCB,0xE8,
    0x4F,0xEC,0x6B,0xC2,0x60,0xAF,0xA1,0x38,0xBC,0x4F,0x36,0xFA,0xF6,0x9C,0x0F,0x44,
    0xBB,0xC9,0x9E,0xD3,0x00,0x60,0x45,0xDD,0x07,0x46,0x19,0x9E,0x20,0x00,0x20,0x19,
    0x00,0x00,0x00,0x00,0x00,0x00,0x00,0x20,0x00,0x01,0x00,0x7E,0xF9,0x04,0xFA,0x00,
    0x1E,0xBE,0x30,0xBE,0xFF,0xB6,0x00,0xB0,0x00,0x07,0x55,0x69,0x00,0x00,0x1C,0x52,
    0x1D,0xC6,0x5D,0xDE,0x0F,0x49,0xE3,0xB7,0x21,0xC9,0xB1,0xB0,0x00,0x00,0x1F,0x15,
    0x81,0xDF,0x50,0xEE,0xFF,0x8A,0x62,0x9F,0xC3,0x2C,0x91,0x78,0x01,0x17,0xC4,0xB1,
    0x7C,0x4A,0x05,0xC1,0x28,0x56,0x18,0x84,0xC1,0x88,0x04,0xC5,0x80,0x01,0xE1,0x1B,
    0xA3,0x78,0xBF,0xB1,0x6C,0xA0,0x21,0x5C,0xAA,0xD3,0x00,0x3D,0x41,0x47,0x48,0x12,
    0x00,0x00,0x00,0x00,0x01,0xC5,0x97,0x4A,0x88,0x00,0x00,0xE1,0x16,0xF0,0x2F,0x9B,
    0x1C,0x00,0x34,0x5F,0x80,0x7E,0x03,0x2B,0xAE,0xD5,0xBD,0x20,0x4B,0xF2,0x43,0x6B,
    0xC7,0x56,0xEF,0xF5,0x00,0x00,0x1A,0x64,0xD7,0x1D,0xA2,0xD0,0xB7,0xB5,0x24,0x00,
    0x2F,0x1C,0x00,0x08,0xDA,0x10,0x3D,0x06,0x50,0xBE,0xF7,0xF4,0xD3,0x00,0x3D,0x3F,
    0xB1,0xCD,0xA0,0x7D,0xAE,0x2B,0x48,0x12,0x00,0xFF,0xA7,0x14,0x01,0x88,0x2B,0xFD,
    0xE6,0x33,0xEB,0xA3,0x04,0x5B,0xD4,0xFD,0x96,0x08,0xEA,0x68,0xAC,0x14,0x4F,0xA1,
    0x0D,0xF5,0xD6,0x48,0x12,0x00,0x76,0xD1,0x9A,0xA6,0x13,0xFF,0xD7,0x26,0xB5,0x67,
    0x2D,0x16,0x9A,0xA6,0xCB,0x45,0x19,0xFF,0xAA,0x53,0xE8,0x00,0xE9,0xF6,0x33,0xD3,
    0x00,0x3D,0x3F,0xB6,0x0D,0xA0,0x7C,0x7E,0x17,0x48,0x12,0x00,0xFF,0x8D,0xE2,0x97,
    0x00,0x17,0xFE,0xC8,0x39,0x94,0xCA,0x05,0xF0,0x62,0xFF,0x37,0x07,0x23,0x89,0x64,
    0x12,0x2F,0xA1,0x0D,0x2B,0xD6,0x48,0x12,0x00,0xB6,0xCD,0xE5,0x69,0xCA,0x00,0x4A,
    0x26,0x09,0xB5,0x0D,0x18,0x42,0x24,0x8B,0x2F,0x64,0xFF,0xA6,0x0E,0x06,0x00,0xA7,
    0x8C,0xF7,0xD3,0x00,0x3F,0x41,0x69,0x13,0x68,0x68,0x6B,0xEE,0x15,0x31,0x00,0x3F,
    0xFC,0xE3,0xFF,0xB5,0x7D,0x97,0xB7,0x74,0x68,0x44,0x80,0xC4,0x6F,0x43,0xC6,0xF8,
    0x00,0x76,0xA1,0x80,0x40,0x06,0xA8,0x13,0x6B,0x65,0x31,0x0F,0xFF,0x44,0xFF,0x12,
    0x81,0x0F,0xFE,0xF2,0x8B,0x81,0x3F,0xF1,0x8C,0xF1,0xE7,0xFC,0x7E,0x7F,0xFC,0x5E,
    0x00,0x6C,0x1F,0x00,0x3C,0x9A,0xFD,0xD3,0x00,0x40,0x41,0x21,0xC7,0x1C,0x00,0xBD,
    0x05,0x1C,0xC4,0x00,0x3F,0x01,0x6C,0xE9,0xAF,0x91,0x01,0x10,0x0C,0x28,0x62,0x1C,
    0x0E,0x5F,0x62,0x4A,0xC8,0x80,0xB3,0xBA,0x11,0x79,0x2C,0xD9,0x5D,0xDA,0x35,0x88,
    0xE6,0x20,0x06,0x88,0x4A,0x83,0x2A,0x03,0xFF,0x7C,0x23,0x43,0x97,0x82,0x18,0x6C,
    0x23,0x47,0x65,0x0D,0xFF,0xF8,0xC4,0x09,0x70,0x20,0xAF,0x56,0x4E,0xD3,0x00,0x13,
    0x3E,0xDD,0x07,0x03,0xBA,0xEF,0x51,0x88,0x02,0x8A,0x37,0x03,0x11,0xD5,0x09,0x7B,
    0xA5,0xF6,0xC0,0xAE,0x84,0x30,0xD3,0x00,0xEA,0x43,0x5D,0x07,0x46,0x19,0xAD,0xC2,
    0x00,0x20,0x05,0x15,0x29,0x86,0x00,0x00,0x00,0x00,0x20,0x00,0x01,0x00,0x57,0x5D,
    0xF6,0x8A,0xAC,0x9C,0x84,0x86,0x96,0x92,0xA2,0xA6,0x94,0xA0,0x00,0x00,0x00,0x00,
    0x00,0x15,0xE3,0xC4,0xB5,0xD8,0xD1,0x36,0x15,0x5C,0x58,0xA4,0x39,0xAA,0xDF,0x81,
    0xEE,0x0D,0x18,0x4E,0x00,0x2E,0x7D,0xA9,0xED,0xF0,0x32,0x7E,0xFC,0xFA,0x52,0x0C,
    0xA8,0x1C,0x05,0x1B,0x6B,0xB8,0x3D,0xC6,0x4D,0xDC,0x67,0xEE,0x99,0x5C,0x44,0x02,
    0x97,0x03,0x8A,0xE0,0x39,0x36,0x43,0x0B,0x49,0xF7,0xFE,0x9F,0xE0,0x53,0xC5,0x1A,
    0x5D,0x1F,0xAD,0xDA,0x3C,0x3C,0xDB,0x75,0xCF,0x83,0xC1,0x4A,0x3A,0xF0,0x00,0x00,
    0x01,0x78,0x55,0x41,0xB3,0xB7,0x9E,0xAF,0xB1,0xA0,0x3B,0x8A,0x20,0xF3,0xC7,0x61,
    0x3A,0x46,0x20,0xF6,0x9E,0x9F,0xDF,0xA9,0x60,0x53,0x56,0xFF,0x25,0x98,0xFF,0x81,
    0x93,0x9F,0x60,0x55,0x3F,0x3F,0x62,0x1F,0x6E,0xF4,0x71,0x78,0x01,0x17,0xD8,0x13,
    0x2C,0x97,0x10,0xC4,0xB4,0x03,0xC3,0x60,0x27,0x2C,0xDC,0x5F,0x25,0x39,0x08,0x00,
    0x17,0x83,0x61,0x58,0x5C,0x18,0x05,0xE1,0x60,0x62,0x17,0x04,0x81,0x50,0x40,0x13,
    0x05,0xA1,0x58,0x5A,0x1C,0xA4,0xFB,0xD4,0x74,0x43,0xE5,0x3C,0x0D,0xC0,0x50,0x70,
    0x95,0xB0,0xB7,0xBF,0xA5,0xFF,0x96,0x7E,0x09,0xF3,0x85,0xEB,0x3B,0xC5,0x30,0x71,
    0x60,0x9B,0x40,0x28,0x5C,0x66,0xD3,0x00,0xDC,0x44,0x9D,0x07,0x46,0x19,0xAD,0xC2,
    0x00,0x20,0x0C,0x78,0x10,0x00,0x08,0x00,0x00,0x00,0x20,0x00,0x01,0x00,0x7F,0xFF,
    0xA7,0x2F,0xA8,0x28,0xA5,0xAC,0x2F,0x29,0x00,0x00,0x00,0x00,0x5F,0xC5,0x45,0x81,
    0xC3,0x3E,0xCB,0xAD,0xBB,0x3B,0x81,0x65,0xEF,0x67,0xD8,0xC0,0xB5,0x00,0xCE,0x0F,
    0xD0,0x40,0xFF,0x44,0x75,0x2B,0x2F,0x56,0x99,0x76,0x03,0x6F,0x80,0x6F,0x1E,0xF0,
    0x79,0xF4,0x07,0xF7,0xF8,0xB7,0x7C,0xF9,0x87,0x7F,0xB8,0x6A,0x7C,0x8A,0xB3,0xA8,
    0xAD,0x7B,0x6C,0xCE,0x0E,0xCC,0xBF,0xE6,0xAE,0xA6,0x70,0x96,0x40,0x00,0x00,0x7E,
    0x33,0xCC,0x40,0x00,0x00,0x40,0x00,0x00,0x40,0x00,0x00,0x08,0xF6,0xDF,0xC0,0x00,
    0x00,0x7E,0xB1,0x8D,0x40,0x00,0x00,0x02,0x6A,0x8A,0xC0,0x00,0x00,0x03,0x1F,0x5E,
    0xC0,0x00,0x00,0x7C,0x07,0x97,0xC0,0x00,0x00,0x7A,0x8B,0xCD,0x00,0x11,0x28,0x00,
    0x00,0x00,0x11,0x28,0x01,0x12,0x80,0x11,0x28,0x01,0x60,0x00,0x07,0x48,0x00,0xD4,
    0x80,0x00,0x54,0x19,0x02,0xE0,0xC0,0x58,0x17,0x85,0xA1,0x78,0x50,0x16,0x85,0x01,
    0x50,0x3E,0x11,0x05,0x81,0x88,0x0C,0xF3,0x24,0xCB,0xD6,0xF7,0xD6,0xDE,0xD7,0xEE,
    0x52,0x21,0x59,0x85,0x22,0xF3,0x1F,0xF0,0x53,0xD3,0xFB,0xD8,0xE7,0xBE,0x20,0x3B,
    0x1E,0x26,0xBE,0xFE,0x80,0xE1,0xB9,0xAD,0xD3,0x01,0xAF,0x46,0x7D,0x07,0x46,0x18,
    0xD3,0x02,0x00,0x20,0x03,0xE6,0x80,0xFA,0xC3,0x70,0x00,0x00,0x20,0x00,0x01,0x00,
    0x55,0x55,0x7B,0xFF,0xFE,0xB0,0x31,0x2F,0x10,0xB0,0xCF,0x2A,0x30,0x0A,0xAA,0xEB,
    0x29,0x69,0x6A,0xCA,0xC9,0x8F,0x0F,0xC9,0x4B,0x4B,0x20,0x00,0x00,0x00,0x00,0x00,
    0x00,0x00,0x00,0x00,0x01,0xD0,0x32,0xE6,0x94,0x2B,0xEF,0x5E,0xCA,0x5D,0x69,0x10,
    0x3E,0x61,0x6B,0xC7,0x64,0x64,0x0B,0x0A,0x28,0x43,0xD3,0x33,0x10,0xEA,0xAA,0x7D,
    0x8C,0x08,0xCF,0xF7,0xBF,0x70,0x02,0x81,0xFD,0x28,0x3B,0x1F,0x68,0x7D,0xC7,0xEF,
    0xB8,0x0C,0x9F,0xC4,0x83,0x5D,0xEF,0x4F,0xC4,0x40,0xA0,0x7F,0xC9,0xF6,0xD7,0xED,
    0xC0,0xFF,0x85,0x28,0x6B,0xFD,0x24,0x92,0x98,0x0C,0xAB,0xDC,0x6C,0xAF,0x95,0x67,
    0x3E,0xDB,0x71,0xDA,0x2C,0x24,0x81,0x13,0xBA,0x8B,0x9B,0x50,0x7B,0x90,0x21,0xF9,
    0x1A,0x6F,0xD8,0x2F,0x02,0xF3,0x7E,0x28,0x9A,0xE3,0x64,0xF0,0x32,0xA7,0xDE,0x1F,
    0x5D,0xDE,0x04,0x58,0xC0,0xC1,0x89,0xAC,0xE5,0x31,0x18,0x64,0xC3,0x05,0x09,0x9E,
    0x48,0x10,0xBA,0x35,0x4B,0x9F,0x38,0x38,0x0B,0x2F,0x83,0x9B,0x7E,0xE3,0x04,0x22,
    0xE4,0x21,0xA4,0x68,0x50,0x00,0x00,0x00,0x2F,0xF4,0x3F,0x27,0xD8,0x1E,0x30,0x47,
    0xFF,0xB2,0x56,0x5F,0x58,0x4A,0xE1,0x36,0x06,0x5E,0xE5,0x0B,0xBF,0x1A,0xC0,0xBE,
    0x36,0xE6,0x9E,0x7C,0x08,0x1F,0x91,0x46,0x80,0xB1,0x1A,0xA0,0xD8,0x7E,0x40,0xD4,
    0x8C,0xE0,0xEB,0x48,0xFF,0x74,0x29,0xBF,0xAC,0xB4,0xFD,0xFE,0x50,0x5E,0x57,0x20,
    0x61,0x50,0xED,0x01,0xB9,0x5F,0xC1,0x21,0xF4,0xA1,0x4E,0x63,0x1E,0x95,0x03,0xFE,
    0xBD,0x6D,0xFE,0x0A,0x4D,0xFE,0x48,0xD1,0x90,0x00,0x00,0x10,0x00,0x00,0x11,0x10,
    0x01,0x17,0xAE,0x6D,0xBC,0x5F,0x17,0xC5,0xF0,0x64,0x4A,0xDF,0xBB,0x67,0x4C,0x47,
    0x60,0x45,0xF6,0x03,0x82,0xF0,0x32,0xE7,0x44,0xCB,0x12,0xCC,0x71,0x2C,0x31,0x12,
    0xC2,0x71,0x28,0x00,0x00,0x20,0x00,0x00,0x00,0xA8,0x1C,0x0A,0x42,0x50,0x8C,0x2D,
    0x0A,0x82,0xB0,0xAC,0x2D,0x09,0x42,0x80,0x80,0x2E,0x0C,0x02,0xF0,0xB4,0x23,0x09,
    0x82,0x50,0x8C,0x30,0x0C,0xC2,0xE0,0xC4,0x2A,0x0B,0x82,0xE0,0xCC,0x0F,0x02,0xC3,
    0xB4,0x01,0x2C,0x32,0x42,0x5E,0x17,0x08,0x07,0xFE,0xF2,0x02,0x79,0xC1,0x3F,0xD8,
    0x27,0xB0,0x40,0x24,0xC0,0x3D,0xC3,0x36,0x7F,0x1F,0xFC,0x90,0x37,0x94,0x66,0xA8,
    0x6F,0x90,0x3D,0xE2,0x2B,0x03,0xF8,0xF5,0x18,0xE8,0x8B,0xDF,0xAB,0xC0,0x48,0xAC,
    0xB1,0x30,0x5C,0x42,0xF7,0xFB,0x0B,0x55,0x0B,0x9A,0xC8,0xBE,0x48,0xD3,0x00,0x60,
    0x45,0xDD,0x07,0x46,0x19,0xAD,0xC0,0x00,0x20,0x19,0x00,0x00,0x00,0x00,0x00,0x00,
    0x00,0x20,0x00,0x01,0x00,0x7E,0xF9,0x04,0xFA,0x00,0x1E,0xBE,0x30,0xBE,0xFF,0xB6,
    0x00,0xB0,0x00,0x05,0x49,0xAF,0x00,0x00,0x1D,0x80,0x4F,0xD9,0x21,0xBE,0x1A,0x77,
    0xE3,0xC6,0x01,0x47,0xD6,0x90,0x00,0x00,0x1F,0x60,0x96,0x1F,0x9C,0x06,0x1F,0x8A,
    0x8A,0x7F,0xC3,0x5C,0xD1,0x79,0xD3,0x17,0xC4,0xB1,0x7C,0x4A,0x05,0xA1,0x30,0x56,
    0x18,0x84,0xC1,0x88,0x05,0x01,0x80,0x01,0xD2,0x3B,0x9E,0x60,0xB3,0xE1,0x58,0x40,
    0x01,0xB5,0xD4,0xD3,0x00,0x40,0x41,0x24,0x07,0x1C,0x1C,0x25,0x85,0x1C,0xC4,0x00,
    0x3F,0xC2,0x2E,0x05,0xB6,0xCA,0x07,0xB7,0xFC,0x1E,0xBA,0x95,0x27,0x36,0xBB,0xED,
    0xFD,0x81,0x8D,0x2E,0xFA,0x0C,0x11,0xF9,0x5D,0xC1,0xED,0x08,0xE6,0x20,0x00,0x03,
    0x09,0xE9,0xD1,0xF4,0x01,0xB7,0x27,0x25,0x56,0x80,0xF8,0xE2,0xA9,0x01,0xDC,0x6A,
    0x7F,0xFA,0xDA,0xFE,0x50,0xBC,0xC1,0x0D,0x4A,0xD3,0x00,0x40,0x41,0x27,0x07,0x1C,
    0x1D,0xBA,0x85,0x1C,0xC4,0x00,0x00,0x12,0xBC,0x0F,0x15,0x85,0x0F,0xDA,0x40,0x56,
    0x21,0xE6,0x2B,0x2A,0x47,0xEF,0x50,0x80,0x05,0x4F,0x8B,0x82,0xE9,0xD4,0xA2,0xA1,
    0xBE,0xA8,0xE6,0x2F,0xFF,0x88,0xE6,0xFD,0x44,0x4F,0xFF,0xFD,0x27,0x35,0xF5,0x12,
    0x13,0x38,0x5D,0xD9,0xE8,0x27,0x3F,0xEC,0x8C,0xFD,0xCF,0x70,0xEA,0x02,0x59,0xD3,
    0x00,0x40,0x41,0x21,0x87,0x1C,0x1C,0x28,0x85,0x1C,0xC4,0x00,0x00,0x1D,0x10,0xE8,
    0xA6,0x9A,0x07,0xB6,0xBA,0x20,0xC0,0xCA,0x09,0x22,0x05,0xED,0x96,0x80,0xF7,0xDF,
    0x9B,0x0C,0x3F,0x99,0x5C,0xF5,0x79,0x68,0xE6,0x20,0x00,0x8B,0x0A,0xF5,0xA5,0xD4,
    0x01,0xDD,0x26,0x86,0xA4,0x67,0xF8,0x12,0xE1,0xCC,0x6F,0xB4,0x3F,0xFA,0xB5,0x45,
    0x9F,0xC8,0xF5,0xFA,0x43,0xD3,0x00,0x40,0x41,0x22,0x87,0x1C,0x00,0xEC,0x05,0x1C,
    0xC4,0x00,0x3F,0xD0,0xFE,0xF4,0xC8,0x20,0x00,0xFF,0x04,0x29,0x89,0xEF,0x60,0x9C,
    0xF8,0x46,0xAF,0x82,0x55,0x86,0xFB,0xF9,0xC5,0xD9,0x5D,0x02,0x52,0x68,0xE6,0x20,
    0x07,0x60,0x49,0x8C,0x6E,0x6B,0xFF,0x73,0x23,0x5A,0x18,0x53,0x17,0x83,0x66,0xC0,
    0x67,0xC3,0x3F,0xF8,0xB6,0x84,0x10,0x74,0xE3,0x33,0x51,0xD3,0x00,0x40,0x41,0x2A,
    0x87,0x1C,0x03,0x4D,0x05,0x1C,0xC4,0x00,0x00,0x42,0xFD,0xAA,0xC6,0x72,0x08,0x07,
    0x68,0x50,0x53,0x0C,0x7D,0xB7,0x08,0x02,0xF2,0x00,0x5E,0x70,0xEE,0x87,0xD9,0x14,
    0xA2,0x9F,0x59,0xC8,0xE6,0x2F,0xFF,0xCE,0x39,0xEA,0x26,0xBC,0x00,0x3C,0x27,0x95,
    0x0D,0x9E,0x0D,0x36,0xB4,0x91,0x49,0xC4,0x3F,0xED,0xA0,0xAC,0x1B,0x04,0xAA,0x29,
    0x41,0xD3,0x00,0x13,0x3E,0xDD,0x07,0x03,0xBA,0xEF,0x51,0x86,0x93,0x8A,0x37,0x03,
    0x13,0x11,0x09,0x7B,0xA5,0xF7,0x40,0xC2,0xDA,0xCD,0xD3,0x00,0xEA,0x43,0x5D,0x07,
    0x46,0x19,0xBD,0x62,0x00,0x20,0x05,0x15,0x29,0x86,0x00,0x00,0x00,0x00,0x20,0x00,
    0x01,0x00,0x57,0x5D,0xF6,0x8A,0xAC,0x9C,0x84,0x86,0x96,0x92,0xA2,0xA6,0x94,0xA0,
    0x00,0x00,0x00,0x00,0x00,0x15,0xEB,0xC6,0xB7,0x58,0xD1,0x2E,0x11,0x5D,0x58,0x64,
    0x21,0xAC,0xE0,0x01,0xEC,0x0D,0x10,0x4E,0x00,0x2E,0x7D,0xA9,0xED,0xF0,0x32,0x7E,
    0xFC,0xFA,0x52,0x0C,0xA8,0x1C,0x02,0x8C,0xFE,0x25,0x3E,0x38,0x54,0x3D,0x88,0xF0,
    0xDE,0x59,0x4B,0xFC,0x35,0xE3,0xF3,0xA6,0x3F,0xA7,0x79,0x2F,0x6C,0x32,0xBA,0x43,
    0x7D,0xA6,0x4A,0x60,0xE5,0x5E,0xDA,0x3C,0x6A,0xD9,0x0F,0x29,0x93,0x38,0x40,0xA7,
    0xB9,0x50,0x00,0x00,0x1D,0xFC,0x97,0x3E,0x37,0xF7,0x1F,0xF0,0xB1,0x20,0x21,0xFF,
    0xC1,0x0D,0x8A,0x61,0x54,0x0C,0x1E,0x76,0xF0,0x00,0xC6,0xF2,0xE1,0x3A,0x99,0x21,
    0x35,0x1A,0x01,0x91,0x15,0xA0,0xE7,0x30,0xDE,0x4E,0x3F,0x1E,0x7D,0xD0,0x71,0x78,
    0x01,0x17,0xD8,0x13,0x2C,0x97,0x10,0xC4,0xB4,0x03,0xC3,0x60,0x27,0xAC,0xE4,0x5F,
    0x25,0x39,0x08,0x00,0x17,0x83,0x61,0x58,0x5C,0x18,0x05,0xE1,0x68,0x62,0x17,0x84,
    0x81,0x50,0x40,0x13,0x85,0xA1,0x50,0x5A,0x04,0xBC,0x02,0x79,0x6E,0x10,0xD8,0x63,
    0xFE,0xC4,0x2E,0x98,0x12,0xB0,0x02,0x5D,0xF9,0x7C,0x7C,0xF4,0xF9,0xEB,0x17,0xC9,
    0xFF,0xA7,0x60,0x0E,0x30,0x0A,0x20,0x0B,0xEC,0xEA,0xD3,0x00,0xDC,0x44,0x9D,0x07,
    0x46,0x19,0xBD,0x62,0x00,0x20,0x0C,0x78,0x10,0x00,0x08,0x00,0x00,0x00,0x20,0x00,
    0x01,0x00,0x7F,0xFF,0xA7,0x2F,0xA8,0x28,0xA5,0xAC,0x2F,0x29,0x00,0x00,0x00,0x00,
    0x5F,0xC5,0x35,0x7F,0xC3,0xBE,0xCB,0xBD,0xBD,0x3A,0x81,0x65,0xEF,0x67,0xD8,0xA0,
    0xB5,0x00,0xCE,0x0F,0xD0,0x40,0xFF,0x44,0x1C,0x2B,0x41,0xC5,0x91,0x01,0x8E,0xA8,
    0x3A,0x4B,0x9A,0x1D,0x11,0xA7,0x4D,0x86,0xFD,0xE8,0x6F,0x50,0x1D,0xE5,0xD1,0xD0,
    0xDE,0x79,0x51,0xBF,0x95,0x78,0x1E,0x4A,0x79,0xE3,0x1F,0x94,0x4F,0x71,0x4C,0x1A,
    0x40,0x00,0x00,0x07,0xF0,0x51,0xC0,0x00,0x00,0x40,0x00,0x00,0x40,0x00,0x00,0x07,
    0xC4,0xB4,0xC0,0x00,0x00,0x02,0x79,0x8E,0xC0,0x00,0x00,0x08,0x04,0xA6,0xC0,0x00,
    0x00,0x7E,0xC0,0x22,0x40,0x00,0x00,0x08,0x60,0x71,0xC0,0x00,0x00,0x05,0xF9,0xFC,
    0x00,0x11,0x28,0x00,0x00,0x00,0x11,0x28,0x01,0x12,0x80,0x11,0x28,0x01,0x60,0x00,
    0x07,0xC8,0x00,0xD5,0x00,0x00,0x56,0x19,0x02,0xE0,0xB8,0x5A,0x17,0x85,0xA1,0x78,
    0x50,0x16,0x85,0x01,0x50,0x3E,0x11,0x05,0x61,0x88,0x09,0x34,0x1A,0xF9,0xCB,0x58,
    0x9F,0xA9,0x0F,0xF2,0x7E,0xA0,0x5C,0x42,0x4C,0xEF,0x90,0xE8,0x07,0xBE,0x2B,0xA2,
    0x87,0x58,0xCF,0x0D,0x3C,0xFD,0xBB,0x98,0x00,0xBA,0x01,0xED,0xD3,0x01,0xB9,0x46,
    0x7D,0x07,0x46,0x18,0xE2,0xA2,0x00,0x20,0x03,0xE6,0x80,0xFA,0xC3,0x70,0x00,0x00,
    0x20,0x00,0x01,0x00,0x55,0x55,0x7B,0xFF,0xFE,0xF0,0x31,0x2F,0x10,0xB0,0xCF,0x2A,
    0x30,0x0A,0xAA,0xEB,0x29,0x69,0x6A,0xCA,0xC9,0x8F,0x0F,0xC9,0x4B,0x4B,0x20,0x00,
    0x00,0x00,0x00,0x00,0x00,0x00,0x00,0x00,0x01,0xCF,0xB3,0x06,0x94,0x29,0xEF,0xDE,
    0xCA,0x65,0x67,0x0F,0xBE,0x21,0x6B,0xC7,0x65,0x63,0xCA,0xFA,0x2A,0x43,0xD3,0x13,
    0x08,0xEE,0xAB,0x7D,0x8C,0x08,0xCF,0xF7,0xBF,0x70,0x02,0x81,0xFD,0x28,0x3B,0x1F,
    0x67,0xFD,0xC7,0xEF,0xB8,0x0C,0x9F,0xC4,0x83,0x5D,0xEF,0x4F,0xC4,0x40,0xA0,0x7F,
    0xC9,0xF6,0xD7,0xED,0xA0,0xFF,0x85,0x2A,0x59,0x11,0x23,0xE9,0xC5,0xD2,0x74,0x5C,
    0xA5,0x4F,0xAD,0x84,0xF9,0xDF,0xFC,0x76,0xB0,0x63,0xDC,0x05,0xC1,0x32,0x7B,0xB7,
    0x03,0xC8,0x9B,0xBC,0x9A,0xB6,0x2F,0x90,0xFC,0x6D,0x81,0xC0,0x46,0xDA,0xE5,0x39,
    0xAA,0xB4,0x20,0xE0,0x7A,0x09,0xEB,0x3E,0xA7,0x4B,0xE7,0x79,0x26,0xA6,0xBE,0x7B,
    0xF6,0x83,0x7B,0x9A,0x2F,0x18,0xFA,0x1F,0x4D,0x9E,0x0B,0x3F,0xFF,0x8C,0x03,0x4E,
    0x9A,0xB6,0x7A,0x65,0x8D,0x26,0x45,0xAE,0x15,0x7F,0xA1,0x00,0x00,0x01,0xF4,0x60,
    0x07,0xF3,0x68,0x57,0xE8,0xFA,0x71,0xE7,0x2B,0x64,0x1C,0xA1,0xBE,0x10,0xC2,0x63,
    0xEF,0xEB,0x05,0xF3,0x46,0x75,0xF1,0x76,0x37,0xF5,0xC8,0x72,0x0E,0xE9,0x27,0xF0,
    0xFB,0x91,0xF3,0x71,0xBB,0xEB,0x4A,0x29,0xEC,0xB5,0xFA,0x02,0x3E,0x24,0x05,0xC6,
    0xC3,0xF7,0x5D,0x59,0xFC,0xEA,0x8C,0x1A,0xE0,0x4A,0x21,0x67,0x70,0x0B,0xE1,0xAC,
    0x0E,0xA8,0xAB,0xE9,0x06,0x5F,0xEB,0x8D,0x10,0x00,0x91,0x6E,0x04,0x79,0x8F,0x00,
    0x00,0x01,0x00,0x00,0x01,0x00,0x00,0x01,0x11,0x00,0x11,0x7A,0xE6,0xDB,0xC5,0xF1,
    0x7C,0x5F,0x06,0x44,0xAD,0xFB,0xB6,0x7C,0xC4,0x76,0x04,0x5F,0x60,0x38,0x2F,0x03,
    0x30,0x7C,0x4C,0xB1,0x2C,0xC7,0x12,0xC3,0x11,0x2C,0x27,0x12,0x80,0x00,0x00,0x00,
    0x80,0x00,0x00,0x05,0x50,0x36,0x15,0x04,0xC1,0x18,0x5A,0x15,0x05,0x61,0x58,0x5A,
    0x13,0x05,0x01,0x08,0x5E,0x18,0x05,0xE1,0x70,0x46,0x13,0x84,0xC1,0x18,0x60,0x19,
    0x85,0xE1,0x88,0x54,0x17,0x85,0xA1,0x98,0x20,0x0A,0x01,0x81,0xB3,0x48,0x9A,0x38,
    0x96,0x3E,0x05,0xA1,0x98,0x7B,0xE0,0xF9,0x8E,0x23,0x61,0xD3,0x4F,0xAD,0xCF,0x8F,
    0x6E,0xFD,0x00,0xC1,0xFD,0xB7,0xFA,0x80,0x0F,0x64,0x1E,0x2B,0xFA,0x57,0xB8,0x4F,
    0x80,0x00,0x31,0x77,0x73,0x6E,0x39,0xE0,0x75,0xC1,0xEC,0x0C,0xF0,0x31,0x62,0x2D,
    0x64,0x3E,0xC5,0x37,0x07,0xAF,0xCF,0x0A,0x6F,0x04,0x4B,0xD3,0x00,0x60,0x45,0xDD,
    0x07,0x46,0x19,0xBD,0x60,0x00,0x20,0x19,0x00,0x00,0x00,0x00,0x00,0x00,0x00,0x20,
    0x00,0x01,0x00,0x7E,0xF9,0x04,0xFA,0x00,0x1E,0xBE,0x30,0xBE,0xFF,0xB6,0x00,0xA8,
    0x00,0x03,0x44,0x85,0x00,0x00,0x1E,0xAD,0x43,0xEB,0xC6,0x1E,0x23,0xEB,0xE3,0xC1,
    0x00,0xC5,0x98,0xF0,0x00,0x00,0x1F,0xAB,0x31,0x1F,0xE6,0xA2,0xBF,0x8A,0x4E,0xDF,
    0xC3,0x1B,0x11,0x79,0xF3,0x17,0xC4,0xB1,0x7C,0x4A,0x05,0xA1,0x38,0x54,0x18,0x84,
    0xC1,0x88,0x7D,0xCF,0x80,0x00,0x4D,0xC0,0x91,0x60,0x29,0x10,0x4E,0x40,0xA3,0x43,
    0xA5,0xD3,0x00,0x3F,0x41,0x62,0xD3,0x68,0x66,0x6B,0xED,0x41,0x2F,0xC0,0x00,0x3B,
    0x66,0x09,0x15,0x09,0xFB,0xB7,0x10,0x6B,0x54,0xAE,0x21,0xBC,0xE7,0xC4,0xC4,0x01,
    0x27,0x7C,0x3C,0x3F,0xAE,0xA8,0x13,0x53,0x71,0x2F,0xC0,0x01,0x65,0x00,0x47,0x14,
    0x5F,0xFF,0x92,0x89,0x78,0xAD,0xE1,0x8D,0x62,0xBA,0xE5,0xE7,0xCF,0xFC,0x53,0xFF,
    0x23,0xC3,0x00,0xAC,0xA6,0xB1,0xD3,0x00,0x40,0x41,0x23,0x87,0x1C,0x03,0x0E,0x85,
    0x1C,0xC4,0x00,0x00,0xFF,0x63,0x35,0x78,0x7E,0x00,0x08,0xDC,0x50,0xE8,0xAF,0x25,
    0x32,0x50,0x03,0x54,0x80,0x59,0x07,0xE2,0x07,0xEC,0x94,0xA2,0xA0,0x67,0x28,0xE6,
    0x20,0x00,0x36,0x3A,0x26,0xD6,0xAC,0x00,0x2F,0x27,0x92,0x26,0x1C,0x0D,0x3C,0x3C,
    0x3A,0x1D,0x79,0x7F,0xED,0x98,0x84,0xC0,0x58,0x4F,0x9C,0xE8,0xD3,0x00,0x40,0x41,
    0x29,0xC7,0x1C,0x1C,0x70,0x05,0x1C,0xC4,0x00,0x3F,0xFE,0xF4,0xFF,0x92,0x14,0x0F,
    0xB4,0xAE,0x20,0x1E,0xD2,0xD8,0x6C,0xFD,0xED,0x2A,0x00,0xD9,0x70,0x22,0x8A,0x80,
    0xB9,0x5C,0xCB,0x3C,0xA8,0xE6,0x2F,0xFD,0xA2,0xFE,0x6B,0x59,0x8C,0x02,0x0A,0x27,
    0x2C,0xE0,0xCB,0xFB,0xE9,0x22,0xE7,0x8F,0x3B,0xBF,0xFA,0xAF,0x44,0x61,0x18,0xB5,
    0x14,0xC8,0xD3,0x00,0x40,0x41,0x22,0x47,0x1C,0x1C,0x00,0x15,0x1C,0xC4,0x00,0x3F,
    0x39,0x54,0x46,0x45,0x9E,0x07,0xC2,0x4A,0x1F,0x70,0x7B,0x98,0x7F,0xE9,0xF0,0x8B,
    0x02,0xD5,0x46,0xD5,0x8D,0x84,0xB9,0x5D,0x01,0x20,0x48,0xE6,0x20,0x00,0x8F,0x12,
    0x27,0x4A,0x3C,0x01,0x13,0x26,0xB8,0x81,0xD9,0xF5,0xA8,0x68,0x88,0x88,0x83,0x3F,
    0xFA,0xD6,0x04,0xA0,0x9C,0xE3,0xF1,0x81,0xD3,0x00,0x40,0x41,0x26,0x87,0x1C,0x1E,
    0x73,0x85,0x1C,0xC4,0x00,0x3F,0xE8,0xEA,0xEE,0x5D,0x52,0x08,0x13,0xAA,0x58,0x70,
    0x1E,0x5E,0xA4,0x16,0x08,0x1A,0x80,0x2F,0x18,0xD4,0x0C,0x2F,0xF4,0xA2,0xA0,0x20,
    0x88,0xE6,0x2F,0xFF,0xF7,0x8C,0x36,0xAC,0xD7,0xFF,0xEF,0x26,0x98,0xB5,0x99,0x07,
    0x90,0x05,0x1D,0xE9,0x1F,0xFF,0xED,0x8D,0x3D,0x7F,0x5C,0xF7,0x94,0xC8,0xD3,0x00,
    0x13,0x3E,0xDD,0x07,0x03,0xBA,0xEF,0x51,0x85,0x80,0x8A,0x37,0x03,0x14,0x80,0x09,
    0x7B,0xA5,0xF8,0x00,0x61,0xA8,0xE6,0xD3,0x00,0xEA,0x43,0x5D,0x07,0x46,0x19,0xCD,
    0x02,0x00,0x20,0x05,0x15,0x29,0x86,0x00,0x00,0x00,0x00,0x20,0x00,0x01,0x00,0x57,
    0x5D,0xF6,0x8A,0xAC,0x9C,0x84,0x86,0x96,0x92,0xA2,0xA6,0x94,0xA0,0x00,0x00,0x00,
    0x00,0x00,0x15,0xF3,0xCA,0xB8,0x58,0xD1,0x26,0x0D,0x5D,0xD8,0x24,0x11,0xB0,0xE0,
    0x01,0xEA,0x0D,0x10,0x4D,0xC0,0x2D,0xFD,0xA7,0xED,0xE8,0x32,0x5E,0xFC,0x7A,0x4E,
    0x0C,0xA0,0x1B,0xFF,0xF9,0xEF,0x93,0x20,0xBA,0x4E,0x67,0xA9,0x81,0xA3,0x56,0x51,
    0xF6,0x07,0x84,0x52,0xE6,0x45,0xA3,0x5F,0x2B,0xC2,0x6B,0x18,0x87,0x12,0x71,0xCD,
    0xAB,0xDD,0x94,0x81,0x9D,0x9F,0x65,0x55,0xAA,0x56,0x8E,0xC0,0x03,0x8B,0x30,0x00,
    0x00,0x1E,0x7F,0x1D,0xBE,0xBA,0x84,0x41,0x30,0x3D,0x00,0x06,0xF2,0xA1,0x25,0x95,
    0xA1,0x6C,0x1D,0x3F,0xF5,0x83,0x01,0xAC,0x5B,0x02,0x20,0x0A,0x9F,0x42,0xA5,0x7F,
    0x9E,0xAB,0xBE,0x6C,0x82,0x41,0x5B,0x97,0x81,0x8B,0x2E,0x51,0x78,0x01,0x17,0xD8,
    0x13,0x2C,0x97,0x10,0xC4,0xB4,0x03,0xC3,0x60,0x28,0x0C,0xE4,0x5F,0x25,0x39,0x08,
    0x00,0x17,0x83,0x61,0x58,0x5C,0x17,0x85,0xE1,0x68,0x62,0x17,0x04,0x81,0x50,0x42,
    0x13,0x85,0xA1,0x58,0x5A,0x03,0x3D,0x3E,0xE5,0x0F,0x24,0x1E,0x2D,0xF2,0xC0,0x0E,
    0xA7,0x9B,0x4F,0x64,0xDC,0xBA,0x37,0x03,0xF0,0x6C,0x1F,0x62,0x4B,0x03,0x8B,0x57,
    0xC6,0x2F,0xCD,0x20,0x4E,0x13,0xC4,0xD3,0x00,0xDC,0x44,0x9D,0x07,0x46,0x19,0xCD,
    0x02,0x00,0x20,0x0C,0x78,0x10,0x00,0x08,0x00,0x00,0x00,0x20,0x00,0x01,0x00,0x7F,
    0xFF,0xA7,0x2F,0xA8,0x28,0xA5,0xAC,0x2F,0x29,0x00,0x00,0x00,0x00,0x5F,0xE5,0x25,
    0x7D,0xC4,0x3E,0xEB,0xCD,0xC1,0x3A,0x01,0x63,0xEF,0x5F,0xD8,0xA0,0xB4,0x80,0xCC,
    0x0F,0xC8,0x40,0xDF,0x43,0x82,0xF3,0xA8,0x33,0x01,0x8D,0x26,0x90,0xF5,0x32,0x15,
    0x5A,0x39,0x58,0xCE,0x96,0x16,0x99,0x5F,0xA3,0x74,0x41,0x27,0x35,0xA9,0x67,0xBC,
    0x06,0x7B,0xAF,0x0F,0x63,0x48,0xF7,0xAA,0x01,0xDB,0xC0,0x25,0xF8,0x40,0x00,0x00,
    0x01,0xA6,0x39,0x40,0x00,0x00,0x40,0x00,0x00,0x40,0x00,0x00,0x06,0x8C,0x03,0xC0,
    0x00,0x00,0x06,0x3B,0x16,0xC0,0x00,0x00,0x7D,0x98,0x6B,0xC0,0x00,0x00,0x7A,0x59,
    0xFE,0x40,0x00,0x00,0x04,0xB1,0xE8,0x40,0x00,0x00,0x01,0x61,0x76,0x80,0x11,0x28,
    0x00,0x00,0x00,0x11,0x28,0x01,0x12,0x80,0x11,0x28,0x01,0x60,0x00,0x08,0x20,0x00,
    0xD5,0x00,0x00,0x54,0x19,0x02,0xA0,0xB0,0x5A,0x17,0x85,0x81,0x78,0x52,0x16,0x84,
    0xE1,0x50,0x3C,0x11,0x05,0x81,0x90,0x0C,0x0A,0x12,0xA1,0xCE,0x3B,0x5C,0xD6,0xCF,
    0x7D,0x3B,0x41,0x11,0x40,0xC8,0x73,0x48,0xDF,0xB1,0xC9,0xC7,0x7B,0x1F,0x5B,0x4E,
    0x93,0xDD,0xA5,0x39,0xB2,0x80,0x6A,0xF8,0x99,0xD3,0x01,0xB9,0x46,0x7D,0x07,0x46,
    0x18,0xF2,0x42,0x00,0x20,0x03,0xE6,0x80,0xFA,0xC3,0x70,0x00,0x00,0x20,0x00,0x01,
    0x00,0x55,0x55,0x7B,0xFF,0xFE,0xF0,0x31,0x2F,0x10,0xB0,0xCF,0x2A,0x30,0x0A,0xAA,
    0xEB,0x29,0x69,0x6A,0xCA,0xC9,0x8F,0x0F,0xC9,0x4B,0x4B,0x20,0x00,0x00,0x00,0x00,
    0x00,0x00,0x00,0x00,0x00,0x01,0xCF,0x33,0x26,0x94,0x27,0xF0,0x5E,0xAA,0x75,0x65,
    0x0F,0x3D,0xE1,0x73,0xC5,0x65,0xE3,0x8A,0xEA,0x2E,0x43,0xD2,0xF3,0x00,0xF0,0xAC,
    0xFD,0x88,0x08,0xC7,0xF7,0x9F,0x6F,0x02,0x7F,0xFD,0x20,0x3A,0xFF,0x67,0x7D,0xC5,
    0xEF,0xB0,0x0C,0x7F,0xC4,0x03,0x5B,0xEF,0x47,0xC4,0x20,0x9F,0x7F,0xC5,0xF6,0xCF,
    0xED,0x81,0x00,0x05,0x2A,0x45,0xA8,0x23,0x53,0x01,0x97,0xE2,0xFC,0xDC,0x77,0xC5,
    0x41,0x04,0xDA,0x44,0x12,0xE2,0xA3,0x2E,0x6B,0xC7,0x4C,0xBC,0x16,0x34,0x00,0x4A,
    0x20,0x13,0xAB,0x86,0x95,0x05,0xE8,0x3E,0x57,0x94,0xC2,0x5F,0x28,0x22,0x53,0x03,
    0x90,0xBE,0x35,0x6C,0x84,0x7E,0xAE,0x44,0xBC,0xD8,0x16,0x4D,0x92,0xCC,0x01,0xE5,
    0x84,0x15,0xA4,0x3A,0x06,0x63,0x9C,0x68,0xE7,0xF1,0xB4,0x82,0x94,0x46,0xB6,0x99,
    0xA6,0x11,0xBA,0x6C,0x38,0x10,0x9B,0xF3,0x00,0x00,0x01,0xE5,0xA2,0xB7,0xF4,0x35,
    0x87,0xEE,0xD1,0xFA,0x13,0x13,0x08,0x03,0xA1,0x10,0x0E,0x07,0x23,0xF1,0x6B,0x87,
    0xF4,0xC7,0x1B,0xFF,0x5F,0xD8,0x03,0xB2,0x31,0xE4,0xA5,0xA0,0x16,0xCD,0x58,0x19,
    0x43,0xF6,0x09,0x32,0x62,0x0A,0x9E,0x50,0x0D,0x1E,0xBE,0x10,0xA7,0x8A,0x0E,0xBA,
    0x67,0x00,0x00,0x01,0xE0,0x95,0x9D,0xE7,0x1D,0x02,0x05,0x86,0x70,0x08,0x4D,0x9D,
    0xE8,0x9F,0xD9,0xEB,0x26,0x9A,0x20,0x62,0xFA,0x24,0x4B,0x83,0x00,0x00,0x01,0x00,
    0x00,0x01,0x00,0x00,0x01,0x11,0x00,0x11,0x7A,0xE8,0xDB,0xC5,0xF1,0x7C,0x5F,0x06,
    0x44,0xAE,0x03,0xB8,0x82,0x44,0x76,0x04,0x5F,0x60,0x38,0x2F,0x03,0x30,0x00,0x4C,
    0xB1,0x2C,0xC7,0x12,0xC3,0x11,0x2C,0x27,0x12,0x80,0x00,0x00,0x00,0x80,0x00,0x00,
    0x05,0x50,0x38,0x14,0x84,0xC1,0x18,0x5A,0x15,0x05,0x61,0x58,0x5C,0x13,0x05,0x01,
    0x08,0x5E,0x18,0x05,0xE1,0x70,0x46,0x13,0x84,0xA1,0x18,0x60,0x19,0x85,0xE1,0x88,
    0x54,0x17,0x05,0xA1,0x98,0x22,0x09,0x81,0xA0,0x43,0xFC,0x91,0x70,0x27,0xF2,0x0B,
    0x9F,0xBF,0xF8,0x30,0x72,0xAD,0x14,0x9D,0xC5,0xC7,0x92,0x7F,0x01,0x2E,0x16,0xFF,
    0x9E,0xFB,0xC6,0x78,0xF8,0x07,0x9C,0x16,0x87,0xBF,0x3F,0x6F,0x8F,0x23,0x9E,0x4D,
    0x07,0x4A,0x0F,0xFC,0x23,0xCE,0x47,0x73,0xE1,0xD7,0xD0,0x71,0x71,0x43,0x33,0xC3,
    0x2F,0xEC,0x95,0x1E,0x54,0x5C,0x21,0x25,0xD3,0x00,0x60,0x45,0xDD,0x07,0x46,0x19,
    0xCD,0x00,0x00,0x20,0x19,0x00,0x00,0x00,0x00,0x00,0x00,0x00,0x20,0x00,0x01,0x00,
    0x7E,0xF9,0x04,0xFA,0x00,0x1E,0xBE,0x30,0xBE,0xFF,0xB4,0x00,0xA7,0xFF,0xE1,0x30,
    0x77,0x00,0x00,0x1F,0xC1,0x51,0xFD,0xF5,0x1E,0x20,0xAB,0xE3,0x3B,0x00,0x41,0x87,
    0x50,0x00,0x00,0x1F,0xF3,0xE4,0x00,0x2F,0x59,0x5F,0x88,0x30,0x9F,0xC0,0xFD,0xD1,
    0x7A,0x09,0x17,0xC4,0xB1,0x7C,0x4A,0x05,0xA1,0x38,0x54,0x18,0x84,0xC1,0x88,0x76,
    0x58,0x80,0x00,0x2F,0xE4,0x60,0xF7,0xE9,0x0F,0x98,0x80,0x4D,0x76,0x2D,0xD3,0x00,
    0x40,0x41,0x28,0x07,0x1C,0x03,0x6F,0x05,0x1C,0xC4,0x00,0x00,0x13,0xB3,0xB8,0x06,
    0xB1,0x08,0x06,0xEC,0x50,0xD8,0x36,0x6C,0xF6,0x72,0x03,0xB4,0x80,0x27,0xDA,0x78,
    0x07,0xC1,0xF4,0xA2,0x9E,0x20,0xC8,0xE6,0x20,0x00,0x56,0x39,0x47,0x2A,0x13,0xFF,
    0xE3,0x27,0xA0,0xAF,0x70,0x0D,0x71,0x37,0x26,0x2F,0x65,0x7F,0xED,0x9B,0x7B,0x8E,
    0xE0,0x01,0x29,0x2D,0xD3,0x00,0x40,0x41,0x27,0x87,0x1C,0x1D,0xF6,0x85,0x1C,0xC4,
    0x00,0x3F,0xFE,0x64,0xFF,0xD7,0xA2,0x0F,0xD9,0xAC,0x58,0xC4,0x1F,0xE1,0xA6,0xBF,
    0xF0,0x72,0x00,0x21,0x61,0xD1,0x81,0xE9,0x14,0xA2,0x9D,0x83,0x28,0xE6,0x20,0x00,
    0x4C,0xE0,0xAD,0x62,0x80,0x00,0x7C,0x27,0x24,0x2E,0xB0,0x14,0x22,0x07,0xA5,0x44,
    0x90,0xBF,0xEC,0x2A,0x7A,0x7E,0x9C,0xA1,0xE7,0xB1,0xD3,0x00,0x3F,0x41,0x62,0x53,
    0x68,0x68,0x6B,0x08,0xFD,0x31,0x00,0x3F,0xF8,0xB7,0xFF,0xCB,0xEE,0x87,0xFD,0x04,
    0x96,0x10,0x83,0x6F,0x32,0x6B,0xFE,0x2C,0x00,0xCF,0x32,0x8C,0x25,0xEE,0xA8,0x13,
    0x4A,0x11,0x31,0x0F,0xFF,0xDA,0x54,0x86,0x16,0xBF,0xFF,0x62,0x74,0xB4,0x81,0x41,
    0xEC,0x9E,0x80,0xBC,0x7D,0x8F,0xFC,0x15,0x90,0x1C,0x08,0x00,0xF9,0x39,0x0E,0xD3,
    0x00,0x40,0x41,0x26,0x47,0x1C,0x1E,0xCC,0x85,0x1C,0xC4,0x00,0x00,0x22,0xBC,0x13,
    0x47,0x1D,0x08,0x17,0xDC,0x58,0x43,0xA0,0xEA,0xF1,0x4E,0x0A,0x3C,0x00,0x1A,0x2B,
    0x8E,0x0B,0x72,0x94,0xA2,0xA1,0x49,0xE8,0xE6,0x2F,0xFF,0xEF,0x8C,0x1D,0xDD,0xD8,
    0x00,0x16,0x26,0x98,0x2D,0xD7,0x08,0x82,0x84,0xD8,0xFF,0xDF,0x7F,0xED,0x8D,0x00,
    0xF0,0x3C,0x7B,0x0D,0x69,0xD3,0x00,0x40,0x41,0x26,0xC7,0x1C,0x1D,0xD5,0x05,0x1C,
    0xC4,0x00,0x00,0x18,0xFC,0x14,0x4F,0x3E,0x0F,0xD7,0x66,0x55,0x94,0x2E,0x55,0x04,
    0xBF,0xEF,0x18,0x80,0x30,0x2D,0x24,0x02,0xC0,0x54,0xA2,0x9E,0xA2,0x28,0xE6,0x2F,
    0xFE,0xAC,0xE7,0x06,0x6D,0xB8,0x00,0x41,0x27,0x37,0x37,0x8C,0x13,0x64,0x0D,0x62,
    0xF0,0x13,0x3F,0xEC,0x73,0xFD,0xDF,0x74,0x89,0x48,0x4F,0xD3,0x00,0x13,0x3E,0xDD,
    0x07,0x03,0xBA,0xEF,0x51,0x84,0x94,0x8A,0x37,0x03,0x15,0x09,0x09,0x7B,0xA5,0xF8,
    0x09,0xB6,0xAF,0x15,0xD3,0x00,0xEA,0x43,0x5D,0x07,0x46,0x19,0xDC,0xA2,0x00,0x20,
    0x05,0x15,0x29,0x86,0x00,0x00,0x00,0x00,0x20,0x00,0x01,0x00,0x57,0x5D,0xF6,0x8A,
    0xAC,0x9C,0x84,0x86,0x96,0x92,0xA2,0xA6,0x94,0xA0,0x00,0x00,0x00,0x00,0x00,0x15,
    0xFB,0xCC,0xB9,0x58,0xF1,0x1E,0x09,0x5E,0x58,0x03,0xF9,0xB2,0xE0,0x81,0xEC,0x0D,
    0x10,0x4D,0xE0,0x2D,0xFD,0xA7,0xED,0xE8,0x32,0x5E,0xFC,0x7A,0x50,0x0C,0xA0,0x1B,
    0xFD,0x64,0xC1,0xFF,0xC8,0x5C,0x58,0xFF,0xCA,0x79,0x78,0x53,0xAB,0xEF,0x49,0xE4,
    0xB6,0x62,0x4B,0xEA,0x85,0x2D,0x11,0xA4,0x52,0xFA,0xAC,0x6C,0x51,0x1E,0xE5,0xCE,
    0x63,0xFF,0xD7,0x21,0x84,0x12,0x1A,0x38,0xDF,0x60,0x7B,0x10,0x00,0x00,0x1F,0x02,
    0xC3,0x3F,0x3E,0x28,0xDE,0x71,0x2B,0xDF,0xED,0x3A,0x61,0x3E,0xC0,0x21,0x85,0x44,
    0xA1,0x75,0x2D,0x3E,0x92,0xBC,0xDF,0x06,0x6C,0x21,0x51,0x1E,0x21,0xAD,0x1A,0x9F,
    0xF3,0x21,0x40,0x6A,0x3E,0x40,0x99,0xD9,0xD1,0x78,0x01,0x17,0xD8,0x13,0x34,0x97,
    0x10,0xC4,0xB4,0x03,0xC3,0x60,0x28,0x4C,0xEC,0x5F,0x25,0x39,0x08,0x00,0x17,0x83,
    0x41,0x58,0x5C,0x17,0x85,0xE1,0x68,0x62,0x17,0x04,0x81,0x50,0x42,0x13,0x85,0xA1,
    0x50,0x5A,0x1B,0xAC,0xC1,0x8E,0xF0,0xE4,0xE1,0x9A,0x23,0xD8,0x6C,0xE8,0x3F,0xD0,
    0x7D,0xBE,0xED,0xFB,0x6A,0xF6,0x2F,0xE5,0xD7,0xC1,0x4F,0xD9,0xC0,0x72,0xB1,0x22,
    0x80,0x8C,0x50,0x2F,0xD3,0x00,0xDC,0x44,0x9D,0x07,0x46,0x19,0xDC,0xA2,0x00,0x20,
    0x0C,0x78,0x10,0x00,0x08,0x00,0x00,0x00,0x20,0x00,0x01,0x00,0x7F,0xFF,0xA7,0x2F,
    0xA8,0x28,0xA5,0xAC,0x2F,0x29,0x00,0x00,0x00,0x00,0x60,0x05,0x15,0x7B,0xC5,0x3E,
    0xEB,0xD5,0xC5,0x39,0x81,0x63,0xEF,0x5F,0xD8,0x80,0xB4,0x80,0xCC,0x0F,0xC8,0x40,
    0xDF,0x43,0xEA,0x01,0xBE,0xA1,0x81,0x98,0xCB,0x81,0xAD,0xAC,0x10,0x98,0xB9,0x0B,
    0x9D,0x65,0x02,0xBE,0x51,0x33,0x8A,0x6C,0xF0,0x9B,0xA2,0x16,0x27,0x99,0x63,0x04,
    0x80,0x92,0xE0,0x0C,0xF5,0x6F,0x8B,0x8F,0x01,0x03,0xC0,0x00,0x00,0x7B,0x60,0xAE,
    0x40,0x00,0x00,0x40,0x00,0x00,0x40,0x00,0x00,0x05,0x57,0xE3,0x40,0x00,0x00,0x7A,
    0x01,0x38,0x40,0x00,0x00,0x03,0x30,0xE9,0xC0,0x00,0x00,0x05,0xF8,0x2E,0xC0,0x00,
    0x00,0x01,0x07,0x16,0xC0,0x00,0x00,0x7C,0xCD,0x3E,0x00,0x11,0x28,0x00,0x00,0x00,
    0x11,0x28,0x01,0x12,0x80,0x11,0x28,0x01,0x60,0x00,0x08,0x60,0x00,0xD5,0x00,0x00,
    0x56,0x19,0x02,0xE0,0xB8,0x5A,0x17,0x85,0x81,0x78,0x50,0x16,0x84,0xE1,0x50,0x3E,
    0x11,0x05,0x81,0x90,0x09,0x7C,0x21,0xED,0xC6,0xB7,0x89,0xC1,0x0F,0xB3,0x2A,0x20,
    0x83,0x85,0x5B,0xF1,0x82,0xF4,0x45,0xBD,0x13,0xC4,0x5F,0x15,0x3F,0x58,0x7C,0xBE,
    0x7D,0xE5,0x80,0xE2,0x18,0x1C,0xD3,0x01,0xAF,0x46,0x7D,0x07,0x46,0x19,0x01,0xE2,
    0x00,0x20,0x03,0xE6,0x80,0xFA,0xC3,0x70,0x00,0x00,0x20,0x00,0x01,0x00,0x55,0x55,
    0x7B,0xFF,0xFE,0xB0,0x31,0x2F,0x10,0xB0,0xCF,0x2A,0x30,0x0A,0xAA,0xEB,0x29,0x69,
    0x6A,0xCA,0xC9,0x8F,0x0F,0xC9,0x4B,0x4B,0x20,0x00,0x00,0x00,0x00,0x00,0x00,0x00,
    0x00,0x00,0x01,0xCE,0xB3,0x46,0x8C,0x25,0xF0,0xDE,0xAA,0x85,0x63,0x0E,0xBD,0xA1,
    0x73,0xC5,0x66,0xE3,0x4A,0xE2,0x30,0x43,0xD2,0xD3,0x00,0xF4,0xAD,0xFD,0x8A,0x08,
    0xCF,0xF7,0x9F,0x6F,0x82,0x7F,0xFD,0x20,0x3A,0xFF,0x67,0x7D,0xC5,0xEF,0xB0,0x0C,
    0x7F,0xC4,0x03,0x5B,0xEF,0x47,0xC4,0x20,0x9F,0xFF,0xC7,0xF6,0xCF,0xED,0xA1,0x01,
    0x05,0x2C,0x32,0x57,0xC2,0xB1,0x16,0x5D,0x3B,0x7D,0x17,0x5D,0xDC,0xD7,0x5F,0xD5,
    0x9B,0xAF,0x0A,0x62,0x84,0x51,0xCE,0x04,0x5C,0x7A,0xD8,0x38,0x0D,0x63,0x91,0x55,
    0xDE,0x0F,0xBF,0x61,0xD7,0xEF,0x3A,0x19,0xE0,0x7F,0x9A,0x45,0x46,0x50,0xB8,0x61,
    0x39,0x5A,0x5C,0x83,0xA2,0x5B,0x79,0x8B,0x4B,0xA9,0xED,0x20,0x50,0xFD,0xFC,0x6F,
    0x19,0xEE,0x47,0x9B,0x0A,0x5F,0xED,0xB6,0x02,0x25,0x62,0xD0,0x31,0xEC,0x3E,0xE0,
    0xBC,0x7D,0xD0,0x00,0x00,0x01,0x6F,0x4D,0x1F,0x51,0x1D,0xFF,0x4B,0x77,0xBF,0xF0,
    0x96,0x9E,0xAB,0x03,0xE0,0xB5,0xBC,0xFF,0x2F,0xF4,0x1F,0x65,0xAC,0xC0,0xD5,0x89,
    0x01,0x1A,0xA9,0x1F,0xA7,0x6D,0x7F,0xCB,0x48,0xDF,0xF2,0xAD,0x9E,0x72,0xE2,0xDE,
    0x89,0x9F,0xA1,0x81,0x14,0x21,0xB9,0xA0,0x5E,0x62,0x78,0x50,0x00,0x00,0x1E,0x65,
    0xC0,0x7E,0xCE,0x33,0x5F,0xF3,0xA3,0x60,0x20,0x14,0xDE,0x84,0x98,0x3E,0xAD,0x05,
    0x40,0x04,0x6D,0x00,0x42,0xF2,0x70,0x00,0x00,0x10,0x00,0x00,0x11,0x10,0x01,0x17,
    0xAE,0xAD,0xBC,0x5F,0x17,0xC5,0xF0,0x64,0x4A,0xE0,0x3B,0x88,0x64,0x47,0x60,0x45,
    0xF6,0x03,0x82,0xF0,0x33,0x20,0x04,0xCB,0x12,0xCC,0x71,0x2C,0x31,0x12,0xC2,0x71,
    0x28,0x00,0x00,0x20,0x00,0x00,0x00,0xA4,0x1B,0x0A,0x42,0x50,0x88,0x2D,0x0A,0x42,
    0xB0,0xAC,0x2D,0x09,0x82,0x80,0x88,0x2E,0x0C,0x02,0xF0,0xB8,0x23,0x09,0x82,0x50,
    0x88,0x30,0x0C,0xC2,0xE0,0xC4,0x2A,0x0B,0xC2,0xD0,0xCC,0x11,0x03,0x03,0x7C,0xBF,
    0x53,0x41,0x84,0xDB,0xDD,0x03,0x51,0xF6,0x86,0xF7,0xA6,0x41,0xD7,0xE4,0xC7,0xC3,
    0x8F,0x47,0x1D,0xE7,0x46,0x46,0x02,0xB3,0x05,0xC2,0x3B,0xD4,0x76,0x4F,0xF8,0xC0,
    0x04,0x20,0xD0,0x01,0xBF,0xF2,0x2A,0xE1,0xE5,0xC1,0xFF,0x87,0x78,0x4E,0x00,0x95,
    0x9B,0xC7,0xF7,0x43,0x7B,0x81,0x04,0x9A,0x6F,0xD9,0x20,0xD3,0x00,0x60,0x45,0xDD,
    0x07,0x46,0x19,0xDC,0xA0,0x00,0x20,0x19,0x00,0x00,0x00,0x00,0x00,0x00,0x00,0x20,
    0x00,0x01,0x00,0x7E,0xF9,0x04,0xFA,0x00,0x1E,0xBE,0x30,0xBE,0xFF,0xB4,0x00,0xA7,
    0xFF,0xFF,0x11,0x43,0x00,0x00,0x00,0xF3,0x3A,0x10,0x5C,0x3E,0x1F,0x75,0xE2,0xF4,
    0xDF,0xBE,0x79,0x30,0x00,0x00,0x00,0x3D,0x7F,0x40,0x78,0xF0,0x9F,0x87,0x03,0x5F,
    0xBF,0xCC,0xF1,0x7A,0x19,0x17,0xC4,0xB1,0x7C,0x4A,0x05,0xA1,0x38,0x54,0x18,0x84,
    0xC1,0x88,0x7E,0xA8,0x80,0x00,0x4D,0x2C,0x8F,0x08,0x46,0x40,0x5C,0xE0,0x1D,0x0B,
    0xAE,0xD3,0x00,0x3F,0x41,0x62,0x93,0x68,0x68,0x6B,0xED,0xF9,0x31,0x00,0x3F,0xFE,
    0x77,0xFD,0xC8,0x9B,0xAB,0xB5,0x48,0x68,0xE8,0xA1,0x98,0xF2,0xD3,0xC3,0x38,0x00,
    0xD2,0x16,0x68,0x34,0xA2,0xA8,0x13,0xA3,0x7D,0x31,0x00,0x00,0x44,0xFD,0xE0,0x7F,
    0x50,0x00,0x72,0x8B,0x6A,0x6B,0x51,0xBF,0xB4,0x64,0x3E,0x9C,0xCF,0xFC,0x4D,0x00,
    0x04,0x04,0x00,0x2C,0x35,0x7E,0xD3,0x00,0x40,0x41,0x22,0x07,0x1C,0x01,0xC2,0x85,
    0x1C,0xC4,0x00,0x3F,0xD0,0x2C,0x3C,0x42,0x6C,0x07,0x71,0x1C,0x03,0x71,0x8B,0x9A,
    0x84,0x7B,0xD7,0xFD,0x80,0x95,0x58,0xB3,0x18,0x6B,0xF9,0x5D,0xB5,0xB4,0xC8,0xE6,
    0x2F,0xF1,0x21,0xAF,0x63,0xB3,0xB7,0xFD,0xC0,0x2B,0x45,0x1E,0xE1,0xE5,0x5D,0x9E,
    0xEB,0xD7,0x94,0x7F,0xFC,0x5C,0x07,0x3F,0xEC,0xAB,0x96,0x7A,0xD3,0x00,0x40,0x41,
    0x23,0x47,0x1C,0x02,0x0E,0x05,0x1C,0xC4,0x00,0x00,0x22,0x23,0x26,0xCA,0x02,0x07,
    0x63,0x2E,0x04,0xBB,0x36,0xE9,0xB1,0xD5,0xD4,0xE0,0x81,0x22,0xE0,0x64,0x99,0x69,
    0x79,0x5D,0xCB,0x36,0xC8,0xE6,0x2F,0xEE,0x25,0xAA,0xDE,0x35,0x53,0xFF,0xBB,0x29,
    0xB6,0x98,0x27,0xE2,0x56,0x27,0x77,0x1C,0x5B,0x7F,0xFC,0x36,0x7A,0x20,0x74,0xB9,
    0x5E,0xD6,0xD3,0x00,0x3F,0x41,0x63,0x13,0x68,0x68,0x6B,0xEF,0xC5,0x31,0x00,0x3F,
    0xF7,0xBB,0xFD,0xA0,0xA9,0xDF,0xB7,0xC8,0x6A,0xE1,0x82,0xEF,0xB7,0x7B,0xC6,0x7C,
    0x00,0xEA,0xA5,0xFC,0x32,0xCE,0xA8,0x13,0xCD,0xC9,0x31,0x00,0x00,0x45,0x00,0x45,
    0x96,0x00,0x00,0x12,0x89,0x7A,0x86,0x11,0xC2,0xC1,0xD9,0x32,0x12,0x9F,0xFC,0x46,
    0x7F,0x53,0xD4,0x00,0xC5,0xE1,0xFB,0xD3,0x00,0x40,0x41,0x26,0x07,0x1C,0x1E,0xAD,
    0x05,0x1C,0xC4,0x00,0x00,0xBE,0x4E,0x07,0xF6,0x56,0x08,0x18,0x7E,0x58,0xC7,0xE9,
    0x32,0x4B,0x42,0x0A,0x87,0x80,0x1C,0x4F,0x6B,0x8C,0x0A,0xB4,0xA2,0xA6,0x0E,0xA8,
    0xE6,0x2F,0xFF,0xDF,0x90,0x0F,0x44,0x1C,0x00,0x0F,0x26,0x89,0x29,0x94,0x07,0xD0,
    0xC4,0x44,0x8A,0xAF,0x7F,0xED,0x8D,0x42,0xF0,0xBC,0xE3,0x65,0xB9,0xD3,0x00,0x13,
    0x3E,0xDD,0x07,0x03,0xBA,0xEF,0x51,0x84,0x0C,0x8A,0x37,0x03,0x16,0x86,0x09,0x7B,
    0xA5,0xF9,0x52,0xE9,0x04,0x1D,0xD3,0x00,0xEA,0x43,0x5D,0x07,0x46,0x19,0xEC,0x42,
    0x00,0x20,0x05,0x15,0x29,0x86,0x00,0x00,0x00,0x00,0x20,0x00,0x01,0x00,0x57,0x5D,
    0xF6,0x8A,0xAC,0x9C,0x84,0x86,0x96,0x92,0xA2,0xA6,0x94,0xA0,0x00,0x00,0x00,0x00,
    0x00,0x16,0x03,0xCE,0xBA,0x58,0xF1,0x16,0x05,0x5F,0x57,0xC3,0xE9,0xB4,0xE1,0x01,
    0xEC,0x0D,0x18,0x4D,0xE0,0x2E,0x7D,0xA9,0xED,0xF0,0x32,0x5E,0xFC,0x7A,0x50,0x0C,
    0xA0,0x1C,0x1A,0xE3,0x42,0x6E,0xB8,0x7E,0x7D,0xE1,0xEC,0x2B,0x5D,0x67,0xA3,0xE9,
    0xAC,0x05,0x23,0xC8,0x52,0xFF,0x9B,0x2F,0xFF,0xE0,0x3B,0x5E,0x52,0x4B,0xD5,0x4C,
    0x3E,0x14,0x64,0x62,0x9E,0x1D,0xC4,0x39,0xDE,0xC7,0xBE,0xC0,0x96,0xD0,0x00,0x00,
    0x1F,0x89,0x95,0x1F,0xC4,0xF8,0x3F,0xB5,0x82,0x9F,0xD6,0xD7,0xE1,0x5B,0x0E,0xA1,
    0xA1,0x94,0xDE,0xF7,0xF6,0x1F,0x7C,0x23,0x1F,0xEF,0xD6,0x3F,0x62,0x76,0x7F,0xBE,
    0x7A,0x01,0x7D,0x12,0x1F,0x7C,0x46,0x1F,0xAB,0xE0,0xF1,0x78,0x01,0x17,0xD8,0x13,
    0x34,0x97,0x10,0xC4,0xB4,0x03,0xC5,0x60,0x28,0x8C,0xEC,0x5F,0x25,0x39,0x28,0x00,
    0x17,0x83,0x61,0x58,0x5A,0x17,0x85,0xE1,0x68,0x60,0x17,0x04,0x81,0x48,0x44,0x13,
    0x05,0xA1,0x50,0x58,0x00,0xC8,0x7A,0x4E,0x86,0xCC,0x0D,0xFF,0xE5,0x37,0xE7,0xB7,
    0x1D,0xAE,0x55,0xC4,0x48,0xC2,0x68,0x8C,0xC2,0x0A,0xB6,0x11,0x04,0x94,0xF7,0x8F,
    0xCF,0x4F,0x40,0x04,0x94,0xA9,0xD3,0x00,0xDC,0x44,0x9D,0x07,0x46,0x19,0xEC,0x42,
    0x00,0x20,0x0C,0x78,0x10,0x00,0x08,0x00,0x00,0x00,0x20,0x00,0x01,0x00,0x7F,0xFF,
    0xA7,0x2F,0xA8,0x28,0xA5,0xAC,0x2F,0x29,0x00,0x00,0x00,0x00,0x60,0x05,0x0D,0x79,
    0xC5,0xBF,0x0B,0xE5,0xC9,0x38,0x81,0x65,0xEF,0x5F,0xD8,0xA0,0xB5,0x00,0xCC,0x0F,
    0xC8,0x40,0xDF,0x43,0x91,0x3E,0x51,0x13,0x47,0x64,0x6A,0x3E,0x67,0x3A,0x0C,0x08,
    0xA0,0xC1,0xB1,0xF4,0x3D,0x9F,0x45,0xEB,0x60,0xF6,0x2E,0x05,0x00,0x84,0xC9,0x88,
    0x4D,0x42,0xF2,0x45,0x07,0x25,0x58,0x1D,0x71,0xA1,0xDF,0x36,0xC0,0x00,0x00,0x05,
    0x28,0x22,0x40,0x00,0x00,0x40,0x00,0x00,0x40,0x00,0x00,0x04,0x30,0xA1,0xC0,0x00,
    0x00,0x7D,0xD4,0x29,0xC0,0x00,0x00,0x78,0xD6,0x6D,0x40,0x00,0x00,0x01,0xA2,0xC9,
    0x40,0x00,0x00,0x7D,0x68,0x7C,0x40,0x00,0x00,0x08,0x45,0xAA,0x80,0x11,0x28,0x00,
    0x00,0x00,0x11,0x28,0x01,0x12,0x80,0x11,0x28,0x01,0x60,0x00,0x08,0x98,0x00,0xD5,
    0x00,0x00,0x56,0x18,0x82,0xE0,0xA8,0x58,0x17,0x05,0x81,0x78,0x52,0x16,0x84,0xE1,
    0x48,0x3E,0x10,0x85,0x81,0x88,0x77,0x70,0x03,0x34,0x03,0x14,0x6D,0x07,0xEF,0x31,
    0x32,0xBB,0xF6,0xFD,0x4D,0x06,0xB1,0x20,0xA8,0x0D,0xB8,0x63,0xD0,0x4B,0x91,0xEE,
    0x61,0xF0,0x48,0xFF,0x00,0x58,0x2E,0xAA,0xD3,0x01,0xA1,0x46,0x7D,0x07,0x46,0x19,
    0x11,0x82,0x00,0x20,0x03,0xE6,0x80,0xFA,0xC3,0x50,0x00,0x00,0x20,0x00,0x01,0x00,
    0x55,0x55,0x7B,0xFF,0xFE,0xC0,0xC4,0xBC,0x42,0xC3,0x3C,0xA8,0xC0,0x2A,0xAB,0xAC,
    0xA5,0xA5,0xAB,0x2B,0x26,0x3C,0x3F,0x25,0x2C,0x80,0x00,0x00,0x00,0x00,0x00,0x00,
    0x00,0x00,0x00,0x73,0x8C,0xD9,0xA3,0x08,0xFC,0x57,0xAA,0xA3,0x58,0x43,0x8F,0x58,
    0x5C,0xF1,0x59,0xD8,0xCA,0xB4,0x8C,0x90,0xF4,0xAC,0xBE,0xAE,0xFD,0x8A,0x08,0xC7,
    0xF7,0xBF,0x6F,0x82,0x81,0xFD,0x20,0x3A,0xFF,0x67,0xFD,0xC5,0xEF,0xB0,0x0C,0x9F,
    0xC4,0x83,0x5D,0xEF,0x4F,0xC4,0x40,0x9F,0xFF,0xC7,0xF6,0xD7,0xED,0xA1,0x4A,0x87,
    0xEF,0x68,0x86,0xE3,0x08,0xD2,0x8F,0x59,0x3E,0x7D,0x36,0x66,0xB7,0xA2,0x12,0xF1,
    0x48,0x78,0xD9,0xF5,0x56,0xB7,0x3B,0x25,0x9C,0x48,0xC9,0xC6,0xC8,0x0D,0x93,0x0E,
    0x3A,0x70,0x61,0xEC,0x30,0x5C,0xD4,0x84,0xC0,0x4E,0x44,0xD2,0xE3,0x72,0x00,0x0F,
    0x89,0x80,0x2F,0x06,0xC3,0x29,0xF0,0x75,0x07,0xB1,0xB7,0x78,0xFE,0x06,0x78,0x34,
    0xE6,0x9C,0x61,0xFB,0x04,0xA0,0xA1,0x10,0xBF,0x04,0x81,0xC8,0xFD,0xC0,0x00,0x00,
    0x02,0x1D,0x5E,0xFD,0x87,0x83,0xFE,0xB3,0x15,0xFA,0xCB,0xBB,0x04,0x7B,0xCE,0x82,
    0x38,0x56,0x7D,0x31,0x96,0xFE,0x08,0x91,0x06,0xE0,0x12,0x87,0xF4,0xAF,0x84,0x1F,
    0x36,0x78,0xB4,0x52,0xF9,0x51,0xF9,0x81,0x57,0x91,0x81,0xB2,0x8C,0x78,0xCD,0x8C,
    0xF9,0xAF,0xE5,0xFF,0x71,0x6B,0x80,0xCD,0xB1,0x7B,0x14,0xF1,0x7C,0xB6,0xD0,0x7E,
    0x47,0x72,0xFE,0xF9,0x4C,0xFA,0x08,0xFD,0xFA,0xAA,0xC0,0x08,0x17,0x4A,0x89,0x11,
    0x72,0xC0,0x00,0x00,0x44,0x40,0x04,0x5E,0xBB,0x37,0x11,0x7C,0x5F,0x17,0xC1,0xB1,
    0x2B,0x80,0xEE,0x22,0x91,0x1D,0x81,0x17,0xD8,0x0E,0x0B,0xC0,0xCC,0x9D,0x53,0x2C,
    0x4B,0x31,0xC4,0xB0,0xC4,0x4B,0x09,0xC4,0xA0,0x02,0x00,0x00,0x00,0x14,0x83,0x41,
    0x48,0x4C,0x11,0x85,0xA1,0x48,0x56,0x15,0x85,0xA1,0x28,0x4E,0x10,0x05,0xE1,0x78,
    0x5E,0x16,0x84,0x41,0x30,0x48,0x11,0x06,0x01,0x90,0x5C,0x18,0x05,0x41,0x70,0x5A,
    0x19,0x01,0x60,0x07,0x7C,0x92,0x4F,0x46,0x10,0x17,0x7C,0x77,0x43,0xE8,0x8D,0x9F,
    0xFC,0x5E,0x43,0x94,0x93,0x50,0x80,0x11,0x95,0x9E,0xD2,0xF9,0x76,0xF4,0x47,0xFA,
    0x61,0xFC,0x3B,0x66,0x26,0xF4,0x2D,0xDF,0x7B,0xE7,0x02,0x7B,0x06,0x62,0x04,0x96,
    0x14,0xFB,0x88,0xE7,0x30,0xE0,0x5D,0x21,0x2E,0x3F,0xE5,0x80,0x18,0x88,0x62,0xD3,
    0x00,0x60,0x45,0xDD,0x07,0x46,0x19,0xEC,0x40,0x00,0x20,0x19,0x00,0x00,0x00,0x00,
    0x00,0x00,0x00,0x20,0x00,0x01,0x00,0x7E,0xF9,0x04,0xFA,0x00,0x1E,0xBE,0x30,0xBE,
    0xFF,0xB4,0x00,0xA8,0x00,0x1D,0x24,0x43,0x00,0x00,0x02,0x1C,0x82,0x23,0x81,0x3E,
    0x33,0xE3,0xE3,0x68,0xBF,0x3E,0x76,0x90,0x00,0x00,0x00,0x8A,0x09,0xE0,0xC5,0x82,
    0x1F,0x88,0xD4,0xBF,0xC1,0xA1,0x51,0x7A,0x29,0x17,0xC4,0xB1,0x7C,0x4A,0x05,0xA1,
    0x20,0x54,0x18,0x84,0xC1,0x80,0x11,0x9A,0x80,0x01,0xF2,0xCF,0xF5,0xFE,0xFC,0x3E,
    0x04,0xE0,0x85,0x58,0x78,0xD3,0x00,0x40,0x41,0x2A,0xC7,0x1C,0x1D,0xEF,0x05,0x1C,
    0xC4,0x00,0x00,0x07,0xEC,0x03,0x6C,0x63,0x0F,0xDF,0xFA,0x59,0xA6,0xDA,0x23,0x32,
    0x73,0xF2,0x31,0x80,0x24,0xC8,0x13,0x81,0x7C,0xD4,0xA2,0x9E,0xB9,0x28,0xE6,0x2F,
    0xFE,0xD4,0xE0,0xDA,0x1C,0x5B,0xFF,0xA6,0x26,0xF1,0x6E,0xBB,0x14,0x6E,0x08,0x68,
    0x10,0xEF,0x7F,0xEC,0x2B,0x3E,0x7F,0x9C,0x5D,0x22,0x0C,0xD3,0x00,0x40,0x41,0x2A,
    0x47,0x1C,0x03,0x46,0x85,0x1C,0xC4,0x00,0x00,0x23,0xB4,0x87,0x31,0x86,0x08,0x07,
    0x28,0x50,0x34,0xA2,0x44,0xBA,0xFA,0x03,0x47,0x80,0x69,0x39,0x8C,0x87,0x95,0xF4,
    0xA2,0x9D,0xF0,0x88,0xE6,0x20,0x01,0x7E,0x39,0xD2,0x60,0x98,0x00,0x50,0x27,0x94,
    0xB8,0xB8,0x0D,0xBF,0xF1,0xE1,0x6B,0x89,0xBF,0xED,0xC6,0x71,0x8C,0x60,0xCD,0x84,
    0xE4,0xD3,0x00,0x3F,0x41,0x64,0xD3,0x68,0x68,0x6B,0x0C,0xB1,0x31,0x00,0x00,0x2F,
    0xA7,0xF6,0x91,0x4D,0xAC,0x00,0xDC,0x98,0x4E,0x1F,0x92,0xC8,0xCC,0x00,0x74,0x00,
    0xB7,0x47,0xF0,0x23,0x7A,0xA8,0x13,0x74,0x3D,0x31,0x00,0x00,0x2A,0x57,0xDD,0xB9,
    0x20,0x00,0xC2,0x74,0x80,0xD7,0x61,0xEC,0x6C,0x46,0x31,0xFB,0x1F,0xFC,0x0B,0x5F,
    0xCB,0xF1,0x00,0x85,0xFD,0x09,0xD3,0x00,0x40,0x41,0x28,0x47,0x1C,0x03,0x09,0x05,
    0x1C,0xC4,0x00,0x3F,0xE6,0x64,0x8A,0xA7,0x0E,0x08,0x09,0xE6,0x50,0x34,0x87,0x2C,
    0x62,0x26,0x03,0xEB,0x80,0x20,0xE2,0x64,0x07,0xCE,0x74,0xA2,0x9E,0xFF,0x48,0xE6,
    0x2F,0xFF,0x8A,0x39,0x41,0xC8,0x40,0x00,0x07,0x27,0xA1,0x06,0x1B,0x0D,0x83,0xFD,
    0x19,0x30,0xD1,0x3F,0xED,0xB1,0x64,0x39,0x0C,0x0F,0xFB,0x7D,0xD3,0x00,0x3D,0x3F,
    0xB3,0xCD,0xA0,0x43,0x78,0x32,0x48,0x12,0x00,0x00,0x1F,0x06,0x63,0x64,0x32,0x00,
    0x76,0x3C,0xCE,0xEF,0x89,0x92,0x6B,0x00,0xC7,0x07,0xA9,0x15,0x6F,0x0B,0x5D,0xA1,
    0x0D,0xD1,0x18,0x48,0x12,0xFF,0xD0,0xA1,0x13,0xCD,0xFE,0x00,0x58,0x25,0xFD,0xC8,
    0x8B,0x20,0xF6,0x31,0x0B,0x5B,0x05,0xFF,0x9F,0x9B,0xE9,0x00,0x85,0x32,0x67,0xD3,
    0x00,0x13,0x3E,0xDD,0x07,0x03,0xBA,0xEF,0x51,0x82,0x40,0x8A,0x37,0x03,0x19,0xCB,
    0x09,0x7B,0xA5,0xFB,0x8F,0xD2,0x31,0x61,0xD3,0x00,0xEA,0x43,0x5D,0x07,0x46,0x19,
    0xFB,0xE2,0x00,0x20,0x05,0x15,0x29,0x86,0x00,0x00,0x00,0x00,0x20,0x00,0x01,0x00,
    0x57,0x5D,0xF6,0x8A,0xAC,0x9C,0x84,0x86,0x96,0x92,0xA2,0xA6,0x94,0xA0,0x00,0x00,
    0x00,0x00,0x00,0x16,0x0B,0xD2,0xBB,0x58,0xF1,0x0E,0x01,0x5F,0xD7,0x83,0xD1,0xB8,
    0xE1,0x81,0xEE,0x0D,0x18,0x4E,0x00,0x2E,0xFD,0xAB,0xED,0xF0,0x32,0x7E,0xFC,0xFA,
    0x52,0x0C,0xA8,0x1C,0x38,0x63,0xA7,0xDE,0x76,0xA0,0x95,0xFE,0x0D,0xD8,0x22,0x77,
    0xDF,0xE4,0x38,0x05,0x96,0x40,0x5A,0x1B,0x21,0x42,0xF6,0x19,0xF0,0x01,0xF7,0x5C,
    0x5B,0x5C,0xC6,0x59,0x1B,0xC4,0xD7,0x39,0xFE,0x71,0xA3,0x5D,0x7E,0x20,0xB3,0x30,
    0x00,0x00,0x00,0x10,0x58,0x20,0x4B,0xC0,0x40,0xFA,0x18,0x3F,0xC0,0xA6,0x61,0x77,
    0x51,0xC1,0xBD,0xDB,0x00,0x7A,0xB2,0x40,0x65,0x5C,0x80,0xD9,0x0F,0x21,0x73,0x95,
    0xA1,0xCF,0xA0,0x1F,0x07,0x29,0x5E,0x8E,0x79,0x5E,0xBE,0x15,0x91,0x78,0x01,0x17,
    0xD8,0x13,0x34,0x97,0x10,0xC4,0xB4,0x03,0xC5,0x60,0x28,0xCC,0xF4,0x5F,0x25,0x39,
    0x28,0x00,0x17,0x83,0x81,0x58,0x5C,0x17,0x86,0x01,0x68,0x62,0x17,0x04,0x81,0x58,
    0x44,0x13,0x85,0xC1,0x50,0x5A,0x1D,0xFF,0xBC,0x4B,0x76,0xB7,0xF5,0xBF,0xBC,0xAB,
    0x9A,0x80,0xAC,0xF1,0xB3,0xC1,0x01,0xBD,0x18,0x7D,0x3D,0xEA,0x8F,0xD8,0xF8,0x3B,
    0xF6,0xDD,0xBE,0x2C,0x00,0xC0,0xE7,0xBD,0xD3,0x00,0xDC,0x44,0x9D,0x07,0x46,0x19,
    0xFB,0xE2,0x00,0x20,0x0C,0x78,0x10,0x00,0x08,0x00,0x00,0x00,0x20,0x00,0x01,0x00,
    0x7F,0xFF,0xA7,0x2F,0xA8,0x28,0xA5,0xAC,0x2F,0x29,0x00,0x00,0x00,0x00,0x60,0x24,
    0xFD,0x77,0xC6,0x3F,0x0B,0xF5,0xCD,0x38,0x01,0x65,0xEF,0x67,0xD8,0xC0,0xB5,0x00,
    0xCE,0x0F,0xD0,0x40,0xFF,0x44,0x78,0x44,0xF7,0x85,0x37,0xF0,0x41,0x57,0x1F,0x7B,
    0x07,0x5E,0xE8,0x77,0xD1,0x03,0x9E,0x48,0x3A,0xEC,0xF7,0xAC,0xFF,0x6E,0x89,0xF3,
    0x7D,0xC7,0x37,0xBB,0x63,0x5E,0x7E,0x3D,0xA6,0x8B,0x43,0xF0,0xBD,0x55,0xC0,0x00,
    0x00,0x7E,0xEF,0x8C,0x40,0x00,0x00,0x40,0x00,0x00,0x40,0x00,0x00,0x03,0x09,0x71,
    0x40,0x00,0x00,0x01,0xA7,0x49,0x40,0x00,0x00,0x7E,0x7C,0x5E,0x40,0x00,0x00,0x7D,
    0x4D,0x47,0x40,0x00,0x00,0x79,0xC9,0x02,0xC0,0x00,0x00,0x03,0xBD,0xFA,0x80,0x11,
    0x28,0x00,0x00,0x00,0x11,0x28,0x01,0x12,0x80,0x11,0x28,0x01,0x60,0x00,0x08,0xD8,
    0x00,0xD5,0x80,0x00,0x54,0x19,0x03,0x00,0xB8,0x5A,0x17,0x85,0xA1,0x80,0x50,0x16,
    0x85,0x01,0x50,0x3C,0x11,0x05,0x61,0x90,0x12,0xB1,0x3C,0x19,0xCE,0x93,0xF0,0xB7,
    0x3B,0xCF,0xBA,0xC2,0xD3,0x0A,0xF5,0xFC,0x8C,0x0E,0x73,0xD9,0x4F,0xFF,0xD7,0x65,
    0x70,0x22,0x3E,0xE5,0xC3,0x1F,0x80,0x66,0x4A,0x4F,0xD3,0x01,0xAB,0x46,0x7D,0x07,
    0x46,0x19,0x21,0x22,0x00,0x20,0x03,0xE6,0x80,0xFA,0xC3,0x50,0x00,0x00,0x20,0x00,
    0x01,0x00,0x55,0x55,0x7B,0xFF,0xFF,0xC0,0xC4,0xBC,0x42,0xC3,0x3C,0xA8,0xC0,0x2A,
    0xAB,0xAC,0xA5,0xA5,0xAB,0x2B,0x26,0x3C,0x3F,0x25,0x2C,0x80,0x00,0x00,0x00,0x00,
    0x00,0x00,0x00,0x00,0x00,0x73,0x6C,0xE1,0xA3,0x08,0x7C,0x77,0xA2,0xA7,0x57,0xC3,
    0x6F,0x50,0x5E,0xF0,0xDA,0x18,0xBA,0xB0,0x8D,0x10,0xF4,0xA4,0xBE,0xAF,0xFD,0x8C,
    0x08,0xD7,0xF7,0xBF,0x70,0x02,0x81,0xFD,0x28,0x3B,0x1F,0x68,0x7D,0xC7,0xEF,0xB8,
    0x0C,0xBF,0xC4,0x83,0x5F,0xEF,0x4F,0xC4,0x40,0xA0,0x7F,0xC9,0xF6,0xD7,0xED,0xC1,
    0x4A,0x83,0x50,0x70,0x60,0xB0,0x7A,0x44,0x5F,0x6A,0x6E,0x83,0x39,0x99,0x79,0x2C,
    0xFA,0x0E,0x28,0x50,0x9A,0xF7,0x32,0xE7,0x57,0x91,0x6A,0x5E,0x1E,0xA9,0x07,0x63,
    0x9E,0xF8,0x9D,0x02,0x88,0x0C,0x96,0x40,0xE8,0xE2,0xF2,0xEE,0xF6,0x1E,0xEE,0x96,
    0x61,0x89,0xA4,0x17,0xD5,0x8F,0x22,0xD0,0xF6,0x6E,0x7F,0x4F,0x79,0x72,0xE0,0x06,
    0x75,0xAD,0xE6,0x74,0xF7,0xFA,0x49,0x00,0xB7,0x89,0xBB,0x7B,0x9C,0x60,0x58,0x09,
    0xF9,0x24,0x00,0x00,0x07,0xE7,0xCF,0x47,0xDC,0x9E,0xA8,0x03,0x77,0x50,0x5D,0x45,
    0x87,0xE4,0xB0,0x78,0x19,0x92,0x37,0xDA,0x3B,0x2F,0xE7,0xA9,0xEF,0xA6,0x90,0xFF,
    0xB7,0xDC,0xC7,0x9A,0x15,0xB0,0x23,0xC5,0x38,0x2D,0x9F,0xD7,0x8E,0x3F,0xAF,0x93,
    0xEF,0xEF,0xB9,0x6E,0x9F,0xC7,0x93,0x68,0x55,0x87,0x10,0x6B,0x4E,0x3F,0xC9,0x2A,
    0x27,0xE3,0x48,0xD7,0xCB,0xFA,0x77,0xD7,0x18,0x07,0x9F,0xF2,0x9F,0xAA,0x0F,0x10,
    0x01,0xCE,0xB8,0x11,0x71,0x4C,0x00,0x00,0x04,0x00,0x00,0x04,0x44,0x00,0x45,0xEB,
    0xBB,0x71,0x17,0xC5,0xF1,0x7C,0x1B,0x12,0xB8,0x0E,0xE2,0x37,0x11,0xD8,0x11,0x7D,
    0x80,0xE1,0x3C,0x0C,0xD1,0xF5,0x32,0xC4,0xB3,0x1C,0x4B,0x0C,0x44,0xB0,0x9C,0x4A,
    0x00,0x00,0x08,0x00,0x00,0x00,0xAA,0x06,0x82,0xA0,0x98,0x24,0x0B,0x42,0x90,0xAC,
    0x2B,0x0B,0x42,0x50,0xA0,0x21,0x0B,0xC3,0x00,0xB8,0x2E,0x09,0x02,0x70,0x90,0x23,
    0x0C,0x03,0x30,0xBC,0x31,0x0A,0x82,0xF0,0xB4,0x33,0x04,0x80,0xD0,0xE7,0xA5,0xC9,
    0xC0,0x73,0x37,0x13,0x21,0x3C,0x7E,0x71,0x40,0x0A,0x70,0x22,0x06,0xAC,0x1D,0xB3,
    0xC7,0xA7,0xEA,0xBE,0x16,0x23,0xDB,0xC9,0x1D,0xF1,0x23,0xE9,0xA2,0x1D,0x24,0x4E,
    0x88,0x3F,0xF1,0x6A,0x1D,0xF9,0xFD,0x51,0xF4,0x3F,0xEF,0x38,0x20,0x80,0x66,0xE7,
    0x6D,0xEF,0x2B,0x23,0x4A,0xD5,0xF7,0x00,0x66,0xEE,0x17,0xD3,0x00,0x60,0x45,0xDD,
    0x07,0x46,0x19,0xFB,0xE0,0x00,0x20,0x19,0x00,0x00,0x00,0x00,0x00,0x00,0x00,0x20,
    0x00,0x01,0x00,0x7E,0xF9,0x04,0xFA,0x00,0x1E,0xBE,0x30,0xBE,0xFF,0xB6,0x00,0xA8,
    0x00,0x1B,0x17,0xF1,0x00,0x00,0x03,0x59,0x80,0x36,0x99,0x7E,0x40,0x6F,0xE3,0xD7,
    0xBE,0xBE,0x51,0xF0,0x00,0x00,0x00,0xD6,0x5D,0x61,0x11,0xD6,0xFF,0x8A,0x74,0xDF,
    0xC3,0x44,0x51,0x7A,0x37,0x17,0xC4,0xB1,0x7C,0x4A,0x05,0xA1,0x30,0x54,0x19,0x04,
    0xE1,0x88,0x03,0x81,0x80,0x00,0x48,0xCC,0xBE,0x60,0x93,0xB1,0x3E,0xA0,0x3F,0x92,
    0xE2,0xD3,0x00,0x3D,0x41,0x43,0x48,0x12,0x00,0x00,0x09,0x00,0xD9,0xD1,0x96,0xFC,
    0x5C,0x82,0xA7,0x1D,0xE4,0x0E,0xAB,0x71,0x3C,0x99,0x26,0x50,0x28,0x11,0x83,0x2B,
    0xB9,0x09,0x41,0x20,0x4B,0xF8,0xF5,0x18,0x21,0x3E,0x7C,0x04,0x74,0x73,0x9D,0x4C,
    0x00,0x0E,0xEB,0x03,0xB4,0xBC,0xBF,0xFF,0x70,0xFB,0xCD,0xF8,0xDA,0x10,0x00,0x06,
    0x50,0x3C,0xFC,0x4A,0xD3,0x00,0x3D,0x3F,0xB7,0x8D,0xA0,0x7C,0x97,0x05,0x48,0x11,
    0x00,0x00,0x16,0xBD,0x01,0xF4,0x05,0xFD,0xE1,0x38,0x90,0x9F,0x2C,0x19,0x19,0xFD,
    0x8E,0x03,0x5A,0xF7,0x11,0x14,0x8C,0xA1,0x0C,0xA9,0xE3,0x48,0x11,0x00,0x16,0xD1,
    0xD7,0x95,0x30,0xFF,0xC6,0x26,0x1A,0x54,0x73,0x16,0x5B,0x97,0x25,0xDB,0xC0,0xFF,
    0xA6,0x81,0x08,0x00,0x16,0x3D,0x0B,0xD3,0x00,0x3D,0x3F,0xB1,0x4D,0xA0,0x43,0xE2,
    0x6F,0x48,0x12,0x00,0xFF,0xF3,0xEE,0xD2,0x70,0x6F,0xFE,0x69,0x2D,0x5B,0x27,0x19,
    0x5B,0xB3,0xFE,0xB3,0x03,0x13,0x5C,0x6F,0x15,0xD3,0xA1,0x0D,0x79,0xEE,0x48,0x12,
    0xFF,0xC8,0x7A,0x4E,0x9C,0xDE,0xFF,0xCE,0x27,0x62,0x6D,0x1D,0x17,0x51,0x2F,0x40,
    0xC5,0xC5,0xFF,0xAA,0x09,0xE8,0x00,0x2D,0x20,0x8D,0xD3,0x00,0x3D,0x3F,0xB5,0xCD,
    0xA0,0x46,0x61,0x2D,0x48,0x12,0x00,0x00,0x20,0x04,0x55,0xD4,0x2D,0xFE,0xCB,0x2A,
    0x69,0x9A,0x14,0x3C,0x6D,0xFF,0x12,0x01,0xA8,0x86,0xF6,0x15,0xF9,0xA1,0x0D,0x49,
    0x99,0x48,0x12,0xFF,0xFF,0x7A,0xFE,0x8B,0x27,0x00,0x22,0x27,0xB4,0x38,0xFB,0x17,
    0x3C,0x81,0x8C,0xA7,0x8C,0xFF,0xAC,0x88,0xEE,0x00,0x94,0x02,0x4E,0xD3,0x00,0x3D,
    0x3F,0xB5,0x0D,0xA1,0x43,0xA7,0x49,0x48,0x12,0x00,0xFF,0xEE,0x38,0x1C,0x18,0x49,
    0xFC,0x99,0x31,0x41,0xDE,0xFA,0x10,0x55,0xFC,0xFA,0x02,0x11,0xA1,0x59,0x15,0x79,
    0xA1,0x0C,0x86,0xA6,0x48,0x12,0x00,0x4A,0x75,0x4F,0x03,0x43,0xFF,0xDF,0x26,0xAB,
    0xC3,0x0E,0x16,0x27,0x8A,0x98,0xF3,0x1F,0xFF,0xA8,0x52,0xEE,0x00,0x5C,0x15,0xAC,
    0xD3,0x00,0x13,0x3E,0xDD,0x07,0x03,0xBA,0xEF,0x51,0x81,0x0A,0x8A,0x37,0x03,0x1B,
    0x80,0x09,0x7B,0xA5,0xFC,0x03,0x3D,0x0A,0x4C,0xD3,0x00,0xEA,0x43,0x5D,0x07,0x46,
    0x1A,0x0B,0x82,0x00,0x20,0x05,0x15,0x29,0x86,0x00,0x00,0x00,0x00,0x20,0x00,0x01,
    0x00,0x57,0x5D,0xF6,0x8A,0xAC,0x9C,0x84,0x86,0x96,0x92,0xA2,0xA6,0x94,0xA0,0x00,
    0x00,0x00,0x00,0x00,0x16,0x0B,0xD4,0xBC,0x58,0xF1,0x05,0xFD,0x60,0x57,0x43,0xC1,
    0xBA,0xE1,0x81,0xEE,0x0D,0x20,0x4E,0x00,0x2E,0xFD,0xAB,0xED,0xF8,0x32,0x7E,0xFC,
    0xFA,0x52,0x0C,0xB0,0x1C,0x25,0xE7,0x18,0x4E,0x75,0x22,0xB0,0xEC,0x2F,0x3C,0xC7,
    0x86,0x47,0xDE,0xA6,0xC6,0x01,0xC2,0x60,0xF2,0xA7,0x43,0x82,0x54,0x81,0xA5,0x97,
    0xAD,0xDE,0xB8,0x1E,0x97,0x98,0x27,0x70,0x26,0x5C,0x30,0x67,0xA7,0x01,0x7F,0xB8,
    0xD0,0x00,0x00,0x00,0x96,0x08,0x00,0xD1,0x65,0x82,0x3D,0xD8,0x5F,0xA9,0x90,0xA1,
    0x92,0x79,0x01,0xD8,0xFC,0xA1,0xFC,0x4F,0x41,0x4D,0x52,0x81,0xC1,0x09,0xFF,0x83,
    0x5E,0xDF,0xDF,0x65,0xA0,0x90,0x54,0x01,0x9F,0xC5,0x41,0xCF,0x5B,0xB1,0x78,0x01,
    0x17,0xD8,0x13,0x34,0x97,0x10,0xC4,0xB4,0x03,0xC5,0x60,0x29,0x0C,0xF4,0x5F,0x25,
    0x39,0x28,0x00,0x17,0x03,0x61,0x58,0x5C,0x17,0x85,0xE1,0x68,0x64,0x17,0x04,0x81,
    0x58,0x42,0x13,0x85,0xA1,0x50,0x5A,0x00,0xAC,0xF8,0x48,0x83,0x69,0x04,0xDB,0xF5,
    0x60,0x00,0x06,0xEF,0x7D,0xCF,0x83,0x2F,0x41,0x77,0x84,0x6B,0xF5,0x1D,0xEF,0xA7,
    0x69,0x17,0x99,0x3F,0x42,0x20,0x4E,0x42,0x95,0xD3,0x00,0xDC,0x44,0x9D,0x07,0x46,
    0x1A,0x0B,0x82,0x00,0x20,0x0C,0x78,0x10,0x00,0x08,0x00,0x00,0x00,0x20,0x00,0x01,
    0x00,0x7F,0xFF,0xA7,0x2F,0xA8,0x28,0xA5,0xAC,0x2F,0x29,0x00,0x00,0x00,0x00,0x60,
    0x24,0xED,0x75,0xC6,0xBF,0x0C,0x05,0xCF,0x37,0x81,0x67,0xEF,0x67,0xD8,0xC0,0xB5,
    0x00,0xCE,0x0F,0xD0,0x40,0xFF,0x44,0x1F,0x97,0x41,0xF5,0xE8,0x7B,0xDE,0x5F,0xD8,
    0xDE,0x02,0xAB,0xE8,0x2C,0xD0,0x13,0x00,0x71,0x2E,0x9E,0x0E,0x26,0xC8,0xD7,0x10,
    0xE2,0x21,0xDE,0x21,0x02,0x95,0x11,0xD1,0x55,0x12,0xF8,0xFB,0x6F,0x9A,0x63,0x40,
    0x00,0x00,0x08,0xB2,0x9E,0xC0,0x00,0x00,0x40,0x00,0x00,0x40,0x00,0x00,0x01,0xDD,
    0xF2,0x40,0x00,0x00,0x05,0x76,0x0F,0x40,0x00,0x00,0x04,0x1E,0x17,0x40,0x00,0x00,
    0x78,0xF3,0x1F,0x40,0x00,0x00,0x06,0x24,0x94,0xC0,0x00,0x00,0x7F,0x31,0xB2,0x00,
    0x11,0x28,0x00,0x00,0x00,0x11,0x28,0x01,0x12,0x80,0x11,0x28,0x01,0x60,0x00,0x09,
    0x08,0x00,0xD5,0x80,0x00,0x56,0x19,0x03,0x00,0xB0,0x5A,0x17,0x85,0x81,0x80,0x52,
    0x17,0x05,0x01,0x50,0x3E,0x11,0x85,0x61,0x90,0x73,0x15,0xFC,0x55,0xE1,0xB3,0x7F,
    0x17,0xA7,0xF0,0xC4,0xA4,0xB3,0x0F,0x1D,0x03,0x77,0x1F,0x11,0xF3,0x60,0x48,0x5F,
    0xB3,0xB0,0xCB,0xA0,0x5F,0x86,0xB6,0x00,0xC6,0x96,0x08,0xD3,0x01,0xA1,0x46,0x7D,
    0x07,0x46,0x19,0x30,0xC2,0x00,0x20,0x03,0xE6,0x80,0xFA,0xC3,0x50,0x00,0x00,0x20,
    0x00,0x01,0x00,0x55,0x55,0x7B,0xFF,0xFE,0xC0,0xC4,0xBC,0x42,0xC3,0x3C,0xA8,0xC0,
    0x2A,0xAB,0xAC,0xA5,0xA5,0xAB,0x2B,0x26,0x3C,0x3F,0x25,0x2C,0x80,0x00,0x00,0x00,
    0x00,0x00,0x00,0x00,0x00,0x00,0x73,0x4C,0xE9,0xA3,0x07,0xFC,0x97,0xA2,0xAB,0x57,
    0x43,0x4F,0x40,0x5E,0xF0,0xDA,0x38,0xAA,0xAE,0x8D,0x90,0xF4,0x9C,0xBC,0xB1,0x7D,
    0x8C,0x08,0xD7,0xF7,0xDF,0x70,0x02,0x81,0xFD,0x28,0x3B,0x1F,0x68,0x7D,0xC7,0xEF,
    0xB8,0x0C,0xBF,0xC5,0x03,0x5F,0xEF,0x4F,0xC4,0x40,0xA0,0x7F,0xC9,0xF6,0xD7,0xED,
    0xC1,0x48,0xFE,0xAF,0xF8,0x38,0x05,0x6B,0xBA,0x97,0x78,0xB9,0x09,0x49,0x08,0x39,
    0xB6,0x61,0x28,0x90,0x26,0x50,0xF8,0xD7,0xEF,0x72,0xFA,0xF8,0x63,0x57,0x89,0xD7,
    0xF9,0x9D,0xC6,0xFD,0x2C,0x6E,0x1E,0xC8,0x22,0x75,0x01,0x14,0x7F,0xA8,0x3E,0x79,
    0xA7,0xBF,0x00,0xB9,0x6F,0x61,0x3F,0x81,0xC4,0x7C,0x52,0xF6,0xEC,0x1A,0x6C,0xAC,
    0x06,0x73,0x2F,0x66,0x3B,0x79,0xF9,0x57,0x20,0xBD,0xEE,0xC3,0xE6,0x7F,0x71,0x38,
    0x40,0x00,0x00,0x7A,0xD7,0x4F,0x7E,0x07,0x5B,0x01,0xB6,0x79,0x80,0xD7,0xDB,0xF8,
    0x15,0x48,0x80,0xF5,0x1F,0x7E,0x11,0xA4,0xFE,0xE8,0x90,0xFD,0xEC,0xFB,0x7F,0x01,
    0x8C,0xFF,0x1F,0x9A,0xFB,0xC0,0xA9,0xFC,0x5E,0x49,0x80,0x6C,0x6E,0x00,0xC7,0x4F,
    0x7E,0x5B,0xDC,0xFF,0x3E,0x23,0x7B,0x3A,0xEC,0xFC,0x97,0x30,0xFE,0x0B,0xAB,0x7F,
    0xAD,0x7A,0xFB,0x32,0xD3,0xFB,0xE4,0x92,0x79,0xF0,0x97,0xFA,0x92,0x3F,0x88,0x1E,
    0x21,0x89,0x18,0x37,0x40,0x00,0x00,0x44,0x40,0x04,0x5E,0xBC,0x37,0x11,0x7C,0x5F,
    0x17,0xC1,0xB1,0x2B,0x80,0xEE,0x24,0x31,0x1D,0x81,0x17,0xD8,0x0E,0x13,0xC0,0xCD,
    0x20,0x93,0x2C,0x4B,0x31,0xC4,0xB0,0xC4,0x4B,0x09,0xC4,0xA0,0x02,0x00,0x00,0x00,
    0x14,0x83,0x41,0x48,0x4A,0x12,0x05,0xA1,0x50,0x58,0x15,0x85,0xA1,0x28,0x50,0x10,
    0x85,0xC1,0x80,0x5E,0x17,0x04,0x41,0x38,0x48,0x11,0x86,0x01,0x98,0x5C,0x18,0x85,
    0x41,0x78,0x5A,0x19,0x81,0x61,0xF4,0xA7,0x82,0xDF,0x02,0xEF,0x91,0x84,0x8F,0xC1,
    0x4E,0x89,0x6C,0xF0,0xF8,0x3C,0xC0,0x83,0xE8,0x15,0x00,0x5A,0x7E,0xB9,0x3A,0x9C,
    0x74,0xFD,0xFB,0xF7,0xF7,0x88,0x95,0x29,0x28,0x22,0x3B,0x24,0xE7,0xC0,0x9F,0x81,
    0x6F,0xFB,0x33,0xF5,0x1C,0x97,0xC9,0x34,0x80,0x06,0xA0,0x52,0x3C,0xAD,0x80,0x03,
    0x8F,0xB1,0xD3,0x00,0x60,0x45,0xDD,0x07,0x46,0x1A,0x0B,0x80,0x00,0x20,0x19,0x00,
    0x00,0x00,0x00,0x00,0x00,0x00,0x20,0x00,0x01,0x00,0x7E,0xF9,0x04,0xFA,0x00,0x1E,
    0xBE,0x30,0xBE,0xFF,0xB6,0x00,0xB0,0x00,0x19,0x18,0x33,0x00,0x00,0x04,0x68,0x3A,
    0x49,0x61,0xBE,0x3A,0x8D,0xE3,0xE6,0xFE,0x3C,0xF5,0x30,0x00,0x00,0x01,0x21,0x62,
    0x61,0x5C,0xD1,0xBF,0x8A,0xD2,0x7F,0xC3,0x99,0x11,0x7A,0x43,0x17,0xC4,0xB1,0x7C,
    0x4A,0x05,0xA1,0x38,0x54,0x19,0x04,0xC1,0x88,0x0B,0xBF,0x80,0x01,0xD7,0x73,0xAA,
    0x29,0x0F,0xA1,0xF3,0xE0,0x7C,0xFE,0x2A,0xD3,0x00,0x3F,0x41,0x61,0x13,0x68,0x68,
    0x6B,0x09,0xE5,0x31,0x00,0x3F,0xFB,0x5B,0xFF,0x68,0x7F,0x23,0xFF,0x18,0x9B,0xCD,
    0x74,0xF9,0xEF,0xDB,0xFD,0xFC,0x00,0xB8,0xD6,0x74,0x25,0xEE,0xA8,0x13,0xC0,0x2D,
    0x31,0x00,0x01,0x8A,0x55,0x99,0xB4,0xCF,0xFF,0x62,0x70,0xDB,0xFA,0x51,0xE4,0x0C,
    0xB4,0x8D,0xCE,0x4F,0xFC,0x03,0xEF,0xD3,0xF2,0x00,0x9A,0xDC,0xB3,0xD3,0x00,0x3D,
    0x3F,0xB4,0x8D,0xA0,0x7D,0x2B,0xE6,0x48,0x12,0x00,0xFF,0x7C,0xD7,0xC0,0xE0,0xE6,
    0xF2,0xED,0x2A,0xE1,0xC4,0xA4,0x5F,0x57,0xF4,0x8F,0x01,0xB1,0x77,0x1B,0x11,0x73,
    0xA1,0x0D,0x65,0x76,0x48,0x12,0xFF,0xD2,0x52,0x44,0xDF,0x31,0xFF,0xE5,0x27,0xAD,
    0x27,0x83,0x1C,0x4A,0x7F,0x3E,0xAD,0x6B,0xFF,0xAA,0x83,0xEE,0x00,0xCF,0x44,0x0B,
    0xD3,0x00,0x40,0x41,0x29,0x87,0x1C,0x01,0x66,0x05,0x1C,0xC4,0x00,0x00,0x0B,0x2C,
    0x0B,0x25,0x21,0x0F,0x76,0xE6,0x0A,0x19,0x7D,0xCA,0x36,0xDD,0xD9,0x06,0x00,0x75,
    0xE9,0x8F,0x17,0xB0,0xF9,0x5D,0xD6,0xEF,0x88,0xE6,0x2F,0xF9,0x29,0xAA,0xE1,0x6B,
    0x97,0xFD,0x08,0x28,0x9F,0x46,0x2C,0xE5,0x63,0xA2,0xEC,0x01,0x72,0xFF,0xFB,0xD5,
    0x01,0xE0,0x78,0x9D,0xA7,0x4C,0xD3,0x00,0x3D,0x3F,0xB7,0x4D,0xA0,0x7D,0xC7,0x11,
    0x48,0x11,0x00,0xFF,0xF6,0xB0,0xFF,0x44,0x11,0xFF,0xB9,0x30,0xB3,0x19,0x05,0x46,
    0xAB,0xFF,0x31,0x01,0x53,0xB1,0xD7,0x04,0x63,0xA1,0x0E,0x06,0xFE,0x48,0x11,0xFF,
    0xF1,0x29,0xEC,0xB8,0x77,0xFF,0xDE,0x27,0xC6,0x03,0x6C,0x2B,0x36,0x62,0xC8,0xF6,
    0xD7,0xFF,0xA5,0x3F,0xEA,0x00,0x68,0x04,0xF8,0xD3,0x00,0x3D,0x3F,0xB2,0xCD,0xA0,
    0x7C,0xD0,0x0E,0x48,0x11,0x00,0xFF,0x7C,0xE1,0x31,0x38,0x0E,0xF3,0xB6,0x2E,0x23,
    0x00,0x0D,0x0E,0x26,0xF4,0xF1,0x00,0x75,0xBC,0x47,0x0F,0x29,0xA1,0x0E,0x1D,0x09,
    0x48,0x11,0x00,0x11,0x53,0x91,0x36,0x4B,0x00,0x11,0x27,0x55,0x19,0xBB,0x1E,0x7A,
    0x8A,0x49,0xC0,0x31,0xFF,0xA8,0x0A,0xED,0x00,0xE2,0xAA,0xBF,0xD3,0x00,0x13,0x3E,
    0xDD,0x07,0x03,0xBA,0xEF,0x51,0x7F,0x86,0x8A,0x37,0x03,0x1D,0x00,0x09,0x7B,0xA5,
    0xFC,0xDE,0x18,0xDB,0x8A,0xD3,0x00,0xEA,0x43,0x5D,0x07,0x46,0x1A,0x1B,0x22,0x00,
    0x20,0x05,0x15,0x29,0x86,0x00,0x00,0x00,0x00,0x20,0x00,0x01,0x00,0x57,0x5D,0xF6,
    0x8A,0xAC,0x9C,0x84,0x86,0x96,0x92,0xA2,0xA6,0x94,0xA0,0x00,0x00,0x00,0x00,0x00,
    0x16,0x13,0xD8,0xBD,0x59,0x10,0xFD,0xF9,0x61,0x57,0x23,0xA9,0xBE,0xE2,0x01,0xEE,
    0x0D,0x18,0x4E,0x00,0x2E,0xFD,0xAB,0xED,0xF0,0x32,0x7E,0xFC,0xFA,0x52,0x0C,0xA8,
    0x1C,0x23,0x58,0x3D,0xBD,0xA8,0xC4,0xC6,0x3E,0x50,0x9D,0x9C,0x96,0xE3,0xD8,0xCB,
    0x46,0x6E,0xFA,0x67,0xBE,0x5D,0x40,0x63,0x8D,0xCF,0x19,0x37,0x00,0x62,0x78,0xE6,
    0xD3,0xA7,0x8A,0x6E,0xA2,0x95,0xCE,0x2C,0x0C,0x00,0xDE,0xA7,0x70,0x00,0x00,0x01,
    0x1B,0x9B,0x21,0x56,0xFA,0xDF,0x81,0xC2,0x3F,0x92,0x95,0x21,0xAD,0x87,0x41,0xF4,
    0x0D,0x3F,0x7D,0xCC,0x3E,0x35,0x14,0x5E,0xA8,0xCA,0x01,0x92,0xD3,0x81,0xEE,0xE4,
    0x3E,0x19,0x94,0xC0,0xB1,0x2E,0x20,0xE0,0xC4,0x91,0x78,0x01,0x17,0xD8,0x13,0x34,
    0x97,0x10,0xC4,0xB4,0x03,0xC5,0x60,0x29,0x4C,0xFC,0x5F,0x25,0x39,0x28,0x00,0x17,
    0x03,0xA1,0x60,0x5C,0x17,0x85,0xE1,0x68,0x62,0x17,0x04,0xA1,0x50,0x42,0x13,0x05,
    0xA1,0x50,0x5A,0x1E,0x02,0x00,0xA8,0xF9,0xBD,0xF0,0x8B,0xD6,0x97,0xBA,0x88,0xBD,
    0xB1,0x6C,0x80,0xE3,0xFA,0xA7,0x78,0x01,0xDA,0xD5,0xB9,0x70,0x6B,0xF7,0x16,0x1E,
    0x5D,0xC0,0xE0,0xFA,0x5C,0xD3,0x00,0xDC,0x44,0x9D,0x07,0x46,0x1A,0x1B,0x22,0x00,
    0x20,0x0C,0x78,0x10,0x00,0x08,0x00,0x00,0x00,0x20,0x00,0x01,0x00,0x7F,0xFF,0xA7,
    0x2F,0xA8,0x28,0xA5,0xAC,0x2F,0x29,0x00,0x00,0x00,0x00,0x60,0x44,0xDD,0x73,0xC7,
    0xBF,0x2C,0x0D,0xD3,0x37,0x01,0x67,0xEF,0x67,0xD8,0xC0,0xB5,0x80,0xCE,0x0F,0xD0,
    0x40,0xFF,0x44,0x06,0x94,0x98,0x66,0xB7,0x87,0x95,0xB0,0x93,0xC7,0xFD,0xFE,0xCF,
    0xE1,0xFE,0x62,0x45,0x56,0x22,0x5F,0xE4,0x97,0xD6,0x3F,0xB7,0x90,0xCC,0xC9,0x0A,
    0x5A,0x86,0x53,0xD8,0x6B,0x95,0x66,0xCE,0x3E,0x77,0x52,0x40,0x00,0x00,0x02,0x75,
    0xB6,0xC0,0x00,0x00,0x40,0x00,0x00,0x40,0x00,0x00,0x00,0xB2,0x54,0x40,0x00,0x00,
    0x79,0x44,0xC5,0xC0,0x00,0x00,0x79,0xC0,0x01,0xC0,0x00,0x00,0x04,0x98,0x7D,0xC0,
    0x00,0x00,0x02,0x7F,0x1B,0x40,0x00,0x00,0x7A,0xA5,0x34,0x00,0x11,0x28,0x00,0x00,
    0x00,0x11,0x28,0x01,0x12,0x80,0x11,0x28,0x01,0x60,0x00,0x09,0x28,0x00,0xD5,0x80,
    0x00,0x56,0x18,0x83,0x00,0xC0,0x5A,0x17,0x85,0x81,0x78,0x52,0x16,0x85,0x01,0x48,
    0x3E,0x11,0x05,0x81,0x90,0x74,0x89,0xE8,0x05,0xDE,0xC3,0xAA,0x8F,0xC3,0x7F,0x97,
    0xFB,0x5E,0x36,0x81,0x06,0x26,0x0C,0x47,0xF7,0x7B,0xF4,0x27,0xB5,0x4F,0x87,0x00,
    0xCE,0x01,0xA1,0x80,0xBC,0x5F,0xB6,0xD3,0x01,0x92,0x46,0x7D,0x07,0x46,0x19,0x40,
    0x62,0x00,0x20,0x03,0xE6,0x80,0xFA,0xC3,0x40,0x00,0x00,0x20,0x00,0x01,0x00,0x55,
    0x55,0x7B,0xFF,0xFF,0x03,0x12,0xF1,0x0B,0x0C,0xF2,0xA3,0x00,0xAA,0xAE,0xB2,0x96,
    0x96,0xAC,0xAC,0x98,0xF0,0xFC,0x94,0x00,0x00,0x00,0x00,0x00,0x00,0x00,0x00,0x00,
    0x1C,0xCB,0x3C,0x68,0x41,0xDF,0x2D,0xE8,0xAB,0x55,0xB0,0xCB,0xCC,0x17,0xBC,0x16,
    0x9E,0x26,0xAA,0xA3,0x84,0x3D,0x25,0x2F,0x7D,0x8C,0x08,0xCF,0xF7,0xBF,0x70,0x02,
    0x81,0xFD,0x28,0x3B,0x1F,0x68,0x7D,0xC7,0xEF,0xB8,0x0C,0xBF,0xC5,0x03,0x5F,0xEF,
    0x4F,0xC4,0x40,0xA0,0x7F,0xC9,0xF6,0xD7,0xED,0xDE,0x7F,0xFC,0x03,0xCA,0xC7,0x48,
    0xCB,0xE1,0xFB,0x63,0xCB,0x25,0xBE,0x9B,0xA2,0x0C,0x5D,0xFE,0x98,0x3E,0xA3,0x25,
    0xE3,0x9D,0x01,0x98,0xAA,0x1A,0xA6,0x23,0xE6,0x26,0x57,0x45,0xC5,0x0D,0xB7,0x81,
    0x0C,0x17,0xCD,0x04,0x15,0x76,0x41,0x2F,0xBC,0x1D,0xBC,0xE1,0xB8,0x4F,0xF7,0xF3,
    0x60,0x8D,0x21,0xA2,0x07,0xD9,0x9C,0xCB,0x9B,0xB7,0x19,0x80,0x41,0xFD,0xE2,0xA0,
    0x30,0xD3,0xF9,0x07,0xF3,0x00,0x00,0x00,0x1C,0xC2,0xB5,0xF9,0x0F,0x84,0x0C,0xD1,
    0x79,0xEF,0x68,0xFC,0x07,0x7A,0x60,0x01,0x41,0x15,0xF9,0xFE,0xBD,0xFD,0x5A,0x3C,
    0x05,0xBF,0x70,0x0A,0x11,0x62,0x12,0x79,0x2C,0x15,0x16,0x40,0x17,0x8C,0x9D,0xDF,
    0xD4,0x11,0xE1,0x3F,0x92,0x04,0x82,0x46,0x08,0x0A,0xF4,0x04,0x72,0xE2,0x09,0xE3,
    0xFD,0xFE,0x10,0xBA,0x04,0x97,0xE5,0xE6,0x93,0xDD,0xE9,0x5A,0xE7,0xE7,0x84,0xB1,
    0xEA,0x0B,0x8C,0x00,0x7C,0x4E,0x04,0x64,0xBD,0x11,0x00,0x11,0x7A,0xF2,0xDC,0x45,
    0xF1,0x7C,0x5F,0x06,0xC4,0xAE,0x03,0xB8,0x92,0xC4,0x76,0x04,0x5F,0x60,0x38,0x4F,
    0x03,0x36,0x86,0x4C,0xB1,0x2C,0xC7,0x12,0xC3,0x11,0x2C,0x27,0x12,0xA0,0x00,0x00,
    0x02,0x90,0x68,0x29,0x09,0x82,0x30,0xB4,0x29,0x0A,0xC2,0xC0,0xB4,0x25,0x0A,0x02,
    0x10,0xBC,0x30,0x0B,0xC2,0xD0,0x88,0x27,0x09,0x02,0x30,0xC0,0x32,0x0B,0x83,0x00,
    0xA8,0x2E,0x0B,0x03,0x30,0xE4,0x06,0x36,0x08,0x50,0xB7,0x3E,0x30,0xA2,0xBD,0x3D,
    0xBE,0x23,0x6D,0x51,0x10,0x0E,0x1D,0xDB,0xB5,0x37,0x66,0x9E,0x48,0x3B,0x43,0xB6,
    0x8C,0x76,0x52,0xE9,0xB8,0x21,0xFC,0x45,0xE0,0x73,0x00,0xAA,0x7D,0xE5,0x7B,0x43,
    0x70,0xF1,0xE2,0x76,0x1F,0x44,0x3F,0xF7,0x78,0xBE,0xE3,0xE0,0xCA,0x17,0xA8,0xD3,
    0x00,0x60,0x45,0xDD,0x07,0x46,0x1A,0x1B,0x20,0x00,0x20,0x19,0x00,0x00,0x00,0x00,
    0x00,0x00,0x00,0x20,0x00,0x01,0x00,0x7E,0xF9,0x04,0xFA,0x00,0x1E,0xB6,0x30,0xBE,
    0xFF,0xB6,0x00,0xA8,0x00,0x07,0x16,0x05,0x00,0x00,0x05,0x9C,0xCC,0x5C,0x0E,0x9E,
    0x35,0xA5,0xE3,0xDE,0xC1,0xBB,0x68,0x10,0x00,0x00,0x01,0x6C,0x17,0x21,0xA7,0x8B,
    0x5F,0x8A,0xE8,0xDF,0xC3,0xB5,0x31,0x7A,0x4B,0x17,0xC4,0xB1,0x7C,0x4A,0x05,0xA1,
    0x38,0x54,0x18,0x84,0xC1,0x80,0x01,0x91,0x80,0x00,0x39,0x28,0x82,0x58,0x74,0xF0,
    0x7E,0xC0,0x21,0x03,0x5B,0xD3,0x00,0x3D,0x3F,0xB3,0x4D,0xA0,0x40,0x57,0x2C,0x48,
    0x12,0x00,0x00,0x2E,0x45,0xF8,0x18,0x2C,0xFE,0x9C,0x33,0x6B,0x07,0x67,0xA3,0x13,
    0xFE,0xA5,0x03,0x9A,0x2C,0x4B,0x0B,0xD1,0xA1,0x0D,0x4C,0xDB,0x48,0x12,0xFF,0xF2,
    0xAC,0x76,0x6B,0x87,0x00,0x22,0x27,0x80,0xD8,0xA9,0x22,0xCF,0x24,0xFD,0xDE,0xA1,
    0xFF,0xA6,0x29,0xE8,0x00,0xFE,0x94,0x0E,0xD3,0x00,0x3D,0x41,0x47,0x48,0x12,0x00,
    0x00,0x00,0x00,0x01,0xC5,0x97,0x4A,0x88,0x00,0x00,0xE1,0x16,0xF0,0x2F,0x9B,0x1C,
    0x00,0x34,0x5F,0x80,0x7E,0x03,0x2B,0xAE,0xD5,0xBD,0x20,0x4B,0xF2,0x43,0x6B,0xC7,
    0x56,0xEF,0xF5,0x00,0x00,0x1A,0x64,0xD7,0x1D,0xA2,0xD0,0xB7,0xB5,0x24,0x00,0x2F,
    0x1C,0x00,0x08,0xDA,0x10,0x3D,0x06,0x50,0xBE,0xF7,0xF4,0xD3,0x00,0x3D,0x3F,0xB1,
    0xCD,0xA0,0x7D,0xAE,0x2B,0x48,0x12,0x00,0xFF,0xA7,0x14,0x01,0x88,0x2B,0xFD,0xE6,
    0x33,0xEB,0xA3,0x04,0x5B,0xD4,0xFD,0x96,0x08,0xEA,0x68,0xAC,0x14,0x4F,0xA1,0x0D,
    0xF5,0xD6,0x48,0x12,0x00,0x76,0xD1,0x9A,0xA6,0x13,0xFF,0xD7,0x26,0xB5,0x67,0x2D,
    0x16,0x9A,0xA6,0xCB,0x45,0x19,0xFF,0xAA,0x53,0xE8,0x00,0xE9,0xF6,0x33,0xD3,0x00,
    0x3D,0x3F,0xB6,0x0D,0xA0,0x7C,0x7E,0x17,0x48,0x12,0x00,0xFF,0x8D,0xE2,0x97,0x00,
    0x17,0xFE,0xC8,0x39,0x94,0xCA,0x05,0xF0,0x62,0xFF,0x37,0x07,0x23,0x89,0x64,0x12,
    0x2F,0xA1,0x0D,0x2B,0xD6,0x48,0x12,0x00,0xB6,0xCD,0xE5,0x69,0xCA,0x00,0x4A,0x26,
    0x09,0xB5,0x0D,0x18,0x42,0x24,0x8B,0x2F,0x64,0xFF,0xA6,0x0E,0x06,0x00,0xA7,0x8C,
    0xF7,0xD3,0x00,0x3F,0x41,0x69,0x13,0x68,0x68,0x6B,0xEE,0x15,0x31,0x00,0x3F,0xFC,
    0xE3,0xFF,0xB5,0x7D,0x97,0xB7,0x74,0x68,0x44,0x80,0xC4,0x6F,0x43,0xC6,0xF8,0x00,
    0x76,0xA1,0x80,0x40,0x06,0xA8,0x13,0x6B,0x65,0x31,0x0F,0xFF,0x44,0xFF,0x12,0x81,
    0x0F,0xFE,0xF2,0x8B,0x81,0x3F,0xF1,0x8C,0xF1,0xE7,0xFC,0x7E,0x7F,0xFC,0x5E,0x00,
    0x6C,0x1F,0x00,0x3C,0x9A,0xFD,0xD3,0x00,0x13,0x3E,0xDD,0x07,0x03,0xBA,0xEF,0x51,
    0x7D,0xD3,0x8A,0x37,0x03,0x1C,0xC0,0x09,0x7B,0xA5,0xFE,0x05,0x08,0x18,0xF8,0xD3,
    0x00,0xEA,0x43,0x5D,0x07,0x46,0x1A,0x2A,0xC2,0x00,0x20,0x05,0x15,0x29,0x86,0x00,
    0x00,0x00,0x00,0x20,0x00,0x01,0x00,0x57,0x5D,0xF6,0x8A,0xAC,0x9C,0x84,0x86,0x96,
    0x92,0xA2,0xA6,0x94,0xA0,0x00,0x00,0x00,0x00,0x00,0x16,0x1B,0xDA,0xBE,0x59,0x10,
    0xF5,0xF5,0x61,0xD6,0xE3,0x99,0xC0,0xE2,0x81,0xEE,0x0D,0x18,0x4E,0x00,0x2E,0xFD,
    0xAB,0xED,0xF0,0x32,0x7E,0xFC,0xFA,0x50,0x0C,0xA8,0x1C,0x20,0xCF,0x5A,0x2D,0x0D,
    0x06,0xDA,0xF2,0x72,0x0B,0xE1,0xA9,0xD1,0xD3,0x28,0x66,0xD8,0xE6,0x6E,0x93,0xC3,
    0x44,0xB7,0xC7,0x87,0xDC,0xD6,0x77,0xE6,0x81,0xFF,0x0F,0x95,0xED,0x9D,0xFE,0xE5,
    0x45,0xF0,0x7A,0xA0,0x3D,0xA4,0x50,0x00,0x00,0x01,0xA1,0x37,0x41,0xDC,0x96,0xE0,
    0xC5,0xFA,0x9F,0x7B,0xD5,0xE1,0xC8,0x9D,0xE2,0x0F,0x22,0x80,0xFF,0x4C,0x5F,0x1C,
    0xB8,0xBF,0x90,0x72,0x7F,0xA2,0x24,0x7F,0xFE,0x2C,0x9F,0xA3,0x09,0x1F,0xC2,0xD6,
    0x7F,0xF2,0x6B,0x11,0x78,0x01,0x17,0xD8,0x13,0x34,0x97,0x10,0xC4,0xB4,0x03,0xC5,
    0x60,0x29,0x8C,0xFC,0x5F,0x25,0x39,0x28,0x00,0x17,0x03,0x61,0x58,0x5C,0x17,0x86,
    0x01,0x70,0x62,0x17,0x04,0x81,0x50,0x42,0x13,0x85,0xC1,0x50,0x5A,0x1C,0x5A,0x7C,
    0xD9,0xF0,0x24,0xE2,0x63,0xC4,0x03,0x91,0x60,0x43,0xD0,0x72,0x1E,0xFC,0xB7,0x55,
    0xEE,0x49,0x18,0xBC,0x36,0x64,0x36,0xF6,0xD3,0xBD,0x9F,0xA0,0x22,0xBA,0x9B,0xD3,
    0x00,0xDC,0x44,0x9D,0x07,0x46,0x1A,0x2A,0xC2,0x00,0x20,0x0C,0x78,0x10,0x00,0x08,
    0x00,0x00,0x00,0x20,0x00,0x01,0x00,0x7F,0xFF,0xA7,0x2F,0xA8,0x28,0xA5,0xAC,0x2F,
    0x29,0x00,0x00,0x00,0x00,0x60,0x64,0xCD,0x71,0xC8,0x3F,0x2C,0x1D,0xD7,0x36,0x01,
    0x67,0xEF,0x67,0xD8,0xC0,0xB5,0x00,0xCE,0x0F,0xD0,0x40,0xFF,0x44,0x6D,0x87,0xAE,
    0xD7,0xAE,0x13,0x33,0x31,0x4E,0x99,0xF9,0x47,0x67,0x97,0x43,0x71,0x83,0xD7,0x16,
    0x67,0x7B,0x38,0x37,0xA8,0x56,0x7F,0x82,0xFF,0xF3,0xAA,0x77,0xC9,0x27,0x81,0xB1,
    0x14,0xA3,0x79,0x54,0x38,0xC0,0x00,0x00,0x7C,0x39,0x18,0xC0,0x00,0x00,0x40,0x00,
    0x00,0x40,0x00,0x00,0x7F,0x87,0x15,0xC0,0x00,0x00,0x7D,0x13,0xD4,0x40,0x00,0x00,
    0x7F,0x62,0x7A,0x40,0x00,0x00,0x00,0x3D,0xEA,0xC0,0x00,0x00,0x7E,0xD9,0x4D,0x40,
    0x00,0x00,0x06,0x18,0xC1,0x80,0x11,0x28,0x00,0x00,0x00,0x11,0x28,0x01,0x12,0x80,
    0x11,0x28,0x01,0x60,0x00,0x09,0x48,0x00,0xD5,0x80,0x00,0x56,0x18,0x82,0xE0,0xB8,
    0x5A,0x17,0x05,0xA1,0x78,0x52,0x16,0x85,0x01,0x48,0x3C,0x10,0x85,0x81,0x88,0x6E,
    0xBF,0xDB,0x61,0xC6,0x2B,0x38,0x8F,0x6A,0x8E,0xC1,0x83,0xC1,0x07,0x10,0x00,0x9E,
    0x00,0x65,0xDD,0x9B,0xB2,0x7F,0x44,0xEE,0x68,0x7F,0x1D,0x7D,0xB7,0x80,0x2B,0xD5,
    0x0F,0xD3,0x01,0x92,0x46,0x7D,0x07,0x46,0x19,0x50,0x02,0x00,0x20,0x03,0xE6,0x80,
    0xFA,0xC3,0x40,0x00,0x00,0x20,0x00,0x01,0x00,0x55,0x55,0x7B,0xFF,0xFF,0x03,0x12,
    0xF1,0x0B,0x0C,0xF2,0xA3,0x00,0xAA,0xAE,0xB2,0x96,0x96,0xAC,0xAC,0x98,0xF0,0xFC,
    0x94,0x00,0x00,0x00,0x00,0x00,0x00,0x00,0x00,0x00,0x1C,0xC3,0x3E,0x68,0x41,0xBF,
    0x35,0xE6,0xAC,0x55,0x90,0xC3,0xC8,0x18,0x3C,0x16,0xA6,0x22,0xA9,0xA3,0xA4,0x3D,
    0x23,0x2E,0xFD,0x8A,0x08,0xCF,0xF7,0xBF,0x6F,0x82,0x81,0xFD,0x20,0x3B,0x1F,0x67,
    0xFD,0xC7,0xEF,0xB8,0x0C,0x9F,0xC4,0x83,0x5F,0xEF,0x4F,0xC4,0x40,0xA0,0x7F,0xC7,
    0xF6,0xD7,0xED,0xDD,0x4C,0x85,0xF9,0x73,0x03,0xA3,0x4B,0xE5,0xED,0xA5,0x4A,0x7C,
    0x6E,0x91,0x1B,0xD4,0x4F,0xF4,0x1B,0x3F,0x10,0x2F,0xEA,0x7D,0x45,0x17,0xE4,0x52,
    0xD8,0x59,0x64,0x81,0xEF,0xBB,0x9E,0x94,0x97,0xF9,0x80,0xBF,0x56,0x42,0x42,0x17,
    0x83,0xF5,0x2C,0x7B,0x0F,0x07,0x9A,0xDC,0x0F,0xA2,0x82,0x05,0xA3,0x89,0x2A,0x38,
    0x0E,0x75,0x9A,0x0F,0xB9,0x71,0x44,0x7D,0x07,0xE8,0x32,0x0D,0xF4,0x49,0xCB,0x00,
    0x00,0x00,0x0E,0x25,0x6D,0xF9,0xFF,0x3E,0x12,0xC5,0xF2,0x1B,0x70,0x27,0xEE,0x9D,
    0xB3,0xFE,0xAC,0x63,0xFB,0xB8,0x79,0xFF,0x14,0x1A,0x13,0xC7,0xEC,0x18,0x1A,0x6B,
    0xE8,0x77,0x55,0xFB,0x2D,0x9D,0xFD,0xA4,0x0B,0xFD,0xF8,0x65,0xFF,0x64,0x2A,0x0F,
    0x95,0xC4,0x13,0x1E,0x38,0x1B,0xF9,0x2E,0x21,0x6A,0x6A,0x03,0xF2,0x58,0x0A,0x79,
    0x97,0xE0,0x5A,0x7F,0xE3,0x21,0x93,0xE7,0x46,0x69,0xE9,0xCD,0x28,0x20,0x81,0x10,
    0x24,0x69,0xA7,0x11,0x00,0x11,0x7A,0xF4,0xDC,0xC5,0xF1,0x7C,0x5F,0x06,0xC4,0xAE,
    0x03,0xB8,0x94,0xC4,0x76,0x04,0x5F,0x60,0x38,0x4F,0x03,0x36,0x8A,0x4C,0xB1,0x2C,
    0xC7,0x12,0xC3,0x11,0x2C,0x27,0x12,0xA0,0x00,0x00,0x02,0x90,0x64,0x29,0x09,0x82,
    0x30,0xB4,0x29,0x0B,0x02,0xC0,0xB4,0x25,0x0A,0x02,0x10,0xB8,0x30,0x0B,0xC2,0xD0,
    0x8C,0x26,0x09,0x02,0x30,0xC0,0x32,0x0B,0x83,0x00,0xA4,0x2E,0x0B,0x03,0x20,0x1E,
    0xD1,0xED,0x1C,0x03,0x60,0xD4,0xBF,0x3D,0x84,0xB7,0x39,0x4F,0x0B,0x3A,0x00,0xBA,
    0x01,0x93,0x83,0xEE,0xDD,0x32,0x53,0xE3,0x9C,0x87,0x4B,0xED,0x27,0xDD,0xD6,0x13,
    0x54,0x07,0x47,0xC0,0x7F,0xBC,0x5B,0x5B,0x37,0x58,0x90,0x58,0x1E,0xAA,0x04,0xA3,
    0xFE,0x46,0xEE,0x2E,0x01,0xA0,0x75,0xBF,0x5A,0xD3,0x00,0x60,0x45,0xDD,0x07,0x46,
    0x1A,0x2A,0xC0,0x00,0x20,0x19,0x00,0x00,0x00,0x00,0x00,0x00,0x00,0x20,0x00,0x01,
    0x00,0x7E,0xF9,0x04,0xFA,0x00,0x1E,0xB6,0x30,0xBE,0xFF,0xB6,0x00,0xA8,0x00,0x05,
    0x19,0x93,0x00,0x00,0x06,0xD1,0xFA,0x6E,0xA9,0xFE,0x34,0x47,0xE3,0xE0,0x41,0x39,
    0xC6,0x10,0x00,0x00,0x01,0xB6,0xA2,0xE1,0xF2,0x18,0x7F,0x8A,0xDF,0x3F,0xC3,0xAE,
    0x51,0x7A,0x53,0x17,0xC4,0xB1,0x7C,0x4A,0x05,0xA1,0x30,0x54,0x18,0x84,0xC1,0x80,
    0x77,0xF9,0x80,0x00,0x12,0xCC,0x37,0x9F,0x84,0x2F,0x53,0xE0,0xBC,0x2B,0x0E,0xD3,
    0x00,0x40,0x41,0x21,0xC7,0x1C,0x00,0xBD,0x05,0x1C,0xC4,0x00,0x3F,0x01,0x6C,0xE9,
    0xAF,0x91,0x01,0x10,0x0C,0x28,0x62,0x1C,0x0E,0x5F,0x62,0x4A,0xC8,0x80,0xB3,0xBA,
    0x11,0x79,0x2C,0xD9,0x5D,0xDA,0x35,0x88,0xE6,0x20,0x06,0x88,0x4A,0x83,0x2A,0x03,
    0xFF,0x7C,0x23,0x43,0x97,0x82,0x18,0x6C,0x23,0x47,0x65,0x0D,0xFF,0xF8,0xC4,0x09,
    0x70,0x20,0xAF,0x56,0x4E,0xD3,0x00,0x40,0x41,0x24,0x07,0x1C,0x1C,0x25,0x85,0x1C,
    0xC4,0x00,0x3F,0xC2,0x2E,0x05,0xB6,0xCA,0x07,0xB7,0xFC,0x1E,0xBA,0x95,0x27,0x36,
    0xBB,0xED,0xFD,0x81,0x8D,0x2E,0xFA,0x0C,0x11,0xF9,0x5D,0xC1,0xED,0x08,0xE6,0x20,
    0x00,0x03,0x09,0xE9,0xD1,0xF4,0x01,0xB7,0x27,0x25,0x56,0x80,0xF8,0xE2,0xA9,0x01,
    0xDC,0x6A,0x7F,0xFA,0xDA,0xFE,0x50,0xBC,0xC1,0x0D,0x4A,0xD3,0x00,0x40,0x41,0x27,
    0x07,0x1C,0x1D,0xBA,0x85,0x1C,0xC4,0x00,0x00,0x12,0xBC,0x0F,0x15,0x85,0x0F,0xDA,
    0x40,0x56,0x21,0xE6,0x2B,0x2A,0x47,0xEF,0x50,0x80,0x05,0x4F,0x8B,0x82,0xE9,0xD4,
    0xA2,0xA1,0xBE,0xA8,0xE6,0x2F,0xFF,0x88,0xE6,0xFD,0x44,0x4F,0xFF,0xFD,0x27,0x35,
    0xF5,0x12,0x13,0x38,0x5D,0xD9,0xE8,0x27,0x3F,0xEC,0x8C,0xFD,0xCF,0x70,0xEA,0x02,
    0x59,0xD3,0x00,0x40,0x41,0x21,0x87,0x1C,0x1C,0x28,0x85,0x1C,0xC4,0x00,0x00,0x1D,
    0x10,0xE8,0xA6,0x9A,0x07,0xB6,0xBA,0x20,0xC0,0xCA,0x09,0x22,0x05,0xED,0x96,0x80,
    0xF7,0xDF,0x9B,0x0C,0x3F,0x99,0x5C,0xF5,0x79,0x68,0xE6,0x20,0x00,0x8B,0x0A,0xF5,
    0xA5,0xD4,0x01,0xDD,0x26,0x86,0xA4,0x67,0xF8,0x12,0xE1,0xCC,0x6F,0xB4,0x3F,0xFA,
    0xB5,0x45,0x9F,0xC8,0xF5,0xFA,0x43,0xD3,0x00,0x40,0x41,0x22,0x87,0x1C,0x00,0xEC,
    0x05,0x1C,0xC4,0x00,0x3F,0xD0,0xFE,0xF4,0xC8,0x20,0x00,0xFF,0x04,0x29,0x89,0xEF,
    0x60,0x9C,0xF8,0x46,0xAF,0x82,0x55,0x86,0xFB,0xF9,0xC5,0xD9,0x5D,0x02,0x52,0x68,
    0xE6,0x20,0x07,0x60,0x49,0x8C,0x6E,0x6B,0xFF,0x73,0x23,0x5A,0x18,0x53,0x17,0x83,
    0x66,0xC0,0x67,0xC3,0x3F,0xF8,0xB6,0x84,0x10,0x74,0xE3,0x33,0x51,
};

uint32_t base_rtcm_sample_len(void)
{
    return sizeof(base_rtcm_sample);
}

uint32_t rover_rtcm_sample_len(void)
{
    return sizeof(rover_rtcm_sample);
}
